"Date","Price","Open","High","Low","Vol.","Change %"
"05/29/2026","436.01","433.38","437.88","421.58","174.22K","-0.75%"
"05/28/2026","439.32","393.59","448.35","393.45","1.73M","12.27%"
"05/27/2026","391.32","384.00","392.51","374.00","1.05M","1.56%"
"05/26/2026","385.30","391.07","400.63","379.00","1.31M","-0.18%"
"05/22/2026","386.00","392.00","400.00","384.05","1.32M","-0.99%"
"05/21/2026","389.84","393.19","395.13","380.43","1.10M","-2.16%"
"05/20/2026","398.44","389.44","402.52","383.10","963.86K","1.55%"
"05/19/2026","392.34","398.44","402.03","382.00","789.58K","-1.76%"
"05/18/2026","399.37","393.72","414.50","391.48","1.07M","1.91%"
"05/15/2026","391.88","385.66","403.52","385.55","1.04M","0.95%"
"05/14/2026","388.19","377.25","394.89","366.00","893.58K","3.02%"
"05/13/2026","376.82","389.23","393.99","367.01","1.34M","-4.28%"
"05/12/2026","393.66","398.24","409.21","389.01","1.05M","-0.18%"
"05/11/2026","394.36","394.20","400.18","379.19","1.40M","-2.27%"
"05/08/2026","403.54","431.49","432.76","392.56","1.75M","-5.47%"
"05/07/2026","426.89","408.40","438.97","385.78","2.56M","10.63%"
"05/06/2026","385.86","384.48","387.68","369.43","2.25M","1.38%"
"05/05/2026","380.60","396.14","396.84","370.45","1.54M","-3.34%"
"05/04/2026","393.75","403.00","413.66","393.71","855.49K","-2.13%"
"05/01/2026","402.31","408.76","413.95","398.38","605.88K","0.14%"
"04/30/2026","401.76","399.90","403.21","392.00","868.55K","0.30%"
"04/29/2026","400.54","404.50","406.31","380.33","1.19M","-1.42%"
"04/28/2026","406.31","402.59","412.00","398.42","770.91K","0.92%"
"04/27/2026","402.59","395.52","408.23","395.20","764.51K","1.38%"
"04/24/2026","397.12","394.12","398.57","383.71","824.54K","1.14%"
"04/23/2026","392.64","397.10","399.41","376.28","1.27M","-2.61%"
"04/22/2026","403.15","409.88","414.00","394.01","897.82K","-0.44%"
"04/21/2026","404.92","398.63","410.04","391.24","816.51K","0.29%"
"04/20/2026","403.75","397.85","404.68","394.82","485.17K","0.22%"
"04/17/2026","402.85","405.00","410.39","400.04","940.42K","2.49%"
"04/16/2026","393.08","413.01","414.21","392.69","1.09M","-2.26%"
"04/15/2026","402.18","390.58","404.15","383.34","1.16M","5.60%"
"04/14/2026","380.86","371.44","383.87","369.72","1.53M","5.90%"
"04/13/2026","359.63","345.89","364.88","342.60","1.54M","3.96%"
"04/10/2026","345.94","356.27","360.46","339.01","1.70M","-1.53%"
"04/09/2026","351.33","386.51","387.08","347.28","2.12M","-10.27%"
"04/08/2026","391.53","400.95","412.83","385.05","1.63M","5.00%"
"04/07/2026","372.87","409.91","411.48","362.73","2.13M","-9.73%"
"04/06/2026","413.07","411.07","420.64","410.00","616.50K","0.06%"
"04/02/2026","412.81","415.02","422.61","403.03","1.07M","-2.54%"
"04/01/2026","423.57","432.52","439.51","422.04","679.14K","-0.26%"
"03/31/2026","424.69","419.15","434.20","413.56","817.84K","2.32%"
"03/30/2026","415.07","430.00","437.58","412.15","1.00M","-3.46%"
"03/27/2026","429.94","445.01","449.10","428.50","864.40K","-4.56%"
"03/26/2026","450.46","448.21","467.82","445.00","767.96K","-2.11%"
"03/25/2026","460.15","463.28","472.68","453.24","949.23K","0.78%"
"03/24/2026","456.60","501.47","502.15","448.11","1.18M","-9.99%"
"03/23/2026","507.28","503.00","513.96","496.48","564.41K","2.22%"
"03/20/2026","496.27","502.18","505.64","488.05","1.00M","-1.18%"
"03/19/2026","502.18","505.79","505.96","491.01","515.87K","-1.23%"
"03/18/2026","508.41","502.07","516.43","501.99","520.04K","0.36%"
"03/17/2026","506.57","490.00","512.15","489.83","714.93K","3.46%"
"03/16/2026","489.64","497.64","500.94","484.43","868.42K","-1.32%"
"03/13/2026","496.18","506.12","508.40","492.73","551.92K","-0.64%"
"03/12/2026","499.40","514.99","516.24","490.02","1.04M","-3.51%"
"03/11/2026","517.57","528.10","535.00","512.82","564.92K","-2.34%"
"03/10/2026","529.97","556.29","559.34","528.34","797.61K","-5.20%"
"03/09/2026","559.06","565.51","577.53","546.17","792.42K","-2.60%"
"03/06/2026","574.01","566.00","581.00","559.37","653.70K","0.62%"
"03/05/2026","570.49","566.93","580.21","557.36","738.80K","0.12%"
"03/04/2026","569.81","573.17","580.33","563.69","784.29K","-1.60%"
"03/03/2026","579.09","569.14","588.38","552.21","1.19M","1.24%"
"03/02/2026","572.02","548.16","577.32","543.00","1.32M","5.46%"
"02/27/2026","542.40","540.50","545.02","523.83","1.68M","-1.42%"
"02/26/2026","550.19","528.07","555.36","517.07","2.09M","5.77%"
"02/25/2026","520.18","498.43","551.97","498.30","4.42M","17.55%"
"02/24/2026","442.51","420.77","444.96","410.54","1.46M","4.50%"
"02/23/2026","423.44","426.24","431.52","420.49","810.47K","-2.41%"
"02/20/2026","433.91","435.17","449.89","429.01","648.20K","-1.63%"
"02/19/2026","441.12","429.05","443.00","423.50","593.85K","2.56%"
"02/18/2026","430.12","433.99","443.53","427.01","691.27K","-0.42%"
"02/17/2026","431.94","433.62","444.83","426.49","710.61K","0.53%"
"02/13/2026","429.67","440.13","446.00","420.61","953.84K","-1.41%"
"02/12/2026","435.81","438.21","443.19","428.05","868.38K","0.31%"
"02/11/2026","434.45","453.39","455.83","432.00","1.11M","-2.80%"
"02/10/2026","446.97","438.57","458.14","436.00","1.78M","3.04%"
"02/09/2026","433.77","418.21","434.61","412.00","1.51M","4.72%"
"02/06/2026","414.20","410.00","414.96","396.41","1.48M","3.64%"
"02/05/2026","399.65","426.41","431.68","397.82","1.53M","-7.20%"
"02/04/2026","430.65","447.63","453.99","420.57","1.73M","-4.57%"
"02/03/2026","451.29","471.75","471.75","434.62","2.25M","-1.89%"
"02/02/2026","459.99","482.00","491.26","459.50","1.15M","-4.88%"
"01/30/2026","483.58","505.36","509.12","481.35","1.29M","-5.10%"
"01/29/2026","509.58","555.01","556.50","502.56","1.54M","-7.33%"
"01/28/2026","549.86","610.65","612.13","549.09","1.34M","-9.89%"
"01/27/2026","610.22","604.00","614.21","596.00","333.14K","0.85%"
"01/26/2026","605.07","611.00","616.08","603.11","443.12K","-1.32%"
"01/23/2026","613.14","608.80","622.39","605.00","423.23K","0.96%"
"01/22/2026","607.29","613.01","617.99","598.28","509.76K","-0.49%"
"01/21/2026","610.25","619.25","624.69","595.54","670.28K","-1.66%"
"01/20/2026","620.52","625.97","636.00","617.88","634.78K","-2.44%"
"01/16/2026","636.04","641.09","649.30","633.09","678.62K","-0.18%"
"01/15/2026","637.19","636.01","642.18","627.77","455.65K","1.27%"
"01/14/2026","629.22","636.36","649.00","617.59","752.83K","-1.92%"
"01/13/2026","641.51","635.00","649.89","623.34","784.30K","1.55%"
"01/12/2026","631.73","631.00","633.27","617.58","479.36K","0.01%"
"01/09/2026","631.69","617.72","636.01","615.00","615.60K","3.05%"
"01/08/2026","612.98","630.60","640.72","609.14","591.03K","-1.28%"
"01/07/2026","620.91","619.79","626.34","608.11","778.52K","-0.92%"
"01/06/2026","626.65","602.91","633.92","595.00","1.20M","6.00%"
"01/05/2026","591.16","569.65","601.69","568.36","778.32K","4.92%"
"01/02/2026","563.45","573.37","579.58","554.40","517.82K","-0.79%"
"12/31/2025","567.93","572.94","574.19","567.82","469.16K","-0.73%"
"12/30/2025","572.11","579.00","580.89","571.14","430.98K","-1.45%"
"12/29/2025","580.55","580.00","586.99","577.22","443.50K","-0.56%"
"12/26/2025","583.84","591.15","591.15","577.13","328.54K","-1.24%"
"12/24/2025","591.15","587.04","591.82","581.71","218.87K","0.02%"
"12/23/2025","591.02","597.26","608.38","584.29","709.50K","-1.53%"
"12/22/2025","600.19","603.95","617.97","596.50","876.19K","1.01%"
"12/19/2025","594.20","566.29","603.12","561.91","2.69M","5.49%"
"12/18/2025","563.28","555.84","568.61","555.15","955.66K","2.41%"
"12/17/2025","550.00","546.34","563.47","544.50","1.14M","-0.91%"
"12/16/2025","555.06","548.32","559.52","540.93","897.83K","0.59%"
"12/15/2025","551.79","568.18","576.72","541.94","1.02M","-2.21%"
"12/12/2025","564.28","584.13","584.13","561.63","943.93K","-2.88%"
"12/11/2025","581.03","563.99","586.37","553.28","742.65K","2.22%"
"12/10/2025","568.39","552.30","579.60","552.07","1.40M","3.98%"
"12/09/2025","546.65","550.99","552.71","540.03","459.56K","-1.17%"
"12/08/2025","553.12","553.70","555.38","548.22","533.43K","0.39%"
"12/05/2025","550.95","551.02","556.00","544.80","389.68K","0.06%"
"12/04/2025","550.61","547.49","553.46","540.65","1.26M","1.30%"
"12/03/2025","543.55","536.75","544.60","531.00","552.16K","1.08%"
"12/02/2025","537.75","534.81","542.53","532.62","584.27K","0.85%"
"12/01/2025","533.21","531.52","540.45","525.00","770.12K","-1.28%"
"11/28/2025","540.14","538.74","542.70","533.18","294.89K","1.31%"
"11/26/2025","533.17","533.59","537.66","527.22","445.33K","0.81%"
"11/25/2025","528.89","523.50","539.80","514.25","914.59K","0.82%"
"11/24/2025","524.60","521.46","525.30","515.83","1.02M","0.50%"
"11/21/2025","521.99","519.61","527.90","508.72","902.33K","0.46%"
"11/20/2025","519.61","541.85","553.19","519.12","787.19K","-2.16%"
"11/19/2025","531.09","533.00","533.51","521.19","1.06M","-0.50%"
"11/18/2025","533.77","541.27","549.22","528.95","841.20K","-1.74%"
"11/17/2025","543.23","554.56","554.65","538.36","812.19K","-2.01%"
"11/14/2025","554.37","548.90","569.04","546.64","823.62K","-0.52%"
"11/13/2025","557.29","565.88","580.00","556.60","1.29M","-2.15%"
"11/12/2025","569.51","570.35","575.92","565.37","1.05M","-0.47%"
"11/11/2025","572.18","583.16","585.00","561.91","1.24M","-2.14%"
"11/10/2025","584.69","611.35","611.35","580.39","1.12M","-2.96%"
"11/07/2025","602.51","587.00","611.21","577.80","1.05M","2.62%"
"11/06/2025","587.14","628.60","631.99","584.21","1.89M","-8.19%"
"11/05/2025","639.53","563.84","657.36","560.00","4.86M","-9.43%"
"11/04/2025","706.13","715.46","719.92","698.32","1.13M","-2.48%"
"11/03/2025","724.10","737.06","738.23","720.74","603.76K","-1.11%"
"10/31/2025","732.23","745.00","749.96","731.00","533.37K","-0.90%"
"10/30/2025","738.88","760.85","760.85","737.63","491.21K","-2.71%"
"10/29/2025","759.44","750.48","762.08","742.00","445.76K","0.59%"
"10/28/2025","755.00","746.12","764.02","745.00","566.30K","0.80%"
"10/27/2025","749.00","746.59","756.04","741.57","489.69K","1.77%"
"10/24/2025","735.95","726.44","737.53","724.21","383.75K","2.73%"
"10/23/2025","716.39","704.41","718.19","704.01","343.59K","2.18%"
"10/22/2025","701.09","709.77","709.95","683.35","576.21K","-0.84%"
"10/21/2025","707.04","687.99","708.02","685.00","498.72K","3.50%"
"10/20/2025","683.13","675.14","686.97","673.00","453.76K","1.86%"
"10/17/2025","670.68","645.51","677.06","639.50","675.31K","2.84%"
"10/16/2025","652.17","648.50","663.25","642.36","800.45K","1.11%"
"10/15/2025","644.99","708.53","714.05","638.50","1.36M","-8.47%"
"10/14/2025","704.67","698.68","717.53","690.46","363.19K","-0.75%"
"10/13/2025","710.00","705.53","718.00","699.13","395.71K","0.99%"
"10/10/2025","703.03","733.18","740.00","702.27","456.16K","-4.22%"
"10/09/2025","734.04","726.02","753.16","722.51","512.42K","0.91%"
"10/08/2025","727.41","715.64","732.86","708.04","501.13K","1.79%"
"10/07/2025","714.60","720.88","728.34","706.61","376.45K","-0.97%"
"10/06/2025","721.59","719.20","724.27","705.00","431.91K","0.85%"
"10/03/2025","715.51","721.51","726.76","712.76","379.18K","-0.70%"
"10/02/2025","720.53","719.91","725.16","703.24","453.01K","1.29%"
"10/01/2025","711.34","708.64","720.08","697.00","520.47K","-0.88%"
"09/30/2025","717.64","716.04","724.88","700.24","608.86K","0.23%"
"09/29/2025","716.02","716.34","722.84","703.00","719.26K","1.01%"
"09/26/2025","708.84","718.00","722.00","697.46","442.85K","-0.46%"
"09/25/2025","712.15","696.97","723.15","694.54","974.69K","2.02%"
"09/24/2025","698.02","789.29","789.29","697.80","1.19M","-10.23%"
"09/23/2025","777.58","769.16","792.16","768.22","449.31K","0.21%"
"09/22/2025","775.92","766.33","778.94","761.55","406.98K","0.18%"
"09/19/2025","774.53","771.77","779.09","760.01","1.74M","1.05%"
"09/18/2025","766.47","756.35","772.00","753.00","436.88K","1.95%"
"09/17/2025","751.81","750.67","762.17","748.30","504.49K","0.15%"
"09/16/2025","750.67","760.79","766.63","750.65","484.87K","-1.33%"
"09/15/2025","760.79","760.00","774.32","756.20","393.82K","0.62%"
"09/12/2025","756.13","756.66","765.44","754.46","304.07K","0.67%"
"09/11/2025","751.11","751.61","765.01","745.43","466.95K","0.48%"
"09/10/2025","747.55","736.66","750.96","734.26","481.58K","2.13%"
"09/09/2025","731.98","734.09","740.00","718.00","312.18K","-1.17%"
"09/08/2025","740.61","736.37","750.00","733.88","608.95K","1.67%"
"09/05/2025","728.41","731.00","738.77","708.76","398.30K","-0.24%"
"09/04/2025","730.16","725.78","731.19","719.00","383.75K","0.67%"
"09/03/2025","725.29","737.26","738.00","713.21","635.33K","-2.46%"
"09/02/2025","743.59","733.81","748.83","726.00","494.34K","-0.50%"
"08/29/2025","747.29","784.32","785.84","745.46","583.59K","-4.43%"
"08/28/2025","781.90","772.83","794.29","771.50","553.78K","1.59%"
"08/27/2025","769.68","774.76","779.79","767.00","327.22K","0.09%"
"08/26/2025","769.02","764.20","775.00","761.05","413.96K","0.72%"
"08/25/2025","763.52","766.22","777.54","762.27","301.53K","-0.35%"
"08/22/2025","766.24","764.37","784.14","757.50","395.92K","0.36%"
"08/21/2025","763.51","763.00","768.00","752.50","367.05K","0.34%"
"08/20/2025","760.89","754.17","763.71","740.50","409.96K","0.34%"
"08/19/2025","758.29","779.83","783.99","755.00","654.28K","-4.21%"
"08/18/2025","791.62","755.18","792.64","753.77","848.30K","4.96%"
"08/15/2025","754.24","750.21","762.00","739.01","583.41K","0.59%"
"08/14/2025","749.83","764.26","764.26","745.00","517.79K","-2.05%"
"08/13/2025","765.52","776.98","780.00","731.74","1.13M","-0.40%"
"08/12/2025","768.57","819.64","824.66","767.51","999.53K","-6.12%"
"08/11/2025","818.69","842.89","844.15","817.36","616.02K","-2.83%"
"08/08/2025","842.50","872.47","878.62","835.70","667.56K","-3.27%"
"08/07/2025","870.97","867.23","885.00","860.98","700.95K","0.85%"
"08/06/2025","863.65","859.76","879.22","843.02","842.13K","-0.40%"
"08/05/2025","867.12","818.00","885.91","802.96","2.53M","16.41%"
"08/04/2025","744.88","751.04","755.00","736.95","769.84K","0.32%"
"08/01/2025","742.47","739.46","747.41","728.00","457.68K","-1.72%"
"07/31/2025","755.49","752.62","762.05","747.24","513.61K","0.92%"
"07/30/2025","748.60","728.74","749.80","725.00","448.26K","2.73%"
"07/29/2025","728.74","742.19","742.19","725.79","383.54K","-1.03%"
"07/28/2025","736.29","740.36","747.30","722.07","627.69K","0.17%"
"07/25/2025","735.01","711.39","742.23","709.82","723.68K","3.63%"
"07/24/2025","709.26","705.22","715.74","695.00","1.11M","0.57%"
"07/23/2025","705.22","725.80","728.95","694.72","1.10M","-2.15%"
"07/22/2025","720.74","749.01","749.01","720.18","759.57K","-4.10%"
"07/21/2025","751.55","755.92","758.25","741.91","377.48K","-0.60%"
"07/18/2025","756.09","747.83","757.98","741.07","404.33K","1.37%"
"07/17/2025","745.86","744.80","753.25","739.79","341.23K","0.42%"
"07/16/2025","742.77","743.56","748.27","725.05","516.13K","-0.42%"
"07/15/2025","745.87","752.74","753.57","740.16","373.47K","-0.59%"
"07/14/2025","750.26","727.10","752.97","723.99","538.91K","2.83%"
"07/11/2025","729.62","740.33","753.02","723.00","1.12M","-0.46%"
"07/10/2025","732.99","802.11","803.00","728.43","1.23M","-9.04%"
"07/09/2025","805.86","794.30","809.99","785.00","339.97K","1.98%"
"07/08/2025","790.22","802.72","815.00","774.10","507.79K","-1.49%"
"07/07/2025","802.16","796.02","804.44","790.00","453.03K","0.84%"
"07/03/2025","795.48","781.77","797.89","780.00","268.67K","2.70%"
"07/02/2025","774.55","774.68","782.98","756.72","574.33K","-0.11%"
"07/01/2025","775.38","825.89","829.50","765.50","997.65K","-6.35%"
"06/30/2025","827.94","818.75","830.21","816.85","530.14K","1.14%"
"06/27/2025","818.60","804.85","820.83","802.28","1.01M","1.82%"
"06/26/2025","803.95","791.81","805.48","791.81","484.38K","2.40%"
"06/25/2025","785.07","800.00","801.00","780.66","440.47K","-1.16%"
"06/24/2025","794.25","785.00","799.66","758.24","743.57K","1.41%"
"06/23/2025","783.24","773.48","791.38","767.32","391.50K","0.76%"
"06/20/2025","777.32","780.28","781.00","767.08","1.18M","0.85%"
"06/18/2025","770.79","775.85","779.89","761.90","482.93K","-0.87%"
"06/17/2025","777.54","776.39","782.75","770.20","445.75K","-0.39%"
"06/16/2025","780.61","786.37","797.50","779.28","471.00K","0.00%"
"06/13/2025","780.63","771.81","786.77","767.60","359.10K","0.70%"
"06/12/2025","775.20","773.16","781.12","772.60","350.33K","-0.41%"
"06/11/2025","778.36","764.67","782.78","746.90","487.78K","2.06%"
"06/10/2025","762.66","778.54","787.61","751.25","600.56K","-2.70%"
"06/09/2025","783.80","795.83","806.64","775.86","537.36K","-1.02%"
"06/06/2025","791.85","794.92","798.16","784.64","443.74K","0.44%"
"06/05/2025","788.36","780.53","793.24","773.99","683.80K","1.07%"
"06/04/2025","780.00","760.00","780.62","757.45","558.06K","2.76%"
"06/03/2025","759.07","761.00","766.26","750.00","503.57K","0.07%"
"06/02/2025","758.57","755.00","765.00","742.80","521.18K","1.09%"
"05/30/2025","750.36","731.01","751.99","729.14","1.12M","2.75%"
"05/29/2025","730.29","753.19","754.81","729.16","536.60K","-2.76%"
"05/28/2025","751.00","748.81","755.05","743.63","524.94K","0.66%"
"05/27/2025","746.08","740.58","748.14","736.63","477.57K","2.01%"
"05/23/2025","731.37","717.98","735.43","714.00","422.65K","1.05%"
"05/22/2025","723.75","734.07","735.00","722.03","510.38K","-1.58%"
"05/21/2025","735.38","738.00","748.80","730.01","570.73K","-0.99%"
"05/20/2025","742.75","741.41","744.51","734.89","383.70K","0.06%"
"05/19/2025","742.32","721.99","742.34","721.05","425.57K","1.25%"
"05/16/2025","733.18","732.00","735.68","724.74","420.47K","0.66%"
"05/15/2025","728.39","725.49","732.22","722.00","570.24K","-0.02%"
"05/14/2025","728.53","725.00","730.76","715.59","566.25K","0.52%"
"05/13/2025","724.77","695.00","732.17","694.71","868.80K","4.57%"
"05/12/2025","693.10","700.00","703.00","667.00","878.36K","1.24%"
"05/09/2025","684.59","684.01","697.39","677.61","642.57K","-0.33%"
"05/08/2025","686.83","646.38","698.27","644.60","1.69M","14.13%"
"05/07/2025","601.82","602.01","607.60","594.52","887.36K","0.02%"
"05/06/2025","601.67","608.97","612.78","597.56","759.28K","-3.18%"
"05/05/2025","621.40","624.99","631.16","620.99","358.19K","-1.08%"
"05/02/2025","628.16","632.18","638.35","626.46","507.95K","1.14%"
"05/01/2025","621.10","617.96","627.73","613.02","450.46K","1.27%"
"04/30/2025","613.30","591.59","614.76","585.49","519.82K","0.36%"
"04/29/2025","611.13","603.57","612.03","598.81","399.69K","1.44%"
"04/28/2025","602.46","605.66","614.00","594.54","456.13K","-0.22%"
"04/25/2025","603.78","590.72","603.98","590.72","556.46K","2.22%"
"04/24/2025","590.67","576.15","593.84","571.00","493.33K","2.39%"
"04/23/2025","576.90","576.40","594.46","574.20","492.95K","3.85%"
"04/22/2025","555.52","551.32","561.81","546.00","440.80K","2.51%"
"04/21/2025","541.93","550.00","556.63","531.22","478.95K","-3.15%"
"04/17/2025","559.53","578.20","578.20","556.39","519.73K","-2.15%"
"04/16/2025","571.85","572.01","581.10","564.68","368.44K","-1.14%"
"04/15/2025","578.42","575.10","584.17","572.82","330.87K","0.62%"
"04/14/2025","574.83","578.00","590.00","571.72","666.16K","1.21%"
"04/11/2025","567.98","549.00","569.00","541.52","516.62K","3.03%"
"04/10/2025","551.25","543.85","564.36","534.22","655.90K","-1.53%"
"04/09/2025","559.84","503.15","567.04","497.36","1.11M","11.07%"
"04/08/2025","504.03","522.71","536.84","497.99","943.15K","0.29%"
"04/07/2025","502.55","471.72","524.82","469.24","1.05M","1.09%"
"04/04/2025","497.13","511.26","520.00","486.10","971.55K","-7.89%"
"04/03/2025","539.69","532.67","553.60","528.76","662.05K","-3.35%"
"04/02/2025","558.42","530.69","560.30","530.69","731.83K","3.18%"
"04/01/2025","541.20","521.59","542.98","520.19","509.62K","2.90%"
"03/31/2025","525.95","522.67","528.83","507.03","779.46K","-1.68%"
"03/28/2025","534.95","550.40","550.40","529.00","678.47K","-2.85%"
"03/27/2025","550.65","554.78","557.00","540.00","374.58K","-1.50%"
"03/26/2025","559.06","575.57","578.20","553.56","521.74K","-3.14%"
"03/25/2025","577.18","569.21","579.67","566.97","439.78K","0.81%"
"03/24/2025","572.52","571.99","574.16","561.00","689.68K","2.24%"
"03/21/2025","560.00","550.63","562.28","544.34","803.64K","0.28%"
"03/20/2025","558.41","560.16","572.82","556.50","525.25K","-1.71%"
"03/19/2025","568.11","545.34","571.40","542.65","576.54K","5.21%"
"03/18/2025","539.99","548.70","555.58","532.52","558.60K","-2.67%"
"03/17/2025","554.82","552.72","563.70","549.58","664.63K","-0.26%"
"03/14/2025","556.26","544.55","557.45","543.88","656.16K","4.06%"
"03/13/2025","534.56","558.81","569.95","530.22","760.81K","-4.18%"
"03/12/2025","557.89","540.37","560.72","539.13","1.22M","5.93%"
"03/11/2025","526.64","518.26","539.17","509.00","975.33K","2.17%"
"03/10/2025","515.45","508.39","522.06","501.85","1.36M","-2.08%"
"03/07/2025","526.40","500.00","527.94","500.00","1.28M","5.43%"
"03/06/2025","499.31","522.85","526.19","495.00","912.28K","-6.66%"
"03/05/2025","534.96","529.75","538.98","521.08","945.21K","1.26%"
"03/04/2025","528.28","513.87","543.41","503.02","956.41K","0.48%"
"03/03/2025","525.75","532.84","541.75","520.67","876.10K","-0.51%"
"02/28/2025","528.45","526.97","531.36","514.04","1.15M","0.57%"
"02/27/2025","525.44","575.00","578.87","521.70","1.45M","-8.20%"
"02/26/2025","572.40","584.95","600.99","558.21","2.84M","15.25%"
"02/25/2025","496.65","498.90","502.24","480.18","1.36M","-0.62%"
"02/24/2025","499.73","516.51","524.35","496.19","1.32M","-2.63%"
"02/21/2025","513.22","551.66","551.66","510.53","1.45M","-5.28%"
"02/20/2025","541.81","581.00","584.00","521.66","2.51M","-8.70%"
"02/19/2025","593.42","700.00","705.10","592.76","2.32M","-16.42%"
"02/18/2025","710.01","694.02","715.99","691.86","1.32M","3.89%"
"02/14/2025","683.41","662.57","686.17","648.85","694.12K","2.81%"
"02/13/2025","664.70","667.75","671.44","655.07","356.15K","-0.06%"
"02/12/2025","665.08","656.49","668.57","652.26","495.92K","-0.62%"
"02/11/2025","669.26","678.47","678.47","656.72","421.67K","-1.27%"
"02/10/2025","677.85","684.32","686.08","672.00","432.55K","-0.20%"
"02/07/2025","679.24","680.00","689.54","677.93","556.22K","0.27%"
"02/06/2025","677.40","680.99","684.36","661.00","559.45K","-0.46%"
"02/05/2025","680.52","662.91","680.97","662.91","459.82K","2.66%"
"02/04/2025","662.91","657.14","674.00","652.58","511.76K","0.73%"
"02/03/2025","658.11","640.75","671.22","635.55","1.00M","0.91%"
"01/31/2025","652.18","655.44","671.06","649.76","611.69K","-0.19%"
"01/30/2025","653.43","646.50","657.00","643.55","536.82K","2.10%"
"01/29/2025","639.97","640.00","644.86","632.14","422.61K","0.38%"
"01/28/2025","637.53","606.58","639.34","604.37","548.34K","5.43%"
"01/27/2025","604.68","597.79","608.01","587.14","458.57K","-0.92%"
"01/24/2025","610.32","613.97","615.50","605.20","309.79K","-0.50%"
"01/23/2025","613.38","609.59","614.60","602.81","368.64K","0.95%"
"01/22/2025","607.60","607.98","612.14","602.71","362.23K","0.33%"
"01/21/2025","605.58","603.12","609.50","592.59","531.29K","1.97%"
"01/17/2025","593.89","595.84","603.00","591.19","533.67K","1.37%"
"01/16/2025","585.84","585.00","592.22","581.80","466.05K","1.01%"
"01/15/2025","580.00","589.40","594.84","577.53","702.44K","0.03%"
"01/14/2025","579.80","571.90","584.23","569.95","509.05K","1.96%"
"01/13/2025","568.68","561.40","569.33","556.68","422.55K","-0.23%"
"01/10/2025","570.00","572.00","574.83","562.71","482.92K","-1.27%"
"01/08/2025","577.34","565.02","577.74","559.23","590.62K","2.72%"
"01/07/2025","562.03","570.72","573.50","554.76","935.26K","-1.52%"
"01/06/2025","570.71","604.40","606.31","543.47","1.61M","-5.05%"
"01/03/2025","601.06","595.36","608.95","594.18","434.72K","0.77%"
"01/02/2025","596.49","604.07","612.25","588.19","517.29K","0.37%"
"12/31/2024","594.32","607.17","607.17","592.28","510.41K","-1.65%"
"12/30/2024","604.32","601.20","607.24","591.14","649.15K","-1.09%"
"12/27/2024","610.98","620.95","622.46","606.55","392.17K","-2.06%"
"12/26/2024","623.80","630.00","630.00","620.96","526.62K","-1.18%"
"12/24/2024","631.25","619.67","631.78","619.07","260.50K","1.14%"
"12/23/2024","624.14","634.64","642.53","616.97","626.80K","-1.20%"
"12/20/2024","631.69","607.95","633.21","605.09","7.03M","2.60%"
"12/19/2024","615.68","620.54","626.58","608.00","1.32M","0.94%"
"12/18/2024","609.96","637.00","638.87","604.14","1.61M","-4.06%"
"12/17/2024","635.76","642.93","648.69","632.00","1.50M","-2.09%"
"12/16/2024","649.30","652.00","654.00","603.33","1.74M","0.68%"
"12/13/2024","644.91","635.29","648.91","635.00","557.66K","1.34%"
"12/12/2024","636.41","648.01","657.75","635.81","667.46K","-0.94%"
"12/11/2024","642.45","646.68","651.14","633.86","639.17K","0.78%"
"12/10/2024","637.45","647.22","659.68","633.31","928.33K","-0.80%"
"12/09/2024","642.59","687.69","687.97","631.03","1.18M","-6.56%"
"12/06/2024","687.69","689.73","698.67","680.24","938.72K","-0.30%"
"12/05/2024","689.78","688.01","695.94","677.40","732.66K","0.35%"
"12/04/2024","687.39","667.09","689.39","667.09","925.21K","2.62%"
"12/03/2024","669.87","652.82","675.47","638.00","1.38M","5.26%"
"12/02/2024","636.39","649.20","649.39","634.95","866.76K","-1.63%"
"11/29/2024","646.96","639.38","652.22","639.00","397.63K","1.89%"
"11/27/2024","634.96","632.10","636.36","625.81","505.88K","0.44%"
"11/26/2024","632.16","622.60","633.00","621.22","619.32K","2.13%"
"11/25/2024","619.00","639.54","639.99","607.20","1.50M","-2.82%"
"11/22/2024","636.95","635.50","641.20","623.51","699.10K","0.90%"
"11/21/2024","631.27","621.99","640.51","611.00","885.47K","3.52%"
"11/20/2024","609.82","609.18","613.25","598.95","572.57K","-0.06%"
"11/19/2024","610.20","598.30","618.07","598.01","1.06M","1.70%"
"11/18/2024","600.00","601.04","610.33","592.00","669.70K","0.11%"
"11/15/2024","599.35","599.53","602.00","594.42","682.86K","-0.86%"
"11/14/2024","604.56","601.00","609.37","592.21","727.33K","0.54%"
"11/13/2024","601.29","600.00","617.15","599.72","850.74K","1.03%"
"11/12/2024","595.18","609.11","609.35","591.74","1.39M","-3.40%"
"11/11/2024","616.14","611.06","624.84","588.02","1.79M","2.15%"
"11/08/2024","603.18","540.00","611.88","515.00","3.97M","28.68%"
"11/07/2024","468.75","465.50","471.00","462.81","832.57K","2.01%"
"11/06/2024","459.52","459.03","462.64","450.72","724.19K","4.18%"
"11/05/2024","441.09","433.97","442.77","433.97","656.28K","2.21%"
"11/04/2024","431.57","425.84","435.50","424.99","479.01K","1.35%"
"11/01/2024","425.84","426.82","430.15","424.57","600.63K","0.55%"
"10/31/2024","423.50","435.96","436.90","422.38","877.59K","-3.53%"
"10/30/2024","439.00","443.33","445.48","438.76","428.12K","-1.13%"
"10/29/2024","444.00","444.96","447.63","443.70","489.05K","-0.17%"
"10/28/2024","444.77","449.10","449.10","443.25","447.24K","0.06%"
"10/25/2024","444.52","446.12","449.83","442.71","331.95K","0.32%"
"10/24/2024","443.12","442.58","446.75","438.17","263.43K","0.10%"
"10/23/2024","442.69","447.52","449.20","440.67","389.22K","-1.54%"
"10/22/2024","449.61","445.10","455.17","443.44","624.96K","1.27%"
"10/21/2024","443.98","439.00","444.16","435.29","335.66K","1.35%"
"10/18/2024","438.05","438.78","438.78","434.00","228.79K","0.82%"
"10/17/2024","434.48","436.00","437.90","432.73","397.47K","0.15%"
"10/16/2024","433.83","433.36","435.40","428.50","376.10K","-0.07%"
"10/15/2024","434.12","437.98","438.04","424.57","625.38K","-0.88%"
"10/14/2024","437.98","437.14","440.89","435.44","326.37K","0.69%"
"10/11/2024","434.98","430.19","436.55","428.77","334.52K","1.45%"
"10/10/2024","428.76","430.78","432.91","424.34","494.20K","-0.78%"
"10/09/2024","432.14","424.40","432.86","422.21","470.90K","1.21%"
"10/08/2024","426.99","424.06","433.48","420.49","787.48K","1.46%"
"10/07/2024","420.83","421.00","425.23","416.88","682.96K","-0.23%"
"10/04/2024","421.80","418.00","422.33","413.68","612.23K","1.63%"
"10/03/2024","415.05","404.17","415.11","403.16","927.27K","2.61%"
"10/02/2024","404.51","400.00","405.99","397.53","588.18K","1.33%"
"10/01/2024","399.22","399.87","400.78","395.37","749.29K","-0.10%"
"09/30/2024","399.60","395.50","400.33","394.24","548.96K","1.08%"
"09/27/2024","395.34","394.12","395.59","388.37","400.73K","0.53%"
"09/26/2024","393.25","396.23","398.74","391.97","449.07K","-0.51%"
"09/25/2024","395.26","394.39","395.80","392.02","534.50K","0.41%"
"09/24/2024","393.66","395.59","395.69","388.36","279.63K","-0.07%"
"09/23/2024","393.94","394.29","397.32","392.00","473.10K","0.17%"
"09/20/2024","393.29","387.07","393.58","387.06","1.20M","0.91%"
"09/19/2024","389.74","390.00","391.55","383.03","461.85K","1.76%"
"09/18/2024","383.01","383.50","387.61","380.51","402.10K","0.12%"
"09/17/2024","382.57","384.03","386.14","376.53","379.08K","-0.83%"
"09/16/2024","385.77","380.99","386.54","379.98","480.10K","1.62%"
"09/13/2024","379.61","382.98","385.00","375.71","506.48K","-1.27%"
"09/12/2024","384.51","364.88","384.73","364.60","976.90K","6.30%"
"09/11/2024","361.71","357.82","364.48","353.91","471.55K","0.66%"
"09/10/2024","359.35","364.89","366.98","357.11","324.78K","-1.38%"
"09/09/2024","364.39","358.61","369.44","358.61","755.96K","2.76%"
"09/06/2024","354.62","356.42","357.50","346.71","509.15K","-0.07%"
"09/05/2024","354.86","353.53","356.34","352.11","236.48K","-0.14%"
"09/04/2024","355.35","351.72","356.73","349.02","681.09K","0.05%"
"09/03/2024","355.16","361.35","363.22","354.52","584.91K","-2.69%"
"08/30/2024","364.97","363.13","366.27","361.44","454.91K","0.82%"
"08/29/2024","362.00","364.03","368.86","361.97","316.83K","-0.12%"
"08/28/2024","362.45","363.43","368.13","361.59","323.71K","-0.27%"
"08/27/2024","363.43","360.49","364.45","357.85","286.03K","0.82%"
"08/26/2024","360.49","369.11","370.64","358.10","568.50K","-2.75%"
"08/23/2024","370.70","375.69","376.05","369.43","464.47K","-0.53%"
"08/22/2024","372.69","375.94","377.25","372.44","295.61K","-0.64%"
"08/21/2024","375.10","373.06","378.89","371.45","573.40K","0.55%"
"08/20/2024","373.05","374.45","375.73","370.04","345.74K","-0.01%"
"08/19/2024","373.07","373.75","376.42","370.96","430.16K","-0.17%"
"08/16/2024","373.69","374.99","377.19","372.00","486.33K","0.00%"
"08/15/2024","373.69","366.15","378.25","366.15","495.37K","0.84%"
"08/14/2024","370.57","368.80","371.93","365.99","400.29K","0.43%"
"08/13/2024","368.97","368.03","370.82","364.78","516.32K","0.26%"
"08/12/2024","368.03","368.10","375.95","366.14","545.54K","0.83%"
"08/09/2024","365.00","367.27","370.36","359.31","997.60K","-0.94%"
"08/08/2024","368.46","350.90","371.99","344.00","1.52M","5.50%"
"08/07/2024","349.24","330.00","367.95","323.89","3.41M","18.39%"
"08/06/2024","295.00","289.40","298.70","286.19","1.07M","3.09%"
"08/05/2024","286.16","279.64","291.75","279.02","684.59K","-2.12%"
"08/02/2024","292.36","294.10","295.36","287.14","929.30K","-2.43%"
"08/01/2024","299.63","300.00","302.72","296.09","872.77K","-0.13%"
"07/31/2024","300.01","307.49","308.56","299.00","662.38K","-1.55%"
"07/30/2024","304.72","309.96","314.36","304.48","350.22K","-1.39%"
"07/29/2024","309.00","312.40","312.40","307.65","271.27K","-0.51%"
"07/26/2024","310.59","314.07","314.07","308.01","347.88K","-0.07%"
"07/25/2024","310.81","312.45","316.84","307.99","379.09K","-0.73%"
"07/24/2024","313.11","318.02","318.88","310.01","450.97K","-2.02%"
"07/23/2024","319.55","318.00","324.86","317.51","763.16K","0.88%"
"07/22/2024","316.76","310.50","317.00","306.81","455.99K","2.69%"
"07/19/2024","308.45","307.93","310.49","303.62","269.77K","0.91%"
"07/18/2024","305.67","318.00","319.50","303.70","577.15K","-3.81%"
"07/17/2024","317.78","321.20","326.32","315.35","680.57K","-0.52%"
"07/16/2024","319.43","311.02","319.80","311.02","698.76K","3.50%"
"07/15/2024","308.64","294.77","308.90","293.02","642.37K","5.46%"
"07/12/2024","292.66","292.24","296.98","290.08","289.57K","0.52%"
"07/11/2024","291.16","293.73","295.00","290.02","528.40K","-0.73%"
"07/10/2024","293.29","299.00","299.72","292.99","365.72K","-1.75%"
"07/09/2024","298.51","304.37","306.35","298.36","398.55K","-1.31%"
"07/08/2024","302.48","299.77","303.53","299.19","372.08K","1.37%"
"07/05/2024","298.38","296.91","298.69","294.14","174.43K","0.61%"
"07/03/2024","296.56","294.05","297.32","292.80","175.28K","1.15%"
"07/02/2024","293.18","288.25","293.60","286.51","347.58K","1.37%"
"07/01/2024","289.21","296.56","296.56","287.19","332.21K","-1.71%"
"06/28/2024","294.24","300.00","304.56","293.58","1.08M","-1.38%"
"06/27/2024","298.35","292.67","298.40","290.80","438.64K","1.87%"
"06/26/2024","292.88","292.04","293.32","288.68","350.34K","0.09%"
"06/25/2024","292.63","293.19","294.49","290.63","476.89K","-0.02%"
"06/24/2024","292.70","291.93","296.62","290.38","705.10K","0.53%"
"06/21/2024","291.15","293.22","293.22","282.89","910.18K","-0.68%"
"06/20/2024","293.14","294.61","296.80","290.38","366.20K","-0.13%"
"06/18/2024","293.52","297.48","300.85","292.04","362.43K","-1.23%"
"06/17/2024","297.17","292.51","297.38","290.19","413.52K","1.66%"
"06/14/2024","292.33","292.00","294.36","287.23","401.10K","-0.39%"
"06/13/2024","293.48","295.62","297.78","292.29","383.72K","-0.80%"
"06/12/2024","295.84","290.01","297.24","288.90","546.27K","3.08%"
"06/11/2024","287.01","285.33","287.06","283.33","407.38K","0.56%"
"06/10/2024","285.40","280.08","286.81","280.08","421.91K","1.75%"
"06/07/2024","280.50","279.57","282.60","278.24","331.32K","0.48%"
"06/06/2024","279.15","282.13","283.48","276.92","381.82K","-1.06%"
"06/05/2024","282.13","278.56","282.28","276.23","476.73K","2.14%"
"06/04/2024","276.22","277.73","278.55","273.52","399.00K","-0.83%"
"06/03/2024","278.53","281.35","283.00","275.79","401.43K","-1.11%"
"05/31/2024","281.67","281.72","283.00","275.19","731.11K","-0.02%"
"05/30/2024","281.73","284.46","286.16","280.26","340.36K","-0.87%"
"05/29/2024","284.19","285.20","288.40","283.50","471.64K","-1.39%"
"05/28/2024","288.20","286.04","288.20","284.23","522.22K","0.90%"
"05/24/2024","285.63","280.48","285.78","279.00","411.00K","2.01%"
"05/23/2024","279.99","285.00","286.27","279.19","818.05K","-1.71%"
"05/22/2024","284.87","288.48","289.68","282.10","972.11K","-1.07%"
"05/21/2024","287.95","291.87","291.98","285.06","661.91K","-1.40%"
"05/20/2024","292.03","289.92","292.89","288.19","524.61K","1.12%"
"05/17/2024","288.79","292.45","292.60","286.68","513.39K","-0.57%"
"05/16/2024","290.44","293.60","294.16","288.38","536.28K","-1.19%"
"05/15/2024","293.95","299.24","300.00","292.79","683.08K","-0.85%"
"05/14/2024","296.46","299.01","299.01","290.66","998.28K","-1.26%"
"05/13/2024","300.23","303.88","305.11","300.03","507.02K","-1.05%"
"05/10/2024","303.43","309.38","309.70","303.32","474.00K","-1.83%"
"05/09/2024","309.09","310.64","313.63","307.80","699.27K","-0.89%"
"05/08/2024","311.86","312.55","316.32","309.53","480.37K","-0.28%"
"05/07/2024","312.73","312.82","317.50","304.86","1.02M","-4.55%"
"05/06/2024","327.64","322.00","329.17","321.46","773.70K","2.85%"
"05/03/2024","318.55","319.24","321.00","316.64","279.18K","0.57%"
"05/02/2024","316.75","313.22","318.19","310.93","456.87K","1.66%"
"05/01/2024","311.57","312.18","316.00","309.11","693.73K","-0.67%"
"04/30/2024","313.66","311.31","314.78","309.20","596.20K","0.11%"
"04/29/2024","313.30","308.24","313.59","307.25","340.64K","1.64%"
"04/26/2024","308.23","306.57","311.86","306.57","300.74K","0.65%"
"04/25/2024","306.24","300.99","308.83","297.93","305.98K","1.27%"
"04/24/2024","302.41","304.07","308.11","302.29","524.75K","0.28%"
"04/23/2024","301.56","296.71","302.57","295.35","486.65K","2.64%"
"04/22/2024","293.80","294.86","296.88","291.39","513.48K","0.07%"
"04/19/2024","293.61","299.18","299.53","291.35","551.41K","-1.34%"
"04/18/2024","297.59","300.00","303.51","297.30","593.71K","-0.74%"
"04/17/2024","299.82","301.37","302.55","296.73","603.41K","-0.16%"
"04/16/2024","300.31","302.00","303.43","295.10","524.49K","-0.99%"
"04/15/2024","303.31","317.17","317.17","301.55","354.92K","-2.41%"
"04/12/2024","310.81","322.23","323.50","310.25","548.35K","-4.10%"
"04/11/2024","324.09","319.39","329.87","315.40","705.10K","1.83%"
"04/10/2024","318.26","308.81","320.34","307.86","503.00K","2.25%"
"04/09/2024","311.27","310.59","311.44","306.27","305.85K","0.02%"
"04/08/2024","311.21","311.19","314.20","309.15","286.50K","0.42%"
"04/05/2024","309.90","306.82","312.25","306.56","183.82K","1.00%"
"04/04/2024","306.83","312.12","315.61","306.61","272.69K","-0.73%"
"04/03/2024","309.10","308.19","311.67","308.19","344.74K","-0.08%"
"04/02/2024","309.36","309.35","310.12","304.80","340.30K","-0.65%"
"04/01/2024","311.37","314.34","314.77","309.95","318.07K","-0.48%"
"03/28/2024","312.88","316.97","316.97","311.85","357.83K","-0.87%"
"03/27/2024","315.64","321.04","321.77","314.17","401.51K","-1.10%"
"03/26/2024","319.14","315.47","320.55","314.74","433.79K","1.16%"
"03/25/2024","315.47","316.50","317.53","313.84","629.91K","-0.27%"
"03/22/2024","316.32","318.18","318.18","312.34","377.99K","0.07%"
"03/21/2024","316.09","316.56","319.12","314.63","279.09K","0.58%"
"03/20/2024","314.28","312.45","314.51","308.62","298.60K","0.69%"
"03/19/2024","312.13","308.45","312.91","306.32","410.91K","1.19%"
"03/18/2024","308.45","310.70","311.99","307.10","456.02K","0.26%"
"03/15/2024","307.65","304.18","309.70","304.18","1.57M","0.40%"
"03/14/2024","306.43","307.43","310.85","304.75","427.56K","-0.11%"
"03/13/2024","306.78","311.56","312.55","304.52","603.41K","-1.47%"
"03/12/2024","311.37","309.85","312.07","305.92","400.54K","0.14%"
"03/11/2024","310.93","310.94","313.50","308.83","447.52K","-0.59%"
"03/08/2024","312.79","315.13","320.76","308.83","432.29K","-0.74%"
"03/07/2024","315.13","315.10","317.99","313.96","363.38K","0.05%"
"03/06/2024","314.97","315.01","318.00","310.25","467.82K","-0.04%"
"03/05/2024","315.10","319.48","319.81","311.94","620.36K","-1.49%"
"03/04/2024","319.88","316.00","325.63","314.95","928.05K","1.79%"
"03/01/2024","314.25","303.00","314.49","302.24","893.74K","2.24%"
"02/29/2024","307.37","309.22","311.04","299.07","1.50M","-0.60%"
"02/28/2024","309.22","280.70","318.90","275.00","2.66M","13.76%"
"02/27/2024","271.82","273.51","273.62","265.32","841.68K","0.08%"
"02/26/2024","271.59","272.15","274.27","270.82","321.90K","0.35%"
"02/23/2024","270.63","272.87","273.72","268.99","225.02K","-0.34%"
"02/22/2024","271.54","267.58","272.30","267.38","286.37K","2.96%"
"02/21/2024","263.73","267.03","268.19","260.27","395.99K","-1.48%"
"02/20/2024","267.70","267.38","269.16","265.23","296.14K","-0.78%"
"02/16/2024","269.80","272.02","273.91","269.71","250.43K","-1.10%"
"02/15/2024","272.79","272.10","274.78","268.00","257.67K","0.72%"
"02/14/2024","270.84","268.02","271.42","264.87","307.69K","2.42%"
"02/13/2024","264.45","261.28","269.28","255.68","377.15K","-0.85%"
"02/12/2024","266.71","270.53","273.54","265.05","482.65K","-1.58%"
"02/09/2024","270.98","270.82","271.39","268.44","247.69K","0.74%"
"02/08/2024","269.00","265.00","269.50","264.53","306.16K","1.33%"
"02/07/2024","265.47","260.34","270.95","259.12","784.92K","2.32%"
"02/06/2024","259.46","258.64","259.69","255.58","226.24K","0.77%"
"02/05/2024","257.47","255.97","257.76","252.20","322.53K","0.19%"
"02/02/2024","256.99","252.70","258.62","251.13","362.01K","1.70%"
"02/01/2024","252.70","250.65","254.13","247.04","519.45K","1.46%"
"01/31/2024","249.06","254.94","255.02","248.38","492.52K","-2.04%"
"01/30/2024","254.25","254.24","255.74","253.40","189.14K","-0.19%"
"01/29/2024","254.73","251.99","254.77","251.75","281.45K","1.34%"
"01/26/2024","251.36","252.58","254.06","249.01","257.00K","-0.53%"
"01/25/2024","252.70","252.78","253.93","250.63","229.33K","0.58%"
"01/24/2024","251.24","257.34","257.34","250.43","369.36K","-1.48%"
"01/23/2024","255.01","261.28","261.28","254.93","252.28K","-1.79%"
"01/22/2024","259.66","258.12","262.95","257.17","302.75K","1.12%"
"01/19/2024","256.79","254.98","256.86","251.87","349.17K","1.06%"
"01/18/2024","254.10","251.06","254.19","250.65","252.56K","1.43%"
"01/17/2024","250.51","247.12","250.68","247.12","267.26K","0.42%"
"01/16/2024","249.47","250.28","251.61","246.99","385.25K","-0.49%"
"01/12/2024","250.69","250.81","253.90","248.44","485.08K","0.46%"
"01/11/2024","249.54","249.81","251.72","247.12","383.93K","0.21%"
"01/10/2024","249.02","249.98","250.96","248.00","470.30K","-0.03%"
"01/09/2024","249.10","248.48","250.54","247.81","452.21K","-1.00%"
"01/08/2024","251.61","244.45","251.75","244.01","344.43K","3.03%"
"01/05/2024","244.21","244.50","246.10","241.72","408.65K","-0.29%"
"01/04/2024","244.93","247.43","249.56","244.35","494.30K","-1.01%"
"01/03/2024","247.43","250.62","252.24","247.27","333.04K","-1.67%"
"01/02/2024","251.63","254.47","256.01","249.53","532.44K","-2.59%"
"12/29/2023","258.33","258.00","259.45","256.38","330.63K","-0.10%"
"12/28/2023","258.59","259.65","259.88","257.92","257.89K","-0.19%"
"12/27/2023","259.08","257.81","259.95","257.17","340.84K","0.38%"
"12/26/2023","258.11","257.94","259.23","256.86","180.07K","-0.36%"
"12/22/2023","259.03","258.30","260.69","257.12","279.10K","0.85%"
"12/21/2023","256.84","256.94","257.67","253.50","311.64K","1.61%"
"12/20/2023","252.77","255.92","257.65","252.11","559.99K","-1.23%"
"12/19/2023","255.92","257.69","260.35","254.61","446.79K","0.09%"
"12/18/2023","255.69","253.46","256.01","251.46","372.18K","-0.11%"
"12/15/2023","255.98","252.91","256.82","250.17","815.51K","1.13%"
"12/14/2023","253.12","250.00","253.73","248.30","676.16K","2.04%"
"12/13/2023","248.06","242.12","248.10","240.49","401.93K","2.52%"
"12/12/2023","241.97","239.74","243.61","238.07","347.44K","1.34%"
"12/11/2023","238.78","236.99","238.96","235.33","302.38K","1.02%"
"12/08/2023","236.38","235.41","238.04","234.83","281.81K","0.45%"
"12/07/2023","235.33","233.33","235.98","232.78","314.44K","1.29%"
"12/06/2023","232.34","232.64","235.65","231.83","267.10K","0.27%"
"12/05/2023","231.72","234.02","234.99","229.02","387.90K","-1.93%"
"12/04/2023","236.28","229.60","236.38","229.32","526.65K","2.06%"
"12/01/2023","231.51","229.87","233.80","226.55","850.42K","0.71%"
"11/30/2023","229.87","226.41","230.33","224.28","721.89K","1.78%"
"11/29/2023","225.86","228.83","230.02","225.12","248.81K","-0.53%"
"11/28/2023","227.07","228.40","230.38","226.49","227.44K","-0.48%"
"11/27/2023","228.16","227.36","230.06","227.00","311.73K","-0.11%"
"11/24/2023","228.42","227.14","228.72","227.14","101.57K","0.68%"
"11/22/2023","226.87","228.43","230.82","226.79","233.44K","-0.68%"
"11/21/2023","228.42","226.00","230.40","226.00","408.71K","0.97%"
"11/20/2023","226.22","224.37","227.35","224.16","287.72K","1.23%"
"11/17/2023","223.48","224.95","224.95","222.28","458.68K","0.32%"
"11/16/2023","222.76","222.05","223.81","220.78","322.32K","0.76%"
"11/15/2023","221.08","222.00","225.38","220.77","535.14K","-0.23%"
"11/14/2023","221.58","221.36","223.57","220.51","586.71K","1.34%"
"11/13/2023","218.66","218.27","219.75","216.73","380.72K","0.33%"
"11/10/2023","217.94","216.16","220.00","215.43","830.38K","1.04%"
"11/09/2023","215.70","230.23","230.65","212.88","811.88K","-6.05%"
"11/08/2023","229.58","224.50","231.71","219.07","1.60M","6.11%"
"11/07/2023","216.37","216.92","219.02","214.70","908.67K","-0.23%"
"11/06/2023","216.86","219.39","220.22","214.83","433.68K","-0.18%"
"11/03/2023","217.25","211.97","219.36","211.97","574.06K","3.32%"
"11/02/2023","210.27","209.77","212.58","209.02","406.43K","1.51%"
"11/01/2023","207.15","204.95","208.19","203.16","344.84K","1.30%"
"10/31/2023","204.49","202.32","205.62","199.50","350.94K","1.37%"
"10/30/2023","201.73","203.59","203.92","200.55","303.38K","0.49%"
"10/27/2023","200.76","204.68","205.89","199.29","422.82K","-1.86%"
"10/26/2023","204.57","207.87","210.01","204.32","386.30K","-1.59%"
"10/25/2023","207.87","212.58","212.58","206.63","278.01K","-2.56%"
"10/24/2023","213.33","212.80","215.17","212.21","283.93K","1.55%"
"10/23/2023","210.08","209.98","212.68","208.05","213.60K","-0.37%"
"10/20/2023","210.86","212.93","212.93","207.20","354.09K","-0.68%"
"10/19/2023","212.31","218.88","218.88","210.66","365.65K","-3.29%"
"10/18/2023","219.53","222.00","223.12","219.41","327.09K","-1.35%"
"10/17/2023","222.54","218.53","223.30","218.04","568.87K","1.13%"
"10/16/2023","220.05","217.20","220.46","216.68","306.96K","2.14%"
"10/13/2023","215.43","216.63","217.88","214.28","410.21K","0.01%"
"10/12/2023","215.41","220.68","220.68","214.19","425.13K","-2.09%"
"10/11/2023","220.00","216.64","220.71","216.00","728.53K","2.19%"
"10/10/2023","215.29","210.00","216.31","209.61","591.57K","3.10%"
"10/09/2023","208.81","202.20","209.94","200.99","532.00K","4.56%"
"10/06/2023","199.70","193.12","201.45","192.63","370.23K","1.83%"
"10/05/2023","196.11","194.81","196.54","192.79","300.88K","0.77%"
"10/04/2023","194.61","192.03","194.90","190.01","335.06K","1.33%"
"10/03/2023","192.06","195.39","196.06","190.82","266.61K","-2.09%"
"10/02/2023","196.15","197.29","199.10","195.05","428.45K","-1.43%"
"09/29/2023","198.99","197.86","201.54","197.58","634.35K","1.48%"
"09/28/2023","196.08","193.41","196.54","191.60","354.23K","0.73%"
"09/27/2023","194.65","190.85","195.71","190.69","617.86K","2.66%"
"09/26/2023","189.61","190.64","192.20","189.12","444.80K","-1.88%"
"09/25/2023","193.24","193.95","195.35","192.50","373.75K","-1.12%"
"09/22/2023","195.42","196.88","197.57","194.50","369.20K","-0.36%"
"09/21/2023","196.13","201.03","201.71","196.01","598.41K","-3.55%"
"09/20/2023","203.35","205.34","206.32","203.19","458.36K","-0.22%"
"09/19/2023","203.80","207.23","207.23","201.24","478.85K","-2.10%"
"09/18/2023","208.18","204.60","211.19","203.01","497.25K","0.96%"
"09/15/2023","206.21","211.38","211.68","204.95","820.07K","-2.96%"
"09/14/2023","212.51","209.95","213.51","209.32","398.66K","1.26%"
"09/13/2023","209.86","211.00","211.88","208.05","378.69K","-0.98%"
"09/12/2023","211.93","210.83","213.13","210.26","375.53K","-0.59%"
"09/11/2023","213.19","214.47","215.00","210.81","326.32K","-0.71%"
"09/08/2023","214.71","215.34","217.61","214.10","359.56K","-0.62%"
"09/07/2023","216.06","213.41","216.80","210.43","459.34K","1.20%"
"09/06/2023","213.50","212.61","215.44","211.71","330.34K","0.59%"
"09/05/2023","212.25","214.50","214.90","208.15","697.87K","-1.46%"
"09/01/2023","215.39","213.61","215.48","212.38","343.36K","1.16%"
"08/31/2023","212.91","212.00","215.28","211.85","862.04K","0.86%"
"08/30/2023","211.10","204.80","211.59","204.80","541.30K","2.91%"
"08/29/2023","205.14","200.11","206.29","199.26","302.44K","2.21%"
"08/28/2023","200.71","199.73","203.36","199.73","435.46K","1.15%"
"08/25/2023","198.43","195.73","198.62","193.31","412.21K","1.23%"
"08/24/2023","196.01","200.44","204.18","195.86","748.01K","-2.14%"
"08/23/2023","200.30","199.45","200.59","197.64","403.32K","0.67%"
"08/22/2023","198.96","196.86","199.54","196.00","300.86K","1.03%"
"08/21/2023","196.94","199.56","201.07","195.67","432.36K","-1.58%"
"08/18/2023","200.10","193.11","200.72","192.87","737.93K","2.41%"
"08/17/2023","195.39","200.42","200.42","195.00","540.65K","-2.68%"
"08/16/2023","200.78","201.87","202.15","198.20","512.62K","-1.12%"
"08/15/2023","203.05","206.62","207.36","202.59","683.40K","-1.73%"
"08/14/2023","206.62","209.59","211.65","206.06","802.32K","-2.18%"
"08/11/2023","211.23","203.18","211.89","202.32","1.43M","3.48%"
"08/10/2023","204.12","203.81","208.92","202.35","1.23M","1.84%"
"08/09/2023","200.44","198.12","207.86","196.49","2.98M","14.06%"
"08/08/2023","175.73","179.22","180.08","175.59","806.46K","-2.19%"
"08/07/2023","179.67","181.90","182.58","178.89","575.03K","-0.66%"
"08/04/2023","180.86","178.49","182.92","178.38","1.00M","2.12%"
"08/03/2023","177.10","177.01","178.82","175.37","457.66K","-0.52%"
"08/02/2023","178.02","181.94","182.31","177.90","558.15K","-2.90%"
"08/01/2023","183.33","184.45","186.05","183.26","425.60K","-1.40%"
"07/31/2023","185.93","183.15","186.15","182.90","581.13K","1.80%"
"07/28/2023","182.64","184.12","186.36","182.47","648.07K","0.30%"
"07/27/2023","182.09","181.24","185.54","180.47","909.28K","1.14%"
"07/26/2023","180.04","179.36","180.76","176.31","628.29K","0.01%"
"07/25/2023","180.03","176.84","180.41","176.08","741.16K","0.97%"
"07/24/2023","178.30","179.54","181.34","177.14","1.16M","-0.92%"
"07/21/2023","179.96","184.95","185.30","179.61","1.14M","-2.21%"
"07/20/2023","184.03","189.54","190.07","183.15","620.22K","-2.90%"
"07/19/2023","189.53","192.27","193.91","187.71","889.23K","-1.41%"
"07/18/2023","192.25","195.78","196.66","191.95","647.44K","-1.99%"
"07/17/2023","196.16","192.23","196.92","191.80","314.63K","2.04%"
"07/14/2023","192.24","192.76","193.96","190.92","344.70K","-0.92%"
"07/13/2023","194.03","196.51","197.42","193.53","434.12K","-0.94%"
"07/12/2023","195.88","197.37","197.37","192.47","428.50K","0.15%"
"07/11/2023","195.58","195.35","196.89","193.87","527.79K","0.11%"
"07/10/2023","195.36","189.03","195.42","188.86","556.79K","3.86%"
"07/07/2023","188.10","189.59","190.86","186.69","636.40K","-0.38%"
"07/06/2023","188.82","192.41","193.01","188.10","490.13K","-2.47%"
"07/05/2023","193.61","193.31","195.79","192.45","487.83K","-0.50%"
"07/03/2023","194.58","194.31","194.93","189.88","379.41K","-0.28%"
"06/30/2023","195.12","196.58","196.88","194.62","509.68K","-0.36%"
"06/29/2023","195.83","194.85","197.35","193.23","490.37K","0.64%"
"06/28/2023","194.59","195.76","196.40","193.67","515.68K","-0.40%"
"06/27/2023","195.38","191.13","195.74","191.13","454.31K","3.03%"
"06/26/2023","189.63","188.88","190.15","186.88","868.28K","0.49%"
"06/23/2023","188.71","194.67","194.70","188.65","1.32M","-4.17%"
"06/22/2023","196.92","197.00","198.59","194.34","511.23K","-0.31%"
"06/21/2023","197.54","205.65","205.65","197.25","582.30K","-3.53%"
"06/20/2023","204.77","201.50","205.40","199.29","1.13M","1.19%"
"06/16/2023","202.36","203.63","206.33","199.96","3.20M","0.13%"
"06/15/2023","202.09","196.88","203.38","196.88","733.02K","2.16%"
"06/14/2023","197.81","195.83","198.71","195.00","969.61K","0.58%"
"06/13/2023","196.66","196.85","198.38","195.20","658.05K","-0.10%"
"06/12/2023","196.85","195.90","198.04","194.49","547.39K","1.04%"
"06/09/2023","194.82","195.54","197.00","194.09","425.60K","0.04%"
"06/08/2023","194.74","196.52","199.00","194.51","495.00K","-1.59%"
"06/07/2023","197.88","194.88","199.84","193.40","966.79K","1.54%"
"06/06/2023","194.88","191.88","195.96","191.18","606.88K","1.57%"
"06/05/2023","191.86","192.86","193.53","190.21","695.83K","-0.72%"
"06/02/2023","193.25","193.34","194.79","190.81","791.69K","0.58%"
"06/01/2023","192.14","191.59","195.38","190.51","1.32M","-0.40%"
"05/31/2023","192.91","192.47","193.40","189.90","3.27M","-0.13%"
"05/30/2023","193.16","196.00","197.49","191.90","717.21K","-0.92%"
"05/26/2023","194.95","195.00","197.65","194.13","708.20K","0.51%"
"05/25/2023","193.96","193.49","194.52","189.63","816.39K","0.60%"
"05/24/2023","192.81","194.42","195.99","191.79","693.37K","-1.53%"
"05/23/2023","195.80","200.01","204.23","193.91","784.76K","-2.95%"
"05/22/2023","201.75","197.58","203.20","196.26","859.76K","2.48%"
"05/19/2023","196.86","201.89","203.15","196.21","1.06M","-2.40%"
"05/18/2023","201.70","201.49","202.00","199.49","1.14M","2.03%"
"05/17/2023","197.68","201.93","202.93","196.75","830.67K","-1.75%"
"05/16/2023","201.21","203.25","204.99","201.13","639.74K","-1.11%"
"05/15/2023","203.47","200.20","205.30","198.50","781.84K","0.98%"
"05/12/2023","201.50","205.12","207.15","200.18","889.46K","-1.51%"
"05/11/2023","204.60","197.84","204.90","197.00","1.82M","6.16%"
"05/10/2023","192.73","222.73","224.11","186.32","3.72M","-15.05%"
"05/09/2023","226.88","222.08","228.40","221.50","1.14M","2.26%"
"05/08/2023","221.86","219.91","222.66","219.73","685.46K","0.89%"
"05/05/2023","219.91","218.46","220.57","214.00","796.71K","0.37%"
"05/04/2023","219.10","219.50","222.32","216.00","1.01M","-0.81%"
"05/03/2023","220.88","220.83","229.95","220.16","17.77M","0.30%"
"05/02/2023","220.22","216.58","220.58","214.01","1.19M","1.95%"
"05/01/2023","216.00","211.33","216.35","210.30","1.03M","2.51%"
"04/28/2023","210.71","213.82","214.34","207.72","654.72K","-2.25%"
"04/27/2023","215.55","216.76","217.48","212.56","675.35K","-0.27%"
"04/26/2023","216.13","220.00","221.02","216.09","508.08K","-2.14%"
"04/25/2023","220.85","223.89","224.50","220.35","529.25K","-1.63%"
"04/24/2023","224.50","224.66","226.81","222.38","614.91K","-0.23%"
"04/21/2023","225.02","224.61","227.27","223.31","513.21K","0.25%"
"04/20/2023","224.47","224.36","228.01","223.31","588.22K","-0.83%"
"04/19/2023","226.34","225.85","227.50","224.00","1.37M","-0.52%"
"04/18/2023","227.53","225.96","228.60","225.25","503.53K","0.87%"
"04/17/2023","225.57","225.00","228.79","224.52","485.53K","0.74%"
"04/14/2023","223.91","222.35","224.72","221.41","764.54K","0.27%"
"04/13/2023","223.31","224.46","225.08","220.80","843.37K","0.49%"
"04/12/2023","222.22","225.00","226.50","221.51","550.97K","-0.80%"
"04/11/2023","224.01","224.66","226.38","222.13","637.24K","0.62%"
"04/10/2023","222.63","218.67","222.78","217.55","395.83K","1.33%"
"04/06/2023","219.71","217.00","219.77","215.70","507.73K","1.11%"
"04/05/2023","217.29","221.20","223.00","213.73","682.89K","-2.56%"
"04/04/2023","223.00","227.90","229.00","221.20","466.28K","-1.93%"
"04/03/2023","227.39","223.98","227.49","221.99","537.30K","1.13%"
"03/31/2023","224.85","219.64","227.55","218.41","1.41M","3.28%"
"03/30/2023","217.70","219.30","219.39","216.25","572.71K","0.40%"
"03/29/2023","216.83","217.86","219.07","215.82","835.46K","0.57%"
"03/28/2023","215.60","217.62","218.99","214.78","448.04K","-1.37%"
"03/27/2023","218.59","218.75","220.80","215.72","469.59K","0.93%"
"03/24/2023","216.58","213.56","216.99","212.38","296.05K","0.40%"
"03/23/2023","215.72","215.30","217.66","211.29","505.16K","1.04%"
"03/22/2023","213.51","218.75","218.93","213.22","422.83K","-2.81%"
"03/21/2023","219.68","218.60","221.69","217.50","611.66K","2.79%"
"03/20/2023","213.72","214.15","215.45","212.02","699.36K","0.28%"
"03/17/2023","213.12","215.36","216.58","210.96","941.63K","-1.78%"
"03/16/2023","216.98","210.30","217.12","208.97","438.73K","2.73%"
"03/15/2023","211.21","212.54","213.40","207.30","610.23K","-1.76%"
"03/14/2023","215.00","214.77","216.18","212.14","930.93K","1.90%"
"03/13/2023","211.00","209.56","214.78","207.00","714.05K","-0.94%"
"03/10/2023","213.00","218.47","218.47","212.74","598.42K","-2.24%"
"03/09/2023","217.89","221.34","222.00","217.88","746.24K","-1.76%"
"03/08/2023","221.80","226.00","226.00","220.57","820.69K","-0.20%"
"03/07/2023","222.24","222.12","224.49","219.74","720.34K","0.39%"
"03/06/2023","221.38","217.59","223.81","216.12","804.32K","0.19%"
"03/03/2023","220.95","212.52","224.00","212.52","922.71K","1.21%"
"03/02/2023","218.31","215.00","219.69","212.20","1.05M","-1.24%"
"03/01/2023","221.06","208.74","221.31","202.85","2.17M","10.36%"
"02/28/2023","200.31","194.52","201.67","194.37","4.88M","2.74%"
"02/27/2023","194.97","194.44","199.53","194.13","815.54K","0.73%"
"02/24/2023","193.55","192.26","196.74","191.51","605.76K","-0.76%"
"02/23/2023","195.04","195.53","196.55","192.52","663.99K","0.75%"
"02/22/2023","193.59","191.14","194.87","190.41","459.69K","2.01%"
"02/21/2023","189.77","188.87","191.78","187.64","527.16K","0.27%"
"02/17/2023","189.26","192.86","193.56","186.51","836.68K","-3.46%"
"02/16/2023","196.05","197.35","200.97","195.91","405.18K","-1.48%"
"02/15/2023","198.99","194.79","199.30","192.91","395.54K","2.63%"
"02/14/2023","193.90","189.60","194.31","188.43","426.09K","1.88%"
"02/13/2023","190.32","186.88","190.45","183.65","562.94K","3.13%"
"02/10/2023","184.55","181.03","187.83","180.97","630.33K","0.40%"
"02/09/2023","183.81","187.00","191.22","183.45","810.51K","-0.64%"
"02/08/2023","185.00","186.79","189.57","184.74","1.16M","-1.90%"
"02/07/2023","188.58","194.76","194.76","168.30","2.40M","-3.76%"
"02/06/2023","195.95","197.36","200.69","194.58","558.53K","-1.13%"
"02/03/2023","198.19","196.20","202.44","195.70","461.59K","-0.18%"
"02/02/2023","198.54","200.00","204.99","196.41","681.37K","0.08%"
"02/01/2023","198.39","197.16","199.43","192.71","511.52K","1.51%"
"01/31/2023","195.44","191.80","195.64","191.80","790.27K","2.08%"
"01/30/2023","191.46","191.27","198.40","189.75","812.56K","-0.08%"
"01/27/2023","191.61","192.29","193.69","188.71","880.89K","-0.37%"
"01/26/2023","192.33","193.91","194.73","186.72","718.39K","0.08%"
"01/25/2023","192.18","188.34","193.18","184.04","555.97K","1.70%"
"01/24/2023","188.96","188.13","189.84","184.50","577.80K","0.01%"
"01/23/2023","188.95","187.22","194.80","185.92","1.46M","2.12%"
"01/20/2023","185.02","186.08","186.50","182.72","585.21K","0.52%"
"01/19/2023","184.06","181.52","185.50","181.52","567.09K","0.98%"
"01/18/2023","182.27","186.33","188.76","181.66","559.07K","-1.19%"
"01/17/2023","184.47","188.31","189.14","184.27","582.15K","-1.95%"
"01/13/2023","188.13","182.69","189.62","182.13","774.95K","2.20%"
"01/12/2023","184.08","181.44","184.65","179.01","519.16K","1.46%"
"01/11/2023","181.43","180.87","183.25","178.02","637.88K","1.17%"
"01/10/2023","179.33","177.77","181.19","176.99","489.60K","1.06%"
"01/09/2023","177.45","171.96","178.87","171.96","740.74K","3.83%"
"01/06/2023","170.90","166.47","171.52","166.14","372.91K","3.11%"
"01/05/2023","165.74","166.97","170.66","165.72","537.11K","-1.79%"
"01/04/2023","168.76","168.24","171.13","166.65","438.14K","0.31%"
"01/03/2023","168.24","167.88","168.92","164.66","441.46K","1.39%"
"12/30/2022","165.93","163.87","166.71","162.39","341.71K","0.21%"
"12/29/2022","165.58","166.49","168.20","165.16","296.29K","0.29%"
"12/28/2022","165.10","165.87","167.81","164.25","290.32K","-0.69%"
"12/27/2022","166.25","168.73","172.48","166.23","291.23K","-1.62%"
"12/23/2022","168.98","168.20","171.24","165.50","306.60K","0.69%"
"12/22/2022","167.82","172.64","173.11","165.63","370.35K","-3.95%"
"12/21/2022","174.72","172.63","175.65","171.86","500.11K","1.95%"
"12/20/2022","171.37","167.20","171.87","166.61","579.24K","2.27%"
"12/19/2022","167.57","168.96","171.42","166.65","471.00K","-1.05%"
"12/16/2022","169.34","169.73","171.96","168.29","709.73K","-1.01%"
"12/15/2022","171.06","172.20","172.82","169.79","393.22K","-1.42%"
"12/14/2022","173.52","171.45","175.74","170.07","412.26K","1.59%"
"12/13/2022","170.81","175.29","175.49","169.25","596.07K","1.32%"
"12/12/2022","168.59","170.26","171.22","168.44","394.72K","-0.01%"
"12/09/2022","168.61","171.62","172.73","168.38","399.28K","-1.81%"
"12/08/2022","171.71","171.78","175.00","169.83","536.32K","0.91%"
"12/07/2022","170.16","170.41","171.84","168.30","1.16M","0.43%"
"12/06/2022","169.43","176.90","176.90","168.69","1.06M","-7.92%"
"12/05/2022","184.01","186.39","188.30","183.19","423.15K","-2.55%"
"12/02/2022","188.83","183.24","190.48","181.57","449.63K","1.77%"
"12/01/2022","185.55","177.95","186.94","176.38","772.67K","0.83%"
"11/30/2022","184.03","181.28","185.15","180.59","836.61K","1.53%"
"11/29/2022","181.26","184.22","185.21","181.08","428.32K","-1.46%"
"11/28/2022","183.94","187.00","188.67","183.65","365.31K","-2.12%"
"11/25/2022","187.92","187.37","188.28","185.86","266.02K","0.09%"
"11/23/2022","187.75","188.66","189.85","186.80","412.88K","0.23%"
"11/22/2022","187.31","187.06","188.00","184.03","409.83K","0.19%"
"11/21/2022","186.95","184.71","188.98","182.11","353.38K","0.93%"
"11/18/2022","185.22","193.85","193.85","183.94","853.87K","-3.60%"
"11/17/2022","192.14","189.10","192.24","186.15","539.91K","0.58%"
"11/16/2022","191.04","187.11","191.39","180.73","645.63K","1.64%"
"11/15/2022","187.96","180.72","188.18","180.61","725.45K","3.91%"
"11/14/2022","180.89","180.53","185.24","177.61","654.84K","-1.12%"
"11/11/2022","182.94","178.17","188.74","178.00","842.60K","0.10%"
"11/10/2022","182.75","177.00","184.75","175.00","871.82K","6.35%"
"11/09/2022","171.84","162.00","177.88","161.70","1.63M","14.56%"
"11/08/2022","150.00","149.00","150.01","144.82","718.75K","1.05%"
"11/07/2022","148.44","149.29","149.29","145.50","554.43K","-0.15%"
"11/04/2022","148.66","149.71","149.82","143.68","535.84K","0.85%"
"11/03/2022","147.40","142.68","148.56","142.46","795.80K","1.50%"
"11/02/2022","145.22","146.61","149.65","144.82","842.60K","-1.61%"
"11/01/2022","147.59","147.17","148.68","145.43","631.64K","1.48%"
"10/31/2022","145.44","142.17","145.50","140.64","556.35K","2.37%"
"10/28/2022","142.07","140.27","142.18","138.61","372.50K","1.49%"
"10/27/2022","139.99","137.94","140.62","136.52","395.21K","2.16%"
"10/26/2022","137.03","135.91","141.13","135.02","531.13K","-0.07%"
"10/25/2022","137.12","138.06","139.82","134.48","629.67K","-0.54%"
"10/24/2022","137.87","130.96","139.19","129.50","810.18K","5.57%"
"10/21/2022","130.60","126.60","130.78","124.11","354.43K","3.15%"
"10/20/2022","126.61","123.19","128.37","123.17","345.99K","1.82%"
"10/19/2022","124.35","127.96","128.29","121.78","611.35K","-2.97%"
"10/18/2022","128.16","128.29","129.92","126.22","471.10K","2.75%"
"10/17/2022","124.73","121.89","125.77","121.89","303.00K","4.42%"
"10/14/2022","119.45","122.41","122.98","117.35","404.33K","-1.22%"
"10/13/2022","120.92","118.01","122.04","115.03","365.47K","0.28%"
"10/12/2022","120.58","121.35","122.45","119.67","269.39K","-0.63%"
"10/11/2022","121.35","125.79","127.83","120.18","523.49K","-3.81%"
"10/10/2022","126.16","124.13","128.09","121.53","564.90K","1.95%"
"10/07/2022","123.75","123.94","124.55","121.63","403.97K","-2.13%"
"10/06/2022","126.44","123.57","128.79","123.57","470.40K","2.55%"
"10/05/2022","123.29","119.17","124.23","118.56","557.35K","1.93%"
"10/04/2022","120.95","119.45","121.70","119.26","322.35K","4.29%"
"10/03/2022","115.97","116.09","116.99","112.54","287.35K","0.19%"
"09/30/2022","115.75","113.92","118.69","113.92","447.25K","1.39%"
"09/29/2022","114.16","113.75","114.70","111.33","372.30K","-1.32%"
"09/28/2022","115.69","113.94","116.06","113.32","261.69K","2.16%"
"09/27/2022","113.24","111.89","113.92","109.47","418.16K","2.34%"
"09/26/2022","110.65","112.42","114.88","110.01","375.20K","-2.48%"
"09/23/2022","113.46","110.00","113.75","109.31","433.96K","1.35%"
"09/22/2022","111.95","115.20","115.20","110.89","477.33K","-3.65%"
"09/21/2022","116.19","118.20","120.53","116.13","452.11K","-0.77%"
"09/20/2022","117.09","116.70","117.92","114.19","292.07K","-0.74%"
"09/19/2022","117.96","118.04","119.89","115.68","271.82K","-0.32%"
"09/16/2022","118.34","118.10","119.43","115.58","1.34M","-1.52%"
"09/15/2022","120.17","120.25","122.59","118.50","287.27K","0.13%"
"09/14/2022","120.01","118.98","120.21","116.01","314.81K","1.09%"
"09/13/2022","118.72","119.80","120.42","117.90","293.16K","-4.87%"
"09/12/2022","124.80","124.99","125.40","122.62","332.29K","0.49%"
"09/09/2022","124.19","123.06","125.12","123.06","230.12K","1.19%"
"09/08/2022","122.73","122.15","124.50","121.61","229.93K","-0.81%"
"09/07/2022","123.73","117.80","124.17","117.28","357.11K","5.11%"
"09/06/2022","117.71","115.44","117.88","114.58","478.75K","1.67%"
"09/02/2022","115.78","116.75","116.97","113.42","569.34K","0.68%"
"09/01/2022","115.00","115.13","115.83","111.93","295.90K","-1.44%"
"08/31/2022","116.68","118.44","120.14","115.63","271.11K","-0.88%"
"08/30/2022","117.71","121.33","124.21","117.01","239.86K","-2.41%"
"08/29/2022","120.62","120.38","122.02","118.55","252.72K","-1.33%"
"08/26/2022","122.24","127.70","127.70","122.02","265.99K","-4.25%"
"08/25/2022","127.66","124.18","127.76","123.86","225.15K","3.47%"
"08/24/2022","123.38","121.81","125.25","121.76","231.11K","1.25%"
"08/23/2022","121.86","128.12","129.16","121.81","329.74K","-4.90%"
"08/22/2022","128.14","127.59","129.72","126.20","631.30K","-1.96%"
"08/19/2022","130.70","130.79","131.36","129.49","405.63K","-1.09%"
"08/18/2022","132.14","131.61","132.18","130.26","318.88K","1.20%"
"08/17/2022","130.57","131.04","132.41","129.02","250.13K","-2.00%"
"08/16/2022","133.23","130.65","133.26","129.04","330.21K","0.99%"
"08/15/2022","131.92","127.48","132.71","127.48","322.82K","1.88%"
"08/12/2022","129.49","124.00","129.56","123.15","477.18K","4.34%"
"08/11/2022","124.10","126.49","127.40","123.31","348.49K","-1.56%"
"08/10/2022","126.07","119.43","129.48","119.35","803.65K","12.95%"
"08/09/2022","111.62","114.22","114.96","111.02","380.10K","-3.97%"
"08/08/2022","116.23","117.89","120.61","115.78","316.01K","-0.05%"
"08/05/2022","116.29","114.98","117.47","114.10","258.36K","-0.27%"
"08/04/2022","116.60","117.06","117.99","114.32","226.40K","-0.06%"
"08/03/2022","116.67","114.34","116.95","113.58","226.86K","3.24%"
"08/02/2022","113.01","109.63","113.93","109.63","268.63K","1.81%"
"08/01/2022","111.00","109.38","112.27","107.50","312.52K","0.74%"
"07/29/2022","110.19","107.33","111.13","106.11","389.43K","2.10%"
"07/28/2022","107.92","104.54","108.41","104.54","275.02K","3.36%"
"07/27/2022","104.41","100.43","104.72","99.52","276.87K","5.64%"
"07/26/2022","98.84","100.89","100.89","97.86","263.86K","-2.52%"
"07/25/2022","101.40","102.12","102.39","99.75","252.25K","-0.71%"
"07/22/2022","102.12","105.14","105.21","101.22","185.82K","-2.25%"
"07/21/2022","104.47","103.54","105.63","103.30","227.03K","0.96%"
"07/20/2022","103.48","98.62","103.97","97.84","313.88K","5.99%"
"07/19/2022","97.63","96.63","98.44","95.93","296.24K","2.71%"
"07/18/2022","95.05","95.57","97.71","94.86","338.60K","0.42%"
"07/15/2022","94.65","92.54","94.99","91.85","225.72K","3.71%"
"07/14/2022","91.26","91.15","91.99","88.61","207.16K","-1.42%"
"07/13/2022","92.57","91.61","94.17","90.30","209.77K","0.09%"
"07/12/2022","92.49","94.52","95.71","91.48","287.94K","-1.21%"
"07/11/2022","93.62","96.45","96.45","92.66","235.37K","-3.34%"
"07/08/2022","96.85","95.98","97.92","94.44","214.62K","-1.07%"
"07/07/2022","97.90","93.99","98.69","93.99","271.78K","4.12%"
"07/06/2022","94.03","96.25","96.79","92.00","279.34K","-1.69%"
"07/05/2022","95.65","92.63","95.73","89.76","355.80K","2.60%"
"07/01/2022","93.23","93.72","94.54","91.37","279.03K","0.06%"
"06/30/2022","93.17","94.17","95.36","90.67","306.11K","-2.58%"
"06/29/2022","95.64","95.44","96.22","92.25","333.06K","0.67%"
"06/28/2022","95.00","97.41","98.98","94.58","370.81K","-1.85%"
"06/27/2022","96.79","96.65","97.13","93.69","451.50K","0.66%"
"06/24/2022","96.16","92.14","96.59","92.00","803.70K","5.64%"
"06/23/2022","91.03","86.97","91.39","86.32","473.90K","5.41%"
"06/22/2022","86.36","83.77","87.89","83.01","479.55K","2.27%"
"06/21/2022","84.44","88.38","90.14","84.08","760.63K","-3.62%"
"06/17/2022","87.61","86.16","89.17","86.04","1.25M","2.93%"
"06/16/2022","85.12","88.07","89.26","83.79","625.14K","-6.34%"
"06/15/2022","90.88","89.17","92.10","88.29","649.41K","3.85%"
"06/14/2022","87.51","90.09","90.45","86.21","554.99K","-2.56%"
"06/13/2022","89.81","92.38","93.49","88.90","509.83K","-6.94%"
"06/10/2022","96.51","98.20","99.48","95.22","313.81K","-4.48%"
"06/09/2022","101.04","102.65","103.33","100.01","288.32K","-1.79%"
"06/08/2022","102.88","103.99","105.86","102.70","197.00K","-1.14%"
"06/07/2022","104.07","101.32","104.98","100.86","187.94K","1.35%"
"06/06/2022","102.68","104.00","105.87","100.98","376.06K","-0.40%"
"06/03/2022","103.09","102.94","104.76","101.64","344.43K","-1.92%"
"06/02/2022","105.11","99.25","105.29","99.25","307.55K","5.80%"
"06/01/2022","99.35","101.80","104.21","97.91","274.83K","-1.98%"
"05/31/2022","101.36","102.14","102.65","99.06","396.90K","-1.13%"
"05/27/2022","102.52","99.91","102.86","98.50","300.99K","4.06%"
"05/26/2022","98.52","96.01","99.41","96.01","315.23K","3.12%"
"05/25/2022","95.54","91.45","95.81","91.45","338.87K","3.22%"
"05/24/2022","92.56","93.34","93.47","89.90","319.79K","-2.30%"
"05/23/2022","94.74","95.77","97.08","90.81","525.90K","-4.69%"
"05/20/2022","99.40","100.99","101.31","96.82","412.60K","0.83%"
"05/19/2022","98.58","96.06","99.97","96.06","459.73K","2.42%"
"05/18/2022","96.25","95.37","97.84","94.78","465.08K","-0.57%"
"05/17/2022","96.80","98.01","99.98","93.90","499.17K","1.42%"
"05/16/2022","95.44","95.84","97.87","93.00","441.71K","-2.83%"
"05/13/2022","98.22","90.37","100.16","90.37","640.36K","12.84%"
"05/12/2022","87.04","83.60","89.36","82.49","600.69K","3.16%"
"05/11/2022","84.37","87.16","93.42","83.57","890.79K","-5.69%"
"05/10/2022","89.46","92.68","94.00","85.88","671.28K","1.79%"
"05/09/2022","87.89","93.91","93.91","87.35","1.08M","-8.44%"
"05/06/2022","95.99","97.50","99.00","94.80","529.37K","-3.54%"
"05/05/2022","99.51","116.76","116.81","96.32","922.88K","-13.87%"
"05/04/2022","115.54","116.17","116.76","108.46","359.59K","0.60%"
"05/03/2022","114.85","116.03","118.17","114.03","225.79K","-1.21%"
"05/02/2022","116.26","112.35","116.67","110.74","292.62K","3.62%"
"04/29/2022","112.20","115.33","118.65","111.78","238.86K","-3.33%"
"04/28/2022","116.06","114.98","116.28","111.38","637.25K","2.13%"
"04/27/2022","113.64","113.82","115.86","112.33","294.70K","0.26%"
"04/26/2022","113.34","119.61","119.92","113.34","338.74K","-6.17%"
"04/25/2022","120.79","117.13","121.18","115.64","338.16K","2.35%"
"04/22/2022","118.02","121.35","123.51","118.01","406.90K","-2.18%"
"04/21/2022","120.65","126.76","128.05","120.14","404.71K","-3.20%"
"04/20/2022","124.64","129.36","129.41","124.43","487.49K","-4.12%"
"04/19/2022","130.00","122.05","130.47","121.92","379.37K","6.27%"
"04/18/2022","122.33","122.14","122.52","118.01","312.67K","-0.72%"
"04/14/2022","123.22","125.40","125.44","122.03","285.46K","-1.64%"
"04/13/2022","125.27","125.63","127.47","124.01","454.80K","-0.29%"
"04/12/2022","125.63","126.00","128.09","124.39","385.28K","0.99%"
"04/11/2022","124.40","126.40","128.01","124.32","384.99K","-2.68%"
"04/08/2022","127.82","132.64","133.01","127.81","284.18K","-3.74%"
"04/07/2022","132.79","130.13","133.57","130.13","286.66K","1.24%"
"04/06/2022","131.17","136.76","136.76","130.12","340.67K","-5.59%"
"04/05/2022","138.93","141.17","141.84","137.86","469.02K","-0.76%"
"04/04/2022","140.00","140.21","142.50","139.14","517.33K","0.50%"
"04/01/2022","139.31","137.69","140.00","137.37","689.50K","1.15%"
"03/31/2022","137.73","139.00","139.96","137.25","491.84K","-0.91%"
"03/30/2022","139.00","138.81","139.30","135.26","443.08K","0.01%"
"03/29/2022","138.99","136.21","140.33","136.21","466.92K","2.87%"
"03/28/2022","135.11","132.32","135.67","131.36","309.11K","1.82%"
"03/25/2022","132.69","139.26","139.26","132.17","294.89K","-3.95%"
"03/24/2022","138.15","135.95","138.84","134.05","310.46K","2.47%"
"03/23/2022","134.82","136.91","137.35","133.86","360.19K","-2.07%"
"03/22/2022","137.67","134.32","138.37","133.51","302.29K","2.46%"
"03/21/2022","134.37","133.65","135.37","131.12","287.13K","-0.39%"
"03/18/2022","134.89","131.83","136.86","131.83","1.04M","2.70%"
"03/17/2022","131.34","126.45","131.66","124.88","330.32K","3.17%"
"03/16/2022","127.30","123.72","127.39","122.86","350.86K","5.05%"
"03/15/2022","121.18","121.21","121.64","118.58","318.24K","0.73%"
"03/14/2022","120.30","124.06","126.00","117.78","389.41K","-3.50%"
"03/11/2022","124.66","132.87","132.87","124.58","274.38K","-4.35%"
"03/10/2022","130.33","128.96","131.13","126.90","297.99K","-0.99%"
"03/09/2022","131.63","127.32","132.48","126.93","256.83K","5.28%"
"03/08/2022","125.03","125.16","127.97","122.63","331.94K","-0.87%"
"03/07/2022","126.13","137.94","139.14","125.83","688.58K","-8.69%"
"03/04/2022","138.13","140.52","143.17","136.17","340.93K","-1.44%"
"03/03/2022","140.15","146.06","146.51","138.85","306.04K","-3.08%"
"03/02/2022","144.61","142.17","145.47","138.61","374.46K","1.75%"
"03/01/2022","142.12","138.73","144.43","138.08","525.02K","1.33%"
"02/28/2022","140.25","134.25","142.14","133.60","655.97K","4.55%"
"02/25/2022","134.14","135.49","135.84","125.06","661.46K","3.07%"
"02/24/2022","130.15","118.38","130.45","117.05","582.51K","6.30%"
"02/23/2022","122.44","128.14","129.37","121.91","393.42K","-3.41%"
"02/22/2022","126.76","127.68","130.63","125.81","365.91K","-1.33%"
"02/18/2022","128.47","132.79","133.98","128.34","331.77K","-3.10%"
"02/17/2022","132.58","139.54","139.54","132.46","302.76K","-6.24%"
"02/16/2022","141.41","142.28","143.29","139.34","161.59K","-1.28%"
"02/15/2022","143.25","142.14","144.09","140.60","238.73K","1.95%"
"02/14/2022","140.51","139.20","143.52","137.51","341.43K","0.66%"
"02/11/2022","139.59","145.24","145.50","138.36","412.19K","-3.18%"
"02/10/2022","144.18","144.72","148.29","143.22","535.42K","-3.07%"
"02/09/2022","148.75","147.18","148.87","145.76","286.24K","2.35%"
"02/08/2022","145.33","143.12","148.11","142.39","317.01K","0.60%"
"02/07/2022","144.46","142.99","145.92","142.27","431.92K","1.03%"
"02/04/2022","142.99","140.41","144.59","137.57","303.73K","2.14%"
"02/03/2022","139.99","139.16","140.68","137.42","363.56K","-1.52%"
"02/02/2022","142.15","144.30","144.30","141.26","327.28K","-1.28%"
"02/01/2022","144.00","142.05","144.04","139.04","419.93K","2.91%"
"01/31/2022","139.93","136.74","141.00","136.00","495.47K","2.84%"
"01/28/2022","136.07","129.72","136.11","128.31","550.99K","5.15%"
"01/27/2022","129.40","129.18","130.84","127.28","825.09K","0.94%"
"01/26/2022","128.19","129.72","135.00","127.37","487.51K","0.09%"
"01/25/2022","128.07","133.00","135.59","128.01","1.10M","-5.55%"
"01/24/2022","135.59","130.07","135.88","124.66","848.17K","1.98%"
"01/21/2022","132.96","132.97","136.49","131.36","632.28K","-0.64%"
"01/20/2022","133.82","133.71","137.58","133.60","393.93K","0.96%"
"01/19/2022","132.55","132.42","135.37","130.80","484.39K","0.26%"
"01/18/2022","132.20","137.14","137.53","132.00","488.13K","-3.62%"
"01/14/2022","137.17","140.63","143.13","135.15","633.00K","-4.51%"
"01/13/2022","143.65","151.90","152.48","143.44","385.45K","-4.89%"
"01/12/2022","151.03","150.68","151.82","146.42","498.51K","0.85%"
"01/11/2022","149.76","147.34","150.23","145.91","339.34K","1.53%"
"01/10/2022","147.51","143.62","147.74","140.62","593.39K","1.60%"
"01/07/2022","145.19","150.01","151.89","144.81","765.96K","-3.30%"
"01/06/2022","150.14","148.23","151.59","146.00","760.47K","1.45%"
"01/05/2022","147.99","150.63","150.81","146.91","1.57M","-2.32%"
"01/04/2022","151.51","151.96","152.40","149.13","849.31K","-0.89%"
"01/03/2022","152.87","156.60","157.50","150.85","443.59K","-2.63%"
"12/31/2021","157.00","155.17","157.25","154.58","471.27K","0.60%"
"12/30/2021","156.07","153.96","157.68","153.96","215.43K","0.89%"
"12/29/2021","154.70","153.25","155.55","151.80","226.72K","0.58%"
"12/28/2021","153.81","160.95","161.00","153.63","236.29K","-4.54%"
"12/27/2021","161.12","160.60","162.57","159.40","380.70K","0.36%"
"12/23/2021","160.54","160.00","162.25","158.71","324.73K","0.96%"
"12/22/2021","159.01","156.27","159.54","153.58","484.67K","1.47%"
"12/21/2021","156.70","150.61","157.46","149.00","759.36K","3.87%"
"12/20/2021","150.86","146.00","152.14","144.93","824.52K","4.09%"
"12/17/2021","144.93","141.54","146.21","139.60","866.07K","1.98%"
"12/16/2021","142.11","148.14","148.55","141.26","432.93K","-3.68%"
"12/15/2021","147.54","144.93","147.77","142.15","549.65K","1.24%"
"12/14/2021","145.73","143.05","148.81","141.26","858.29K","4.92%"
"12/13/2021","138.89","141.67","144.49","138.68","565.31K","-1.81%"
"12/10/2021","141.45","147.84","148.32","139.41","810.33K","-3.43%"
"12/09/2021","146.47","152.90","153.49","146.32","587.52K","-3.30%"
"12/08/2021","151.47","153.79","153.79","149.57","629.72K","-1.51%"
"12/07/2021","153.79","150.52","155.79","148.80","652.18K","3.76%"
"12/06/2021","148.22","150.25","150.96","145.94","663.49K","-2.11%"
"12/03/2021","151.41","160.03","160.08","149.38","753.05K","-4.99%"
"12/02/2021","159.36","164.53","164.90","158.35","575.77K","-3.28%"
"12/01/2021","164.77","162.81","172.63","162.10","504.06K","-2.38%"
"11/30/2021","168.79","177.73","181.08","168.75","651.47K","-6.10%"
"11/29/2021","179.75","178.59","180.67","176.61","389.35K","1.44%"
"11/26/2021","177.20","176.72","181.11","174.46","260.14K","-1.48%"
"11/24/2021","179.86","174.46","180.26","173.32","418.29K","3.16%"
"11/23/2021","174.35","180.29","182.32","170.54","643.55K","-3.66%"
"11/22/2021","180.98","182.12","186.84","179.26","660.36K","-0.53%"
"11/19/2021","181.94","174.84","183.43","174.84","827.21K","4.31%"
"11/18/2021","174.43","172.66","180.87","172.00","543.72K","0.89%"
"11/17/2021","172.89","180.40","180.44","172.40","947.59K","-2.76%"
"11/16/2021","177.79","208.84","209.00","174.78","3.15M","6.20%"
"11/15/2021","167.41","172.23","173.58","167.25","750.15K","-1.76%"
"11/12/2021","170.41","169.52","170.81","168.23","432.59K","0.86%"
"11/11/2021","168.95","171.11","171.49","168.29","293.92K","-0.76%"
"11/10/2021","170.25","175.01","177.27","169.36","303.32K","-3.49%"
"11/09/2021","176.40","176.78","180.06","175.35","385.99K","-0.14%"
"11/08/2021","176.65","182.50","182.60","176.05","445.22K","-3.28%"
"11/05/2021","182.64","186.10","188.80","181.68","351.61K","-1.03%"
"11/04/2021","184.54","186.10","187.83","182.95","232.71K","-0.20%"
"11/03/2021","184.91","182.20","185.41","181.50","282.46K","1.82%"
"11/02/2021","181.60","181.72","182.25","179.36","291.16K","0.51%"
"11/01/2021","180.67","180.99","182.69","178.96","359.84K","0.39%"
"10/29/2021","179.96","174.21","180.50","173.77","342.53K","3.05%"
"10/28/2021","174.64","175.98","177.95","173.16","312.90K","-0.94%"
"10/27/2021","176.30","180.61","182.04","176.09","248.88K","-2.16%"
"10/26/2021","180.20","182.18","183.55","179.46","318.90K","0.22%"
"10/25/2021","179.80","184.86","184.86","179.62","370.49K","-1.56%"
"10/22/2021","182.65","185.35","186.00","179.70","275.96K","-1.06%"
"10/21/2021","184.60","179.33","185.43","179.30","432.43K","3.10%"
"10/20/2021","179.05","186.39","187.41","178.88","300.27K","-3.36%"
"10/19/2021","185.27","183.03","185.86","181.08","295.66K","1.96%"
"10/18/2021","181.70","177.27","182.81","176.31","194.86K","2.11%"
"10/15/2021","177.94","179.77","180.51","177.73","218.26K","-0.61%"
"10/14/2021","179.03","178.52","180.61","177.70","223.15K","1.36%"
"10/13/2021","176.62","173.12","177.37","172.62","219.63K","3.03%"
"10/12/2021","171.43","168.23","173.02","168.00","141.35K","2.35%"
"10/11/2021","167.50","164.28","171.30","162.76","214.93K","1.79%"
"10/08/2021","164.55","169.35","169.85","164.32","158.75K","-2.60%"
"10/07/2021","168.94","166.79","170.26","166.55","176.46K","1.76%"
"10/06/2021","166.02","164.06","166.99","161.85","258.94K","0.45%"
"10/05/2021","165.28","166.95","170.00","164.65","380.86K","-0.49%"
"10/04/2021","166.09","177.56","177.56","164.62","531.48K","-7.09%"
"10/01/2021","178.77","176.44","179.32","173.54","276.09K","2.14%"
"09/30/2021","175.02","176.28","179.10","174.75","362.80K","-0.07%"
"09/29/2021","175.14","178.73","180.20","174.67","290.69K","-1.38%"
"09/28/2021","177.59","177.88","178.38","172.85","727.96K","-0.80%"
"09/27/2021","179.02","178.90","179.73","177.68","248.86K","-0.41%"
"09/24/2021","179.75","175.61","180.53","175.61","233.33K","1.71%"
"09/23/2021","176.73","175.83","177.58","174.16","194.08K","0.99%"
"09/22/2021","175.00","175.40","176.08","173.53","228.44K","0.20%"
"09/21/2021","174.65","173.87","176.74","173.87","276.80K","0.99%"
"09/20/2021","172.94","169.91","173.82","168.76","444.20K","0.32%"
"09/17/2021","172.38","176.74","178.30","170.29","1.35M","-3.99%"
"09/16/2021","179.54","177.83","180.39","177.83","275.86K","0.96%"
"09/15/2021","177.83","176.01","178.71","172.67","311.98K","0.32%"
"09/14/2021","177.26","175.64","179.39","175.64","256.76K","0.57%"
"09/13/2021","176.25","180.00","180.51","175.13","286.02K","-1.98%"
"09/10/2021","179.81","183.28","183.28","178.80","324.41K","-0.74%"
"09/09/2021","181.15","182.99","187.09","180.95","338.61K","-0.77%"
"09/08/2021","182.56","181.85","183.74","180.16","228.41K","-0.06%"
"09/07/2021","182.67","184.27","185.99","181.59","281.36K","-1.20%"
"09/03/2021","184.89","182.00","185.51","180.65","204.48K","1.10%"
"09/02/2021","182.87","181.62","184.91","181.06","240.39K","0.67%"
"09/01/2021","181.65","181.78","184.67","181.22","529.45K","-0.12%"
"08/31/2021","181.87","193.41","194.00","181.61","548.06K","-5.69%"
"08/30/2021","192.84","187.86","193.22","185.86","428.74K","3.12%"
"08/27/2021","187.01","186.02","189.50","185.95","322.40K","1.00%"
"08/26/2021","185.15","187.23","188.67","183.69","421.81K","-0.67%"
"08/25/2021","186.40","186.30","187.88","184.28","563.54K","0.32%"
"08/24/2021","185.80","187.30","187.99","184.82","252.27K","-0.50%"
"08/23/2021","186.73","187.26","189.60","186.33","222.30K","-0.05%"
"08/20/2021","186.83","181.54","186.92","181.23","196.30K","2.93%"
"08/19/2021","181.52","182.03","184.32","180.29","167.96K","-0.65%"
"08/18/2021","182.71","183.52","185.00","180.70","172.06K","-0.40%"
"08/17/2021","183.45","183.81","184.63","180.89","174.51K","-1.50%"
"08/16/2021","186.24","183.40","187.37","182.15","272.14K","0.59%"
"08/13/2021","185.14","186.61","188.35","184.67","165.84K","-0.70%"
"08/12/2021","186.45","183.53","187.39","181.70","246.55K","0.97%"
"08/11/2021","184.65","183.28","185.49","180.50","246.06K","0.47%"
"08/10/2021","183.79","191.79","191.79","183.35","360.00K","-4.46%"
"08/09/2021","192.37","191.83","194.14","189.33","237.72K","-0.11%"
"08/06/2021","192.59","196.39","198.00","189.96","459.94K","-0.47%"
"08/05/2021","193.49","190.42","195.29","188.29","310.44K","1.24%"
"08/04/2021","191.12","187.05","193.28","186.55","428.81K","2.03%"
"08/03/2021","187.32","189.40","191.00","184.62","369.86K","-1.22%"
"08/02/2021","189.64","186.80","191.83","186.40","592.35K","1.95%"
"07/30/2021","186.02","185.28","188.37","184.41","256.98K","-0.21%"
"07/29/2021","186.42","186.34","188.20","184.78","164.36K","0.18%"
"07/28/2021","186.09","180.54","186.86","179.27","263.55K","3.07%"
"07/27/2021","180.54","181.11","181.99","176.55","208.06K","-0.82%"
"07/26/2021","182.04","183.30","184.78","180.73","176.10K","-0.54%"
"07/23/2021","183.03","180.72","184.00","179.28","224.23K","1.37%"
"07/22/2021","180.55","181.76","182.13","178.14","224.54K","-0.50%"
"07/21/2021","181.45","180.06","182.68","177.27","333.85K","0.49%"
"07/20/2021","180.56","175.97","182.66","172.75","451.39K","2.77%"
"07/19/2021","175.70","170.77","176.39","169.48","251.41K","1.12%"
"07/16/2021","173.76","174.30","177.06","173.21","315.91K","0.09%"
"07/15/2021","173.61","177.73","178.60","169.26","305.24K","-2.09%"
"07/14/2021","177.31","182.39","183.63","176.35","242.24K","-2.74%"
"07/13/2021","182.30","178.93","185.29","178.22","379.37K","1.32%"
"07/12/2021","179.92","178.95","180.60","174.59","344.07K","0.91%"
"07/09/2021","178.29","178.74","178.74","175.22","208.73K","0.34%"
"07/08/2021","177.68","170.50","177.94","168.41","287.08K","1.06%"
"07/07/2021","175.81","177.21","177.57","172.92","214.97K","-0.50%"
"07/06/2021","176.70","177.88","177.88","174.59","350.67K","-0.61%"
"07/02/2021","177.79","174.79","178.17","173.66","266.32K","2.61%"
"07/01/2021","173.26","176.80","176.80","172.38","430.28K","-2.00%"
"06/30/2021","176.80","176.10","179.30","175.70","573.20K","1.53%"
"06/29/2021","174.14","172.17","176.00","171.59","394.87K","1.21%"
"06/28/2021","172.06","174.14","176.00","170.66","418.15K","-0.07%"
"06/25/2021","172.18","169.00","173.00","167.36","597.35K","2.57%"
"06/24/2021","167.87","166.92","168.12","164.45","312.67K","1.14%"
"06/23/2021","165.98","160.65","167.61","160.65","475.02K","3.34%"
"06/22/2021","160.62","158.27","161.10","157.29","302.67K","1.17%"
"06/21/2021","158.76","157.44","159.97","154.56","258.18K","1.22%"
"06/18/2021","156.85","152.08","163.16","152.08","861.85K","2.12%"
"06/17/2021","153.60","151.12","154.07","151.10","571.52K","1.05%"
"06/16/2021","152.00","155.29","156.84","151.11","552.44K","-1.61%"
"06/15/2021","154.49","157.00","158.60","153.99","407.41K","-1.59%"
"06/14/2021","156.99","158.49","160.07","156.36","821.18K","-0.29%"
"06/11/2021","157.44","151.71","157.79","151.51","509.66K","4.46%"
"06/10/2021","150.72","148.55","151.40","147.12","229.68K","1.80%"
"06/09/2021","148.05","152.85","153.00","147.82","361.85K","-1.99%"
"06/08/2021","151.06","148.09","151.99","145.94","482.00K","3.04%"
"06/07/2021","146.61","141.13","146.94","139.55","316.55K","3.86%"
"06/04/2021","141.16","138.34","141.34","138.34","206.51K","2.15%"
"06/03/2021","138.19","139.00","140.41","137.45","236.08K","-2.40%"
"06/02/2021","141.59","139.53","141.86","137.32","299.44K","1.75%"
"06/01/2021","139.15","142.42","142.95","136.53","355.15K","-1.02%"
"05/28/2021","140.59","140.09","143.38","139.48","464.41K","0.80%"
"05/27/2021","139.48","136.12","139.78","135.07","367.36K","2.51%"
"05/26/2021","136.06","131.89","137.28","131.38","337.05K","4.08%"
"05/25/2021","130.73","130.65","134.20","130.62","293.44K","0.57%"
"05/24/2021","129.99","128.81","131.61","127.86","280.15K","2.30%"
"05/21/2021","127.07","131.50","131.99","126.48","344.63K","-2.49%"
"05/20/2021","130.31","127.81","131.50","127.09","334.95K","2.77%"
"05/19/2021","126.80","123.81","128.30","123.53","581.54K","2.73%"
"05/18/2021","123.43","134.31","134.46","121.09","1.14M","-7.61%"
"05/17/2021","133.59","130.75","134.13","130.43","346.06K","0.63%"
"05/14/2021","132.76","128.09","133.09","128.09","385.11K","5.16%"
"05/13/2021","126.25","124.56","127.76","123.02","391.59K","1.74%"
"05/12/2021","124.09","129.13","130.12","123.27","580.48K","-5.96%"
"05/11/2021","131.96","125.00","134.65","123.16","552.11K","2.29%"
"05/10/2021","129.00","132.84","133.99","127.50","387.13K","-4.26%"
"05/07/2021","134.74","138.08","141.11","132.07","610.08K","2.97%"
"05/06/2021","130.86","140.69","141.39","128.34","887.41K","-7.35%"
"05/05/2021","141.24","142.47","144.87","140.16","199.16K","-0.86%"
"05/04/2021","142.46","148.01","148.33","141.72","307.84K","-4.38%"
"05/03/2021","148.98","152.26","152.53","148.65","188.24K","-1.73%"
"04/30/2021","151.61","152.17","154.82","151.00","195.38K","-1.58%"
"04/29/2021","154.05","156.26","157.02","152.00","197.47K","-0.96%"
"04/28/2021","155.55","156.61","159.10","154.70","223.63K","-0.68%"
"04/27/2021","156.61","159.96","161.51","156.61","291.61K","-1.68%"
"04/26/2021","159.29","154.65","159.64","150.44","488.61K","3.47%"
"04/23/2021","153.94","154.92","156.11","153.78","392.91K","0.19%"
"04/22/2021","153.65","150.10","156.00","150.10","346.46K","2.51%"
"04/21/2021","149.89","149.90","152.96","147.66","324.78K","-0.60%"
"04/20/2021","150.79","150.50","154.34","147.26","468.11K","0.16%"
"04/19/2021","150.55","150.50","151.11","145.20","489.00K","-1.43%"
"04/16/2021","152.74","153.23","154.84","151.06","348.51K","-0.33%"
"04/15/2021","153.25","155.00","156.06","152.00","245.64K","0.53%"
"04/14/2021","152.44","153.48","156.37","152.09","392.49K","-0.07%"
"04/13/2021","152.55","150.00","152.62","148.76","310.00K","2.27%"
"04/12/2021","149.17","149.16","149.81","145.50","310.32K","-0.17%"
"04/09/2021","149.42","149.60","150.53","145.35","447.52K","-0.76%"
"04/08/2021","150.57","148.07","152.00","147.51","418.44K","2.24%"
"04/07/2021","147.27","147.03","147.76","144.46","273.34K","1.15%"
"04/06/2021","145.60","147.06","148.28","145.06","407.46K","-0.50%"
"04/05/2021","146.33","146.20","147.25","144.00","559.83K","2.29%"
"04/01/2021","143.06","144.42","147.51","142.55","390.98K","0.45%"
"03/31/2021","142.42","140.36","143.96","140.36","424.94K","2.25%"
"03/30/2021","139.28","134.17","140.18","133.00","398.11K","3.69%"
"03/29/2021","134.32","137.49","138.47","131.82","414.46K","-2.54%"
"03/26/2021","137.82","137.51","139.06","131.69","407.19K","0.77%"
"03/25/2021","136.77","130.00","137.09","127.25","471.25K","2.49%"
"03/24/2021","133.45","140.39","140.50","133.05","496.18K","-4.42%"
"03/23/2021","139.62","144.01","146.00","138.80","355.81K","-3.56%"
"03/22/2021","144.77","146.78","148.99","144.33","422.15K","0.01%"
"03/19/2021","144.75","139.11","146.07","137.87","857.21K","3.42%"
"03/18/2021","139.96","148.17","148.17","138.89","341.40K","-5.71%"
"03/17/2021","148.43","145.20","149.27","142.50","327.77K","0.95%"
"03/16/2021","147.03","156.64","159.02","144.71","411.77K","-4.35%"
"03/15/2021","153.71","153.26","155.29","150.63","423.57K","0.95%"
"03/12/2021","152.26","150.92","154.83","147.36","370.75K","-0.33%"
"03/11/2021","152.76","146.51","153.76","146.12","796.55K","8.26%"
"03/10/2021","141.10","147.49","150.79","140.43","651.58K","-2.29%"
"03/09/2021","144.40","143.48","147.89","143.07","496.21K","4.19%"
"03/08/2021","138.59","143.08","147.00","137.50","490.17K","-3.11%"
"03/05/2021","143.04","144.54","145.00","128.01","911.25K","-1.28%"
"03/04/2021","144.90","151.83","155.36","138.26","1.24M","-6.52%"
"03/03/2021","155.01","164.65","167.79","153.94","634.57K","-6.70%"
"03/02/2021","166.15","169.99","172.71","163.49","814.67K","-2.06%"
"03/01/2021","169.65","170.74","174.83","167.22","1.05M","2.51%"
"02/26/2021","165.49","160.90","169.00","160.00","652.94K","3.50%"
"02/25/2021","159.90","161.90","168.74","158.50","572.33K","-0.96%"
"02/24/2021","161.45","170.96","171.82","160.03","815.76K","-4.55%"
"02/23/2021","169.14","164.81","170.68","156.89","659.47K","-0.51%"
"02/22/2021","170.00","177.15","180.00","168.95","495.93K","-3.95%"
"02/19/2021","177.00","176.38","180.99","175.99","459.82K","1.87%"
"02/18/2021","173.75","176.21","178.38","171.13","477.51K","-2.60%"
"02/17/2021","178.38","177.17","180.89","175.00","786.33K","1.39%"
"02/16/2021","175.93","198.23","198.88","175.92","1.32M","-10.03%"
"02/12/2021","195.54","202.00","202.46","194.81","914.75K","-3.92%"
"02/11/2021","203.51","190.00","212.37","189.64","2.64M","8.26%"
"02/10/2021","187.98","185.00","190.04","182.16","485.48K","2.63%"
"02/09/2021","183.16","180.24","184.89","180.24","397.30K","0.42%"
"02/08/2021","182.39","180.00","182.48","176.52","388.62K","2.94%"
"02/05/2021","177.18","178.22","178.52","172.97","185.63K","1.05%"
"02/04/2021","175.34","169.80","175.57","166.02","433.01K","4.65%"
"02/03/2021","167.55","167.85","169.06","163.86","294.42K","0.61%"
"02/02/2021","166.53","171.62","171.95","165.01","357.25K","0.23%"
"02/01/2021","166.15","167.13","168.00","163.37","331.28K","1.21%"
"01/29/2021","164.16","161.60","168.97","160.30","356.70K","0.12%"
"01/28/2021","163.97","166.37","176.60","162.57","732.80K","-3.57%"
"01/27/2021","170.04","171.72","176.65","168.41","658.99K","-3.74%"
"01/26/2021","176.65","176.52","180.69","175.25","849.20K","1.21%"
"01/25/2021","174.54","173.46","177.71","168.03","609.61K","2.51%"
"01/22/2021","170.26","161.08","171.73","160.85","654.24K","4.75%"
"01/21/2021","162.54","168.03","168.40","161.71","873.37K","-1.23%"
"01/20/2021","164.56","162.74","168.48","162.41","1.31M","3.26%"
"01/19/2021","159.36","154.83","159.85","154.00","1.23M","5.70%"
"01/15/2021","150.77","161.90","166.49","150.00","1.68M","0.76%"
"01/14/2021","149.64","146.09","152.00","145.41","826.04K","3.02%"
"01/13/2021","145.26","136.67","146.05","135.24","1.17M","7.60%"
"01/12/2021","135.00","126.36","135.05","126.36","1.24M","8.14%"
"01/11/2021","124.84","125.18","127.87","123.60","549.53K","-0.41%"
"01/08/2021","125.36","124.89","128.28","123.60","452.26K","0.63%"
"01/07/2021","124.57","121.82","125.05","121.04","432.76K","2.37%"
"01/06/2021","121.69","122.22","123.07","118.44","691.86K","-0.50%"
"01/05/2021","122.30","116.41","122.54","116.01","650.62K","4.66%"
"01/04/2021","116.85","123.01","123.39","115.57","657.10K","-4.64%"
"12/31/2020","122.53","123.88","123.88","121.30","353.97K","-1.09%"
"12/30/2020","123.88","123.95","126.46","123.57","385.91K","0.45%"
"12/29/2020","123.33","126.00","126.61","120.85","601.51K","-1.46%"
"12/28/2020","125.16","132.50","133.49","125.15","336.55K","-4.28%"
"12/24/2020","130.75","132.00","132.46","129.31","187.45K","-0.82%"
"12/23/2020","131.83","129.04","134.73","129.04","564.85K","2.59%"
"12/22/2020","128.50","127.58","131.63","126.38","940.38K","0.49%"
"12/21/2020","127.87","126.12","128.23","124.51","542.41K","2.02%"
"12/18/2020","125.34","121.70","125.80","121.55","1.00M","3.80%"
"12/17/2020","120.75","119.81","122.81","118.53","616.29K","0.68%"
"12/16/2020","119.94","127.13","127.90","119.05","783.07K","-6.89%"
"12/15/2020","128.81","129.13","129.36","126.71","447.80K","1.23%"
"12/14/2020","127.24","124.50","129.80","124.50","918.33K","3.35%"
"12/11/2020","123.12","126.06","127.58","122.55","475.04K","-1.88%"
"12/10/2020","125.48","122.02","126.25","121.10","787.72K","1.86%"
"12/09/2020","123.19","125.22","128.88","121.68","401.41K","-1.89%"
"12/08/2020","125.56","122.37","125.74","122.36","426.09K","2.26%"
"12/07/2020","122.79","124.99","126.00","122.45","340.22K","-1.12%"
"12/04/2020","124.18","123.85","124.93","123.15","249.96K","0.27%"
"12/03/2020","123.85","123.92","126.62","123.42","312.21K","-0.06%"
"12/02/2020","123.92","124.29","124.50","122.59","287.56K","-1.07%"
"12/01/2020","125.26","127.03","127.40","124.29","483.95K","-0.34%"
"11/30/2020","125.69","126.89","127.39","123.36","384.28K","0.11%"
"11/27/2020","125.55","128.70","128.70","124.20","271.78K","-1.71%"
"11/25/2020","127.74","127.68","128.23","125.29","432.01K","0.20%"
"11/24/2020","127.49","127.54","130.41","126.01","405.12K","0.78%"
"11/23/2020","126.50","126.29","127.22","123.14","402.89K","1.35%"
"11/20/2020","124.81","124.19","125.45","121.81","406.28K","1.39%"
"11/19/2020","123.10","119.66","124.46","119.40","577.12K","2.73%"
"11/18/2020","119.83","119.64","121.85","118.98","358.06K","0.66%"
"11/17/2020","119.05","118.44","119.54","116.62","410.98K","-0.23%"
"11/16/2020","119.33","122.10","122.10","117.69","501.88K","-1.36%"
"11/13/2020","120.98","119.05","121.20","117.36","421.27K","2.40%"
"11/12/2020","118.15","118.01","119.59","117.00","396.71K","-0.13%"
"11/11/2020","118.30","119.42","121.77","117.58","485.78K","-0.59%"
"11/10/2020","119.00","123.01","125.18","116.79","942.05K","-4.23%"
"11/09/2020","124.26","126.51","128.38","121.27","943.02K","1.36%"
"11/06/2020","122.59","116.01","127.49","116.00","1.86M","12.99%"
"11/05/2020","108.50","106.07","110.40","105.71","581.52K","3.28%"
"11/04/2020","105.05","103.01","107.41","103.00","563.80K","3.31%"
"11/03/2020","101.68","97.92","101.98","97.72","391.81K","3.81%"
"11/02/2020","97.95","99.67","101.32","96.66","444.32K","-0.96%"
"10/30/2020","98.90","103.01","103.43","98.01","447.28K","-4.35%"
"10/29/2020","103.40","102.85","104.12","101.75","521.39K","1.37%"
"10/28/2020","102.00","100.00","102.80","99.09","456.45K","0.94%"
"10/27/2020","101.05","102.21","102.56","100.60","289.24K","-0.86%"
"10/26/2020","101.93","102.00","103.32","100.51","335.91K","-0.95%"
"10/23/2020","102.91","104.20","104.72","102.16","578.86K","-0.70%"
"10/22/2020","103.64","104.17","105.49","102.67","512.17K","0.37%"
"10/21/2020","103.26","106.69","107.62","103.06","617.46K","-2.65%"
"10/20/2020","106.07","108.41","109.34","105.27","684.87K","-1.44%"
"10/19/2020","107.62","109.78","113.00","107.43","713.52K","-1.41%"
"10/16/2020","109.16","107.51","109.74","105.77","730.17K","3.12%"
"10/15/2020","105.86","100.05","106.55","99.00","915.90K","4.38%"
"10/14/2020","101.42","102.00","103.71","100.17","359.01K","-0.32%"
"10/13/2020","101.75","99.00","101.87","98.60","452.55K","2.59%"
"10/12/2020","99.18","99.72","100.12","98.13","501.51K","0.19%"
"10/09/2020","98.99","97.57","99.67","97.56","443.20K","1.98%"
"10/08/2020","97.07","96.85","97.38","95.54","378.10K","1.04%"
"10/07/2020","96.07","94.54","96.36","93.91","389.98K","3.06%"
"10/06/2020","93.22","92.20","94.47","91.46","456.26K","1.50%"
"10/05/2020","91.84","92.22","93.45","90.17","432.97K","0.32%"
"10/02/2020","91.55","93.50","94.49","90.87","474.82K","-4.25%"
"10/01/2020","95.61","91.84","96.09","91.31","886.98K","5.41%"
"09/30/2020","90.70","89.36","91.83","89.17","892.60K","2.35%"
"09/29/2020","88.62","87.92","89.15","87.10","391.44K","0.81%"
"09/28/2020","87.91","88.09","89.52","87.55","509.27K","0.81%"
"09/25/2020","87.20","85.25","87.38","84.58","439.60K","2.12%"
"09/24/2020","85.39","86.00","86.73","84.10","464.49K","-1.52%"
"09/23/2020","86.71","87.00","88.69","86.00","637.94K","-0.20%"
"09/22/2020","86.88","84.01","87.12","83.07","895.60K","4.45%"
"09/21/2020","83.18","81.33","83.76","80.54","534.52K","0.76%"
"09/18/2020","82.55","83.15","83.35","80.75","813.72K","-0.34%"
"09/17/2020","82.83","83.00","83.24","81.65","293.09K","-1.07%"
"09/16/2020","83.73","85.00","85.04","83.40","327.27K","-0.79%"
"09/15/2020","84.40","84.58","84.58","83.05","360.76K","0.67%"
"09/14/2020","83.84","84.26","85.44","82.82","376.32K","-0.08%"
"09/11/2020","83.91","84.95","85.26","83.12","553.53K","-0.45%"
"09/10/2020","84.29","85.47","87.29","83.91","579.05K","-1.11%"
"09/09/2020","85.24","82.25","85.58","82.19","2.65M","4.78%"
"09/08/2020","81.35","80.50","83.14","79.72","578.23K","-1.60%"
"09/04/2020","82.67","84.98","85.52","81.15","514.96K","-2.21%"
"09/03/2020","84.54","87.52","87.60","83.39","532.92K","-4.07%"
"09/02/2020","88.13","88.14","88.74","86.14","403.07K","0.80%"
"09/01/2020","87.43","85.20","88.65","84.78","490.65K","2.04%"
"08/31/2020","85.68","83.74","85.95","83.50","403.34K","2.19%"
"08/28/2020","83.84","85.39","85.97","83.29","464.02K","-1.82%"
"08/27/2020","85.39","86.19","86.73","85.26","502.53K","0.23%"
"08/26/2020","85.19","85.01","86.42","84.28","496.43K","-0.05%"
"08/25/2020","85.23","83.26","87.51","82.86","1.04M","2.38%"
"08/24/2020","83.25","83.66","84.14","81.68","743.60K","0.77%"
"08/21/2020","82.61","81.54","82.68","80.65","604.88K","1.05%"
"08/20/2020","81.75","80.36","82.08","80.29","479.91K","0.98%"
"08/19/2020","80.96","79.73","82.08","79.17","535.96K","2.03%"
"08/18/2020","79.35","79.89","80.00","78.36","404.53K","-0.34%"
"08/17/2020","79.62","80.07","80.65","79.35","393.16K","0.05%"
"08/14/2020","79.58","80.87","81.83","79.13","258.05K","-1.03%"
"08/13/2020","80.41","80.15","82.32","79.88","358.18K","0.81%"
"08/12/2020","79.76","79.60","80.14","78.28","921.70K","0.67%"
"08/11/2020","79.23","83.50","83.50","79.12","940.50K","-4.70%"
"08/10/2020","83.14","84.24","85.15","82.95","674.30K","-0.88%"
"08/07/2020","83.88","85.50","88.00","82.50","2.28M","-8.50%"
"08/06/2020","91.67","92.55","93.71","91.06","950.85K","-1.05%"
"08/05/2020","92.64","90.00","93.12","89.41","780.78K","3.50%"
"08/04/2020","89.51","88.02","89.57","87.50","651.97K","1.14%"
"08/03/2020","88.50","83.79","88.90","83.50","644.11K","6.46%"
"07/31/2020","83.13","85.66","86.05","82.45","680.43K","-2.06%"
"07/30/2020","84.88","84.06","85.71","83.48","493.40K","-0.01%"
"07/29/2020","84.89","86.07","86.79","84.73","413.31K","-1.12%"
"07/28/2020","85.85","86.04","86.81","84.96","374.55K","-0.68%"
"07/27/2020","86.44","86.14","87.40","84.97","519.17K","0.96%"
"07/24/2020","85.62","86.57","87.47","83.66","664.93K","-2.18%"
"07/23/2020","87.53","88.92","89.89","86.56","660.82K","-1.78%"
"07/22/2020","89.12","91.63","93.06","88.23","837.18K","-3.25%"
"07/21/2020","92.11","94.14","95.00","91.76","565.27K","-0.14%"
"07/20/2020","92.24","91.00","93.40","90.76","674.59K","1.68%"
"07/17/2020","90.72","91.55","91.62","90.26","468.92K","-0.40%"
"07/16/2020","91.08","92.35","92.35","90.28","447.01K","-1.68%"
"07/15/2020","92.64","94.00","94.70","91.56","438.89K","-0.20%"
"07/14/2020","92.83","90.75","92.86","87.75","686.62K","2.27%"
"07/13/2020","90.77","97.17","97.17","90.28","656.16K","-5.36%"
"07/10/2020","95.91","96.14","97.85","95.34","467.66K","-0.53%"
"07/09/2020","96.42","97.17","98.04","95.18","481.87K","-0.53%"
"07/08/2020","96.93","96.83","99.00","96.06","662.03K","0.91%"
"07/07/2020","96.06","99.04","101.05","95.61","1.09M","-3.59%"
"07/06/2020","99.64","102.00","102.40","98.85","668.13K","-0.70%"
"07/02/2020","100.34","100.23","101.84","99.40","685.55K","0.98%"
"07/01/2020","99.37","98.64","100.14","97.54","595.80K","1.26%"
"06/30/2020","98.13","95.20","100.65","95.20","1.10M","2.43%"
"06/29/2020","95.80","97.19","97.25","92.41","761.78K","-0.27%"
"06/26/2020","96.06","95.88","97.72","94.17","7.78M","0.11%"
"06/25/2020","95.95","92.71","95.95","91.53","1.01M","2.70%"
"06/24/2020","93.43","94.40","97.16","91.86","1.40M","-2.21%"
"06/23/2020","95.54","93.41","97.74","92.08","1.92M","3.29%"
"06/22/2020","92.50","90.50","93.70","88.53","850.98K","2.64%"
"06/19/2020","90.12","92.78","93.49","88.69","2.13M","-1.84%"
"06/18/2020","91.81","94.36","96.35","91.80","1.18M","-3.21%"
"06/17/2020","94.85","93.12","96.93","93.00","2.78M","1.27%"
"06/16/2020","93.66","100.49","100.52","91.80","2.34M","-6.67%"
"06/15/2020","100.35","91.80","100.41","91.55","1.43M","6.65%"
"06/12/2020","94.09","97.60","97.60","91.63","1.13M","4.53%"
"06/11/2020","90.01","98.51","98.58","90.00","1.50M","-12.82%"
"06/10/2020","103.25","101.54","104.90","100.28","1.78M","2.97%"
"06/09/2020","100.27","96.75","104.76","96.10","2.30M","3.08%"
"06/08/2020","97.27","96.57","98.58","94.20","1.27M","4.83%"
"06/05/2020","92.79","96.18","97.22","92.03","850.73K","-0.59%"
"06/04/2020","93.34","91.00","93.59","90.40","1.07M","2.37%"
"06/03/2020","91.18","97.48","97.96","90.32","2.10M","-6.82%"
"06/02/2020","97.85","91.80","99.61","91.00","3.64M","9.03%"
"06/01/2020","89.75","84.18","92.00","82.80","4.98M","18.15%"
"05/29/2020","75.96","72.78","76.14","72.14","792.72K","3.77%"
"05/28/2020","73.20","77.08","78.68","73.04","657.81K","-3.30%"
"05/27/2020","75.70","76.79","76.79","71.21","687.88K","-0.13%"
"05/26/2020","75.80","75.75","76.79","74.79","503.74K","2.28%"
"05/22/2020","74.11","77.11","77.19","73.60","590.88K","-3.20%"
"05/21/2020","76.56","76.22","77.54","72.88","676.96K","0.46%"
"05/20/2020","76.21","76.86","77.37","75.66","426.79K","1.98%"
"05/19/2020","74.73","74.39","76.22","73.69","703.26K","-0.17%"
"05/18/2020","74.86","76.03","79.00","73.62","668.08K","1.29%"
"05/15/2020","73.91","75.40","77.75","73.62","580.63K","-2.24%"
"05/14/2020","75.60","78.80","79.08","74.74","852.77K","-5.70%"
"05/13/2020","80.17","84.00","84.91","79.10","878.14K","-3.97%"
"05/12/2020","83.48","84.01","85.99","83.41","986.94K","-1.70%"
"05/11/2020","84.92","86.00","89.43","84.07","1.36M","-1.40%"
"05/08/2020","86.13","77.29","86.48","76.53","3.49M","22.55%"
"05/07/2020","70.28","67.54","71.57","67.00","790.11K","6.28%"
"05/06/2020","66.13","66.90","68.23","65.64","517.64K","0.43%"
"05/05/2020","65.85","68.09","68.81","65.77","613.34K","-1.72%"
"05/04/2020","67.00","68.14","69.00","65.50","883.80K","-3.62%"
"05/01/2020","69.52","71.40","72.93","69.05","560.87K","-4.39%"
"04/30/2020","72.71","75.00","75.23","71.90","520.39K","-3.36%"
"04/29/2020","75.24","77.47","77.47","73.91","747.95K","-0.13%"
"04/28/2020","75.34","73.63","76.00","71.12","658.61K","4.42%"
"04/27/2020","72.15","72.50","73.91","71.67","611.59K","0.43%"
"04/24/2020","71.84","71.09","72.20","69.35","815.92K","1.54%"
"04/23/2020","70.75","74.05","75.25","70.60","502.78K","-3.52%"
"04/22/2020","73.33","73.05","74.02","71.24","341.50K","3.87%"
"04/21/2020","70.60","74.75","76.41","69.65","849.61K","-8.05%"
"04/20/2020","76.78","74.48","80.16","74.38","1.56M","0.08%"
"04/17/2020","76.72","75.85","77.23","75.10","544.00K","5.43%"
"04/16/2020","72.77","74.52","75.00","70.65","627.43K","-1.83%"
"04/15/2020","74.13","73.89","75.49","72.34","463.69K","-3.25%"
"04/14/2020","76.62","75.10","77.54","74.90","418.59K","4.26%"
"04/13/2020","73.49","73.76","74.38","71.67","326.30K","-1.62%"
"04/09/2020","74.70","73.74","76.25","72.60","443.24K","3.06%"
"04/08/2020","72.48","70.27","73.40","69.40","565.43K","5.10%"
"04/07/2020","68.96","70.67","71.99","68.10","769.70K","1.41%"
"04/06/2020","68.00","64.56","68.65","63.76","773.14K","10.55%"
"04/03/2020","61.51","61.99","62.42","60.55","557.72K","-1.80%"
"04/02/2020","62.64","64.99","67.29","61.23","508.24K","-3.21%"
"04/01/2020","64.72","67.58","69.67","63.70","690.32K","-8.55%"
"03/31/2020","70.77","69.03","72.72","67.96","1.29M","1.89%"
"03/30/2020","69.46","74.30","76.36","69.10","1.10M","-6.65%"
"03/27/2020","74.41","73.08","77.23","71.87","824.63K","-2.76%"
"03/26/2020","76.52","72.64","77.86","72.31","745.94K","7.55%"
"03/25/2020","71.15","69.84","74.09","66.59","803.50K","1.89%"
"03/24/2020","69.83","66.66","70.96","66.50","824.58K","10.12%"
"03/23/2020","63.41","60.53","65.01","58.06","840.99K","4.33%"
"03/20/2020","60.78","62.15","65.22","59.80","1.27M","-1.98%"
"03/19/2020","62.01","52.89","64.25","52.24","1.22M","17.87%"
"03/18/2020","52.61","53.20","55.87","50.05","935.74K","-7.94%"
"03/17/2020","57.15","54.42","57.38","51.30","993.41K","5.99%"
"03/16/2020","53.92","54.32","58.65","52.76","1.02M","-13.63%"
"03/13/2020","62.43","60.33","62.79","54.70","996.82K","10.07%"
"03/12/2020","56.72","54.19","59.98","51.86","1.23M","-6.20%"
"03/11/2020","60.47","64.88","66.36","59.60","1.17M","-9.89%"
"03/10/2020","67.11","69.02","69.02","63.60","776.21K","1.51%"
"03/09/2020","66.11","69.17","70.52","62.66","1.02M","-11.19%"
"03/06/2020","74.44","72.46","75.64","71.55","814.34K","-0.97%"
"03/05/2020","75.17","78.24","79.64","73.85","817.14K","-6.81%"
"03/04/2020","80.66","79.80","81.27","78.28","760.56K","3.28%"
"03/03/2020","78.10","82.70","83.48","77.27","941.07K","-5.15%"
"03/02/2020","82.34","77.93","82.68","75.75","1.41M","6.42%"
"02/28/2020","77.37","72.00","78.11","71.00","1.85M","0.32%"
"02/27/2020","77.12","77.90","80.82","74.21","1.04M","-4.08%"
"02/26/2020","80.40","79.60","82.86","79.49","675.38K","1.12%"
"02/25/2020","79.51","82.82","84.22","79.14","765.99K","-3.52%"
"02/24/2020","82.41","79.74","84.81","77.95","945.36K","-4.16%"
"02/21/2020","85.99","86.74","87.09","84.61","469.04K","-0.54%"
"02/20/2020","86.46","86.15","87.89","82.33","886.77K","-2.74%"
"02/19/2020","88.90","87.88","90.10","87.46","549.52K","1.82%"
"02/18/2020","87.31","87.22","87.73","86.12","446.78K","0.23%"
"02/14/2020","87.11","87.86","88.44","86.70","592.23K","-0.72%"
"02/13/2020","87.74","87.53","89.16","87.23","547.71K","-0.27%"
"02/12/2020","87.98","87.77","88.23","86.43","642.47K","0.96%"
"02/11/2020","87.14","86.04","87.51","84.89","531.92K","1.99%"
"02/10/2020","85.44","82.88","85.73","82.78","648.53K","3.13%"
"02/07/2020","82.85","83.36","83.85","81.67","309.46K","-0.81%"
"02/06/2020","83.53","82.22","83.90","81.25","494.71K","2.10%"
"02/05/2020","81.81","83.23","83.63","79.77","614.27K","0.02%"
"02/04/2020","81.79","78.99","82.49","78.69","717.27K","5.41%"
"02/03/2020","77.59","77.37","78.29","76.50","511.36K","1.02%"
"01/31/2020","76.81","78.16","78.61","76.38","537.69K","-1.95%"
"01/30/2020","78.34","79.20","80.04","77.14","332.15K","-1.96%"
"01/29/2020","79.91","79.77","80.79","78.75","446.39K","1.19%"
"01/28/2020","78.97","78.31","80.14","77.79","512.65K","1.36%"
"01/27/2020","77.91","78.59","79.46","77.82","966.62K","-3.28%"
"01/24/2020","80.55","79.19","80.84","77.29","1.10M","2.43%"
"01/23/2020","78.64","79.07","80.66","78.58","748.79K","-0.56%"
"01/22/2020","79.08","75.60","79.45","75.60","1.68M","5.08%"
"01/21/2020","75.26","73.25","75.44","73.25","509.07K","2.26%"
"01/17/2020","73.60","75.53","75.85","73.55","346.75K","-2.15%"
"01/16/2020","75.22","73.12","75.31","73.12","522.73K","3.47%"
"01/15/2020","72.70","71.54","72.96","71.54","389.89K","1.87%"
"01/14/2020","71.36","70.67","71.85","69.47","1.03M","0.84%"
"01/13/2020","70.77","69.83","70.90","69.50","426.76K","1.81%"
"01/10/2020","69.51","70.22","70.85","69.21","574.81K","-0.97%"
"01/09/2020","70.19","70.09","71.00","69.93","549.57K","0.83%"
"01/08/2020","69.61","69.95","71.63","69.51","911.25K","-0.23%"
"01/07/2020","69.77","68.82","70.73","68.32","766.72K","1.48%"
"01/06/2020","68.75","74.12","74.49","68.09","1.73M","-7.00%"
"01/03/2020","73.93","72.30","75.57","68.68","2.19M","-3.44%"
"01/02/2020","76.56","74.02","76.62","73.34","847.44K","4.48%"
"12/31/2019","73.28","73.19","74.08","72.72","540.18K","-0.31%"
"12/30/2019","73.51","72.90","74.64","72.59","410.59K","0.84%"
"12/27/2019","72.90","73.04","73.26","72.41","418.70K","0.00%"
"12/26/2019","72.90","73.16","73.72","72.39","247.16K","-0.26%"
"12/24/2019","73.09","72.44","73.33","72.30","300.00K","1.18%"
"12/23/2019","72.24","71.74","72.25","71.10","352.82K","1.40%"
"12/20/2019","71.24","70.54","71.43","70.20","842.86K","1.31%"
"12/19/2019","70.32","69.84","70.35","69.10","417.58K","0.70%"
"12/18/2019","69.83","71.38","71.72","69.52","590.16K","-2.13%"
"12/17/2019","71.35","72.63","72.87","71.13","713.29K","-2.51%"
"12/16/2019","73.19","72.70","74.66","72.68","700.70K","0.99%"
"12/13/2019","72.47","71.71","72.82","71.46","348.30K","0.92%"
"12/12/2019","71.81","72.37","73.07","70.61","416.79K","-0.94%"
"12/11/2019","72.49","72.68","73.42","71.93","338.91K","-0.21%"
"12/10/2019","72.64","72.93","72.93","72.16","407.77K","0.51%"
"12/09/2019","72.27","71.89","73.70","71.52","567.54K","0.56%"
"12/06/2019","71.87","73.58","74.25","71.68","609.61K","-1.30%"
"12/05/2019","72.82","72.36","73.87","72.02","396.83K","0.08%"
"12/04/2019","72.76","74.22","75.65","72.57","823.29K","-1.45%"
"12/03/2019","73.83","72.31","74.13","71.31","651.05K","0.15%"
"12/02/2019","73.72","74.14","75.27","73.43","613.59K","-0.11%"
"11/29/2019","73.80","75.07","75.85","73.64","416.06K","-2.34%"
"11/27/2019","75.57","74.81","76.07","72.02","1.45M","-1.77%"
"11/26/2019","76.93","74.80","77.66","74.50","1.59M","3.50%"
"11/25/2019","74.33","72.74","74.85","72.41","671.31K","3.11%"
"11/22/2019","72.09","72.15","72.44","71.17","350.56K","0.26%"
"11/21/2019","71.90","72.00","73.07","71.22","906.25K","-0.11%"
"11/20/2019","71.98","67.94","72.00","67.45","1.29M","5.11%"
"11/19/2019","68.48","67.87","69.11","67.64","560.69K","1.12%"
"11/18/2019","67.72","67.24","67.83","66.35","544.05K","0.52%"
"11/15/2019","67.37","67.35","68.35","66.37","724.58K","1.02%"
"11/14/2019","66.69","64.65","67.05","64.44","641.51K","3.16%"
"11/13/2019","64.65","63.53","64.98","63.26","580.67K","1.00%"
"11/12/2019","64.01","64.48","64.75","63.34","754.51K","-0.68%"
"11/11/2019","64.45","64.76","65.54","62.61","1.26M","-1.28%"
"11/08/2019","65.29","61.94","71.00","61.00","4.44M","24.57%"
"11/07/2019","52.41","53.23","55.73","52.20","1.37M","0.33%"
"11/06/2019","52.24","53.14","53.69","51.94","714.83K","-1.59%"
"11/05/2019","53.08","51.87","54.13","51.72","835.87K","2.34%"
"11/04/2019","51.87","53.15","53.35","51.48","689.30K","-1.24%"
"11/01/2019","52.52","51.49","53.33","51.00","1.09M","2.72%"
"10/31/2019","51.13","52.47","52.67","50.78","980.48K","-2.67%"
"10/30/2019","52.53","52.84","53.46","51.80","656.75K","-0.85%"
"10/29/2019","52.98","54.56","55.21","52.81","551.81K","-3.23%"
"10/28/2019","54.75","54.73","55.25","54.19","507.89K","0.90%"
"10/25/2019","54.26","54.69","55.17","54.20","364.79K","-1.20%"
"10/24/2019","54.92","53.82","55.06","53.56","508.75K","2.26%"
"10/23/2019","53.71","53.40","54.21","53.20","578.26K","0.95%"
"10/22/2019","53.20","52.30","53.42","51.78","824.54K","1.69%"
"10/21/2019","52.31","51.19","52.47","50.57","535.66K","3.49%"
"10/18/2019","50.55","51.42","51.48","49.80","1.07M","-2.32%"
"10/17/2019","51.75","52.00","52.59","51.66","397.79K","-0.27%"
"10/16/2019","51.89","52.94","53.14","51.51","649.33K","-2.68%"
"10/15/2019","53.32","52.84","53.64","52.44","402.57K","0.93%"
"10/14/2019","52.83","52.98","53.43","51.88","491.11K","-0.62%"
"10/11/2019","53.16","53.24","54.89","53.01","771.21K","1.18%"
"10/10/2019","52.54","52.26","52.76","51.88","954.09K","0.38%"
"10/09/2019","52.34","53.13","53.33","52.12","536.57K","-0.80%"
"10/08/2019","52.76","54.01","54.63","52.59","485.81K","-3.41%"
"10/07/2019","54.62","54.65","55.16","53.75","573.89K","-0.44%"
"10/04/2019","54.86","54.47","55.09","53.57","440.86K","1.03%"
"10/03/2019","54.30","53.09","54.35","52.16","705.06K","1.95%"
"10/02/2019","53.26","53.68","53.68","51.28","1.21M","-1.77%"
"10/01/2019","54.22","56.85","57.33","53.95","1.03M","-4.51%"
"09/30/2019","56.78","58.28","58.55","56.70","851.66K","-2.62%"
"09/27/2019","58.31","59.32","59.32","57.61","385.32K","-1.19%"
"09/26/2019","59.01","60.44","60.56","58.24","652.51K","-2.35%"
"09/25/2019","60.43","60.84","61.25","59.11","425.30K","-0.85%"
"09/24/2019","60.95","62.61","63.56","59.80","873.66K","-2.48%"
"09/23/2019","62.50","63.21","64.38","62.34","610.88K","-1.64%"
"09/20/2019","63.54","63.09","64.14","62.16","1.03M","0.63%"
"09/19/2019","63.14","65.00","65.41","62.25","812.60K","-3.51%"
"09/18/2019","65.44","66.15","66.48","64.93","406.21K","-1.07%"
"09/17/2019","66.15","66.42","66.48","65.18","378.15K","-0.06%"
"09/16/2019","66.19","64.84","66.80","64.40","403.44K","1.66%"
"09/13/2019","65.11","64.50","65.66","63.96","473.44K","1.15%"
"09/12/2019","64.37","63.00","64.72","62.01","436.75K","2.27%"
"09/11/2019","62.94","60.78","62.99","60.32","462.94K","3.91%"
"09/10/2019","60.57","59.29","60.60","58.11","485.49K","1.71%"
"09/09/2019","59.55","62.44","62.44","59.23","633.47K","-3.94%"
"09/06/2019","61.99","61.16","62.49","60.64","330.59K","1.31%"
"09/05/2019","61.19","60.87","61.93","60.13","437.62K","2.03%"
"09/04/2019","59.97","59.71","60.24","59.13","345.13K","1.66%"
"09/03/2019","58.99","59.53","59.53","57.90","649.55K","-1.63%"
"08/30/2019","59.97","61.56","61.74","59.72","465.70K","-2.22%"
"08/29/2019","61.33","61.15","62.06","60.94","401.09K","2.32%"
"08/28/2019","59.94","60.71","61.91","59.21","479.93K","-1.71%"
"08/27/2019","60.98","61.45","62.35","60.40","548.08K","0.03%"
"08/26/2019","60.96","60.09","61.02","59.05","402.83K","2.68%"
"08/23/2019","59.37","62.15","62.69","59.14","892.62K","-4.81%"
"08/22/2019","62.37","60.53","62.63","60.35","668.97K","3.36%"
"08/21/2019","60.34","61.35","61.35","60.23","792.53K","-0.67%"
"08/20/2019","60.75","60.27","60.97","59.35","974.06K","1.06%"
"08/19/2019","60.11","60.40","60.91","59.59","767.77K","1.50%"
"08/16/2019","59.22","57.79","59.39","56.92","724.02K","3.24%"
"08/15/2019","57.36","57.85","58.76","56.95","731.04K","-0.86%"
"08/14/2019","57.86","58.68","58.86","57.05","828.99K","-1.57%"
"08/13/2019","58.78","57.57","60.62","57.21","743.18K","2.23%"
"08/12/2019","57.50","58.59","60.27","56.88","1.12M","-1.02%"
"08/09/2019","58.09","60.00","61.98","56.11","4.05M","-15.09%"
"08/08/2019","68.41","66.25","69.14","66.25","1.11M","4.38%"
"08/07/2019","65.54","64.52","65.94","64.10","1.07M","0.28%"
"08/06/2019","65.36","66.16","67.49","65.23","839.01K","-0.83%"
"08/05/2019","65.91","67.58","67.58","64.26","756.58K","-4.59%"
"08/02/2019","69.08","68.09","69.24","67.50","553.62K","0.94%"
"08/01/2019","68.44","70.12","70.96","68.38","529.24K","-2.53%"
"07/31/2019","70.22","69.76","71.69","69.52","602.38K","0.83%"
"07/30/2019","69.64","68.00","69.66","67.51","546.20K","1.69%"
"07/29/2019","68.48","69.68","70.08","68.09","395.77K","-1.47%"
"07/26/2019","69.50","68.48","70.55","68.48","569.98K","1.76%"
"07/25/2019","68.30","69.04","69.46","68.05","461.82K","-0.65%"
"07/24/2019","68.75","66.00","69.42","65.90","708.98K","3.88%"
"07/23/2019","66.18","65.95","66.52","65.20","339.38K","1.18%"
"07/22/2019","65.41","65.80","66.44","65.10","333.28K","-0.77%"
"07/19/2019","65.92","65.83","66.77","65.69","548.95K","0.24%"
"07/18/2019","65.76","64.71","65.83","64.51","464.67K","1.45%"
"07/17/2019","64.82","64.22","65.44","63.81","617.23K","1.44%"
"07/16/2019","63.90","63.79","64.08","62.83","444.37K","0.19%"
"07/15/2019","63.78","64.65","65.37","63.67","665.72K","-1.12%"
"07/12/2019","64.50","62.90","64.73","61.88","924.47K","2.51%"
"07/11/2019","62.92","63.46","64.10","62.73","1.15M","-0.60%"
"07/10/2019","63.30","63.32","64.16","63.22","854.50K","0.54%"
"07/09/2019","62.96","62.10","63.11","61.70","797.54K","1.04%"
"07/08/2019","62.31","63.81","63.94","62.05","578.54K","-2.73%"
"07/05/2019","64.06","63.90","64.48","63.18","468.95K","-0.40%"
"07/03/2019","64.32","64.05","64.47","63.92","757.86K","0.82%"
"07/02/2019","63.80","64.75","64.75","63.02","1.18M","-1.16%"
"07/01/2019","64.55","65.22","65.90","63.40","1.32M","0.53%"
"06/28/2019","64.21","66.70","66.79","64.08","9.76M","-4.01%"
"06/27/2019","66.89","67.00","67.42","66.22","897.41K","0.03%"
"06/26/2019","66.87","69.20","69.85","66.65","1.31M","-2.85%"
"06/25/2019","68.83","71.00","71.50","68.14","1.89M","-5.98%"
"06/24/2019","73.21","73.35","74.93","72.80","747.15K","-0.12%"
"06/21/2019","73.30","72.48","73.48","70.35","1.67M","0.12%"
"06/20/2019","73.21","70.21","73.26","70.15","1.02M","4.74%"
"06/19/2019","69.90","64.50","69.92","64.15","2.35M","5.84%"
"06/18/2019","66.04","69.58","71.22","65.51","1.61M","-3.12%"
"06/17/2019","68.17","70.83","71.03","66.61","946.44K","-3.54%"
"06/14/2019","70.67","70.66","71.48","70.61","1.08M","-0.62%"
"06/13/2019","71.11","70.64","71.13","70.36","724.55K","1.08%"
"06/12/2019","70.35","70.24","70.49","69.24","832.76K","-0.11%"
"06/11/2019","70.43","72.00","72.35","69.14","941.32K","-2.06%"
"06/10/2019","71.91","69.76","72.29","69.50","868.47K","3.95%"
"06/07/2019","69.18","68.45","69.55","68.00","362.07K","1.78%"
"06/06/2019","67.97","67.91","68.37","67.16","302.02K","-0.04%"
"06/05/2019","68.00","67.98","68.97","67.44","431.98K","0.55%"
"06/04/2019","67.63","67.99","68.39","67.06","553.94K","0.25%"
"06/03/2019","67.46","66.65","67.54","64.70","1.52M","1.02%"
"05/31/2019","66.78","66.93","69.03","66.46","1.03M","-1.87%"
"05/30/2019","68.05","68.33","68.57","67.86","926.59K","0.04%"
"05/29/2019","68.02","67.70","68.86","67.55","536.16K","-0.72%"
"05/28/2019","68.51","67.46","69.40","67.45","715.81K","2.04%"
"05/24/2019","67.14","67.09","67.48","66.29","455.24K","0.16%"
"05/23/2019","67.03","67.18","67.81","66.27","587.66K","-1.86%"
"05/22/2019","68.30","67.43","68.32","67.00","300.12K","0.68%"
"05/21/2019","67.84","66.01","67.93","65.24","486.60K","3.68%"
"05/20/2019","65.43","67.21","67.82","65.07","1.04M","-3.78%"
"05/17/2019","68.00","67.71","68.79","67.35","999.33K","-0.26%"
"05/16/2019","68.18","65.51","68.49","65.46","669.13K","4.23%"
"05/15/2019","65.41","65.38","65.94","64.50","488.84K","-1.39%"
"05/14/2019","66.33","64.82","66.73","64.80","1.04M","2.42%"
"05/13/2019","64.76","62.22","65.04","62.00","740.16K","1.62%"
"05/10/2019","63.73","67.00","68.80","61.71","1.81M","-4.50%"
"05/09/2019","66.73","66.49","67.30","65.02","812.03K","-0.40%"
"05/08/2019","67.00","64.96","67.87","64.75","795.05K","3.65%"
"05/07/2019","64.64","64.81","65.83","63.87","854.21K","-1.82%"
"05/06/2019","65.84","63.79","66.10","63.38","523.59K","0.83%"
"05/03/2019","65.30","64.70","66.11","64.42","734.23K","1.62%"
"05/02/2019","64.26","63.80","64.45","63.56","430.19K","0.74%"
"05/01/2019","63.79","63.83","64.27","63.23","756.57K","0.46%"
"04/30/2019","63.50","63.25","64.01","62.93","669.31K","0.21%"
"04/29/2019","63.37","63.02","64.00","62.28","664.32K","0.81%"
"04/26/2019","62.86","62.68","63.21","62.21","488.40K","-0.13%"
"04/25/2019","62.94","62.58","63.16","61.80","322.15K","0.58%"
"04/24/2019","62.58","62.90","64.00","62.34","297.55K","-0.46%"
"04/23/2019","62.87","61.07","63.18","60.99","483.73K","3.51%"
"04/22/2019","60.74","59.82","61.02","59.59","310.64K","1.54%"
"04/18/2019","59.82","61.46","61.46","59.17","398.79K","-2.73%"
"04/17/2019","61.50","61.86","62.24","60.26","441.43K","-0.08%"
"04/16/2019","61.55","61.21","61.61","60.92","384.38K","1.32%"
"04/15/2019","60.75","61.84","62.17","60.50","366.41K","-1.81%"
"04/12/2019","61.87","61.74","62.00","61.05","465.80K","1.56%"
"04/11/2019","60.92","60.09","61.04","60.05","368.16K","1.33%"
"04/10/2019","60.12","58.75","60.37","58.27","523.99K","2.49%"
"04/09/2019","58.66","59.83","60.36","58.45","571.13K","-2.75%"
"04/08/2019","60.32","59.56","60.66","58.32","791.44K","4.49%"
"04/05/2019","57.73","56.61","57.85","55.87","697.23K","4.74%"
"04/04/2019","55.12","55.42","56.27","54.75","430.28K","-0.47%"
"04/03/2019","55.38","54.68","55.72","54.44","281.10K","1.84%"
"04/02/2019","54.38","55.44","55.59","54.32","422.86K","-1.59%"
"04/01/2019","55.26","54.99","55.75","54.35","359.41K","1.56%"
"03/29/2019","54.41","54.37","55.07","53.93","530.45K","1.04%"
"03/28/2019","53.85","52.70","53.98","52.60","298.13K","2.53%"
"03/27/2019","52.52","53.34","54.21","51.75","413.24K","-1.57%"
"03/26/2019","53.36","53.47","53.61","52.51","597.83K","0.89%"
"03/25/2019","52.89","52.00","53.35","51.44","315.87K","1.61%"
"03/22/2019","52.05","54.11","55.08","52.00","785.18K","-4.57%"
"03/21/2019","54.54","52.28","54.55","52.28","680.13K","3.59%"
"03/20/2019","52.65","52.26","53.06","50.86","684.01K","1.17%"
"03/19/2019","52.04","51.30","53.24","51.08","1.13M","4.04%"
"03/18/2019","50.02","48.12","50.06","48.09","882.65K","4.30%"
"03/15/2019","47.96","47.05","47.99","46.85","1.49M","1.93%"
"03/14/2019","47.05","47.69","48.03","47.01","601.78K","-1.22%"
"03/13/2019","47.63","48.50","48.90","47.54","493.17K","-1.45%"
"03/12/2019","48.33","47.96","48.52","47.12","490.45K","0.75%"
"03/11/2019","47.97","46.86","48.15","46.50","656.29K","2.37%"
"03/08/2019","46.86","47.75","47.75","46.28","1.06M","-3.32%"
"03/07/2019","48.47","49.82","50.08","48.20","571.92K","-3.02%"
"03/06/2019","49.98","51.51","52.23","49.81","507.71K","-2.76%"
"03/05/2019","51.40","51.41","51.64","50.50","670.82K","0.39%"
"03/04/2019","51.20","54.54","54.86","50.81","875.81K","-5.97%"
"03/01/2019","54.45","54.29","54.60","53.19","991.98K","1.15%"
"02/28/2019","53.83","55.13","55.75","53.55","787.04K","-2.99%"
"02/27/2019","55.49","55.46","55.65","51.60","2.67M","-7.85%"
"02/26/2019","60.22","58.62","60.30","58.52","1.69M","3.74%"
"02/25/2019","58.05","56.44","58.49","56.28","1.43M","4.14%"
"02/22/2019","55.74","55.62","55.95","55.01","451.96K","0.45%"
"02/21/2019","55.49","55.98","56.18","55.25","323.58K","-0.91%"
"02/20/2019","56.00","55.88","56.34","55.58","384.41K","0.34%"
"02/19/2019","55.81","55.43","56.08","55.21","424.15K","0.69%"
"02/15/2019","55.43","54.90","55.59","54.41","419.39K","1.54%"
"02/14/2019","54.59","53.36","54.77","53.35","305.24K","1.66%"
"02/13/2019","53.70","53.66","53.96","53.06","310.57K","0.75%"
"02/12/2019","53.30","53.80","54.04","52.72","402.48K","0.32%"
"02/11/2019","53.13","51.52","53.24","51.52","425.62K","3.31%"
"02/08/2019","51.43","51.75","51.83","50.81","350.38K","-1.06%"
"02/07/2019","51.98","51.84","52.41","51.14","375.34K","-0.27%"
"02/06/2019","52.12","52.69","52.72","51.42","310.88K","-0.72%"
"02/05/2019","52.50","53.00","53.82","52.22","279.80K","-0.77%"
"02/04/2019","52.91","50.81","52.96","50.71","487.20K","4.46%"
"02/01/2019","50.65","51.11","51.25","50.45","367.32K","-0.71%"
"01/31/2019","51.01","49.63","51.29","49.63","354.73K","2.55%"
"01/30/2019","49.74","49.08","49.94","48.04","394.18K","1.43%"
"01/29/2019","49.04","49.14","49.96","48.92","250.26K","-0.12%"
"01/28/2019","49.10","48.79","49.39","48.35","290.34K","0.00%"
"01/25/2019","49.10","48.83","49.58","48.31","319.59K","1.38%"
"01/24/2019","48.43","48.11","48.49","47.13","567.10K","0.77%"
"01/23/2019","48.06","49.08","50.05","47.46","428.66K","-1.31%"
"01/22/2019","48.70","49.86","49.90","48.05","470.85K","-2.97%"
"01/18/2019","50.19","50.42","50.87","50.02","398.56K","-0.06%"
"01/17/2019","50.22","49.41","50.61","49.39","485.24K","1.19%"
"01/16/2019","49.63","49.36","50.01","48.68","311.82K","0.57%"
"01/15/2019","49.35","50.13","50.40","49.02","376.45K","-0.86%"
"01/14/2019","49.78","49.00","50.11","48.24","454.10K","0.67%"
"01/11/2019","49.45","49.56","49.89","48.50","497.83K","-0.48%"
"01/10/2019","49.69","49.85","50.22","48.81","529.23K","-1.13%"
"01/09/2019","50.26","49.84","50.61","49.13","692.36K","1.72%"
"01/08/2019","49.41","48.98","49.91","48.65","769.60K","2.62%"
"01/07/2019","48.15","46.45","48.71","46.39","768.52K","4.65%"
"01/04/2019","46.01","43.95","46.21","43.19","865.85K","6.28%"
"01/03/2019","43.29","44.34","44.70","42.42","964.25K","-4.03%"
"01/02/2019","45.11","42.99","45.12","42.62","1.11M","3.11%"
"12/31/2018","43.75","43.58","44.26","43.13","675.68K","1.67%"
"12/28/2018","43.03","43.04","43.74","42.02","579.07K","0.07%"
"12/27/2018","43.00","41.17","43.01","41.00","811.88K","2.97%"
"12/26/2018","41.76","39.81","41.81","39.54","625.78K","5.08%"
"12/24/2018","39.74","40.45","40.86","39.43","645.01K","-4.91%"
"12/21/2018","41.79","41.50","43.40","41.33","2.09M","1.02%"
"12/20/2018","41.37","44.44","45.43","40.01","1.20M","-7.70%"
"12/19/2018","44.82","44.45","45.53","44.35","846.48K","0.81%"
"12/18/2018","44.46","44.44","45.43","44.13","735.08K","1.51%"
"12/17/2018","43.80","44.50","45.07","43.48","622.00K","-1.90%"
"12/14/2018","44.65","44.60","45.86","44.50","763.56K","-1.04%"
"12/13/2018","45.12","46.00","46.00","44.85","576.37K","-1.03%"
"12/12/2018","45.59","45.88","46.88","45.00","1.03M","3.12%"
"12/11/2018","44.21","45.59","46.29","43.67","1.02M","-0.20%"
"12/10/2018","44.30","43.31","44.82","43.31","735.63K","1.79%"
"12/07/2018","43.52","44.37","45.08","42.90","650.28K","-2.22%"
"12/06/2018","44.51","42.60","44.65","42.00","854.00K","1.99%"
"12/04/2018","43.64","45.15","46.05","43.57","949.00K","-3.41%"
"12/03/2018","45.18","43.91","45.50","43.80","1.57M","3.93%"
"11/30/2018","43.47","43.71","44.28","42.83","1.23M","-1.36%"
"11/29/2018","44.07","45.30","45.93","43.33","1.01M","-2.89%"
"11/28/2018","45.38","46.66","47.16","45.26","939.59K","-2.45%"
"11/27/2018","46.52","46.68","47.40","46.40","445.72K","-0.73%"
"11/26/2018","46.86","47.26","47.69","46.04","381.48K","0.39%"
"11/23/2018","46.68","46.20","47.50","46.20","222.16K","0.04%"
"11/21/2018","46.66","45.76","47.17","45.56","534.26K","3.18%"
"11/20/2018","45.22","45.09","46.28","43.70","1.40M","-3.77%"
"11/19/2018","46.99","50.00","50.03","46.77","628.67K","-5.93%"
"11/16/2018","49.95","49.09","50.02","48.04","777.82K","0.75%"
"11/15/2018","49.58","49.36","50.07","47.80","767.57K","0.02%"
"11/14/2018","49.57","50.29","50.68","48.92","689.70K","-1.43%"
"11/13/2018","50.29","50.26","51.78","49.33","889.13K","0.58%"
"11/12/2018","50.00","52.16","52.66","49.22","809.23K","-4.31%"
"11/09/2018","52.25","51.75","53.18","51.10","1.06M","3.14%"
"11/08/2018","50.66","52.82","52.90","50.29","1.08M","-0.08%"
"11/07/2018","50.70","54.80","56.00","49.64","2.27M","-15.61%"
"11/06/2018","60.08","60.24","61.71","59.25","834.42K","-0.60%"
"11/05/2018","60.44","61.20","61.94","59.20","590.04K","-1.24%"
"11/02/2018","61.20","61.93","62.85","60.69","528.53K","-0.33%"
"11/01/2018","61.40","62.09","62.09","59.52","715.80K","-0.52%"
"10/31/2018","61.72","58.85","62.14","58.85","694.56K","6.51%"
"10/30/2018","57.95","55.75","58.08","55.11","547.56K","3.67%"
"10/29/2018","55.90","58.08","59.35","54.81","447.18K","-1.84%"
"10/26/2018","56.95","57.45","59.32","55.09","653.89K","-3.39%"
"10/25/2018","58.95","58.22","59.44","57.83","473.93K","2.25%"
"10/24/2018","57.65","58.45","59.00","57.37","733.01K","-0.67%"
"10/23/2018","58.04","56.34","58.45","55.73","622.59K","0.10%"
"10/22/2018","57.98","55.90","59.03","55.11","735.92K","-0.92%"
"10/19/2018","58.52","58.49","59.86","57.71","453.74K","0.45%"
"10/18/2018","58.26","61.11","61.90","58.17","514.57K","-5.50%"
"10/17/2018","61.65","62.73","62.73","59.52","521.97K","0.67%"
"10/16/2018","61.24","57.60","61.37","57.35","411.77K","7.33%"
"10/15/2018","57.06","57.15","57.50","54.39","789.11K","-3.06%"
"10/12/2018","58.86","57.85","59.12","57.29","701.82K","4.75%"
"10/11/2018","56.19","57.02","58.80","56.08","820.74K","-2.55%"
"10/10/2018","57.66","62.28","62.28","57.54","1.08M","-8.24%"
"10/09/2018","62.84","63.41","64.77","62.17","499.79K","-0.90%"
"10/08/2018","63.41","62.46","64.33","61.55","664.02K","1.18%"
"10/05/2018","62.67","62.91","64.24","61.24","467.21K","-0.22%"
"10/04/2018","62.81","64.09","64.35","62.30","452.44K","-3.01%"
"10/03/2018","64.76","64.59","65.83","63.65","336.88K","0.83%"
"10/02/2018","64.23","66.28","66.48","63.63","462.01K","-3.90%"
"10/01/2018","66.84","68.61","69.82","66.58","376.71K","-2.32%"
"09/28/2018","68.43","67.47","69.35","67.47","372.90K","1.21%"
"09/27/2018","67.61","66.75","67.94","66.40","352.46K","1.84%"
"09/26/2018","66.39","67.15","67.71","66.09","434.36K","-0.87%"
"09/25/2018","66.97","63.91","67.34","63.83","665.94K","5.27%"
"09/24/2018","63.62","64.35","64.87","63.20","621.21K","-1.81%"
"09/21/2018","64.79","65.65","66.58","64.37","1.31M","-1.02%"
"09/20/2018","65.46","67.78","68.04","64.96","610.73K","-2.84%"
"09/19/2018","67.37","68.89","69.30","66.22","722.76K","-2.48%"
"09/18/2018","69.08","69.05","70.75","68.95","569.63K","0.60%"
"09/17/2018","68.67","73.43","74.14","68.37","889.83K","-6.46%"
"09/14/2018","73.41","72.24","73.61","71.64","550.28K","2.77%"
"09/13/2018","71.43","70.58","72.13","70.48","374.55K","1.52%"
"09/12/2018","70.36","72.80","73.30","70.35","667.64K","-3.54%"
"09/11/2018","72.94","71.94","73.64","71.60","615.38K","1.47%"
"09/10/2018","71.88","70.96","72.05","70.54","546.96K","2.02%"
"09/07/2018","70.46","69.92","71.96","69.28","528.07K","0.24%"
"09/06/2018","70.29","68.89","70.50","68.77","559.31K","2.21%"
"09/05/2018","68.77","69.70","69.88","66.84","573.38K","-1.59%"
"09/04/2018","69.88","68.00","70.24","67.15","575.29K","2.37%"
"08/31/2018","68.26","66.24","68.48","66.24","397.96K","2.71%"
"08/30/2018","66.46","67.00","67.41","66.17","430.08K","-0.92%"
"08/29/2018","67.08","67.50","67.60","66.66","374.32K","-0.33%"
"08/28/2018","67.30","66.97","67.92","66.45","481.55K","0.96%"
"08/27/2018","66.66","65.89","67.30","65.80","374.29K","1.69%"
"08/24/2018","65.55","64.00","65.80","64.00","446.67K","2.41%"
"08/23/2018","64.01","64.40","65.39","63.71","458.02K","-0.53%"
"08/22/2018","64.35","63.50","64.97","63.10","433.37K","0.85%"
"08/21/2018","63.81","64.15","64.77","63.72","487.26K","-0.55%"
"08/20/2018","64.16","64.45","64.68","63.08","468.41K","0.02%"
"08/17/2018","64.15","62.69","64.18","62.10","583.42K","2.38%"
"08/16/2018","62.66","61.49","62.77","61.14","570.79K","2.69%"
"08/15/2018","61.02","61.26","62.55","59.72","771.27K","-2.07%"
"08/14/2018","62.31","61.10","62.59","60.83","499.99K","2.18%"
"08/13/2018","60.98","61.21","62.59","60.57","556.39K","-0.80%"
"08/10/2018","61.47","59.27","61.94","58.04","763.60K","3.61%"
"08/09/2018","59.33","60.50","61.86","59.22","1.10M","-0.75%"
"08/08/2018","59.78","63.19","63.19","56.09","4.30M","-11.59%"
"08/07/2018","67.62","67.01","68.16","66.14","1.03M","1.14%"
"08/06/2018","66.86","68.10","69.11","65.19","1.08M","-3.23%"
"08/03/2018","69.09","70.64","71.00","67.93","406.57K","-0.99%"
"08/02/2018","69.78","68.38","70.00","67.93","494.99K","1.99%"
"08/01/2018","68.42","68.35","69.43","67.64","731.17K","0.72%"
"07/31/2018","67.93","66.50","68.32","66.35","793.61K","2.27%"
"07/30/2018","66.42","69.00","69.34","65.49","844.77K","-3.40%"
"07/27/2018","68.76","72.87","73.11","67.51","902.08K","-5.16%"
"07/26/2018","72.50","72.22","72.99","70.94","628.20K","-0.54%"
"07/25/2018","72.89","71.06","72.96","68.37","1.15M","0.90%"
"07/24/2018","72.24","75.25","76.45","70.78","1.19M","-3.54%"
"07/23/2018","74.89","73.60","75.18","73.15","803.39K","1.44%"
"07/20/2018","73.83","73.49","74.75","72.51","771.15K","1.04%"
"07/19/2018","73.07","71.46","73.34","71.45","845.94K","2.12%"
"07/18/2018","71.55","70.90","72.06","69.31","654.52K","1.29%"
"07/17/2018","70.64","69.12","70.89","68.68","576.05K","2.35%"
"07/16/2018","69.02","67.79","69.18","67.79","542.04K","1.81%"
"07/13/2018","67.79","69.08","70.42","67.43","628.94K","-1.67%"
"07/12/2018","68.94","67.47","69.22","66.00","720.14K","2.96%"
"07/11/2018","66.96","66.88","67.99","66.52","693.88K","-0.58%"
"07/10/2018","67.35","67.28","68.06","66.05","644.50K","0.60%"
"07/09/2018","66.95","66.50","67.00","65.53","665.42K","1.50%"
"07/06/2018","65.96","64.82","66.03","64.04","516.37K","1.51%"
"07/05/2018","64.98","64.69","65.00","63.70","631.44K","1.39%"
"07/03/2018","64.09","64.46","65.31","63.85","339.59K","-0.53%"
"07/02/2018","64.43","64.00","64.81","63.01","610.87K","1.98%"
"06/29/2018","63.18","64.47","64.96","62.22","632.45K","-1.34%"
"06/28/2018","64.04","61.84","64.42","61.75","566.85K","3.27%"
"06/27/2018","62.01","63.17","63.97","62.00","684.07K","-1.84%"
"06/26/2018","63.17","62.28","63.99","62.02","712.50K","1.94%"
"06/25/2018","61.97","67.21","67.60","61.80","1.39M","-8.40%"
"06/22/2018","67.65","67.13","68.15","66.29","989.29K","0.89%"
"06/21/2018","67.05","68.79","71.00","65.73","1.17M","-2.05%"
"06/20/2018","68.45","66.33","68.86","66.20","1.11M","4.44%"
"06/19/2018","65.54","65.50","65.66","63.09","1.02M","-0.89%"
"06/18/2018","66.13","64.40","66.22","63.77","1.03M","2.69%"
"06/15/2018","64.40","63.26","64.53","61.57","1.92M","1.15%"
"06/14/2018","63.67","65.21","65.51","62.89","1.10M","-1.86%"
"06/13/2018","64.88","65.53","65.59","64.35","847.72K","-0.61%"
"06/12/2018","65.28","65.14","66.42","64.75","712.81K","0.12%"
"06/11/2018","65.20","65.43","66.18","64.34","750.92K","-0.12%"
"06/08/2018","65.28","63.16","65.74","63.10","1.19M","2.75%"
"06/07/2018","63.53","65.45","65.50","62.25","2.07M","-6.44%"
"06/06/2018","67.90","67.64","69.09","66.93","1.13M","1.25%"
"06/05/2018","67.06","66.07","67.45","65.33","1.43M","1.50%"
"06/04/2018","66.07","65.27","66.13","64.67","1.01M","1.18%"
"06/01/2018","65.30","63.97","65.40","63.44","1.11M","2.54%"
"05/31/2018","63.68","63.70","64.74","63.16","998.72K","-0.09%"
"05/30/2018","63.74","64.35","64.78","62.66","991.78K","-0.36%"
"05/29/2018","63.97","63.71","64.94","63.15","1.17M","1.52%"
"05/25/2018","63.01","61.99","63.50","61.50","1.38M","1.50%"
"05/24/2018","62.08","60.00","62.50","59.40","1.04M","3.81%"
"05/23/2018","59.80","61.26","61.96","59.16","1.75M","-3.11%"
"05/22/2018","61.72","60.08","62.20","59.10","1.90M","3.47%"
"05/21/2018","59.65","58.28","59.73","57.72","1.29M","2.93%"
"05/18/2018","57.95","57.52","58.47","57.01","1.51M","1.45%"
"05/17/2018","57.12","55.27","57.89","54.28","5.52M","5.14%"
"05/16/2018","54.33","54.54","56.81","53.67","1.97M","-0.39%"
"05/15/2018","54.54","53.87","54.67","52.22","2.10M","-4.30%"
"05/14/2018","56.99","57.43","58.18","56.51","1.09M","-0.47%"
"05/11/2018","57.26","55.44","57.44","55.16","1.11M","3.28%"
"05/10/2018","55.44","54.44","56.73","53.55","1.79M","1.50%"
"05/09/2018","54.62","50.40","56.22","49.96","4.79M","22.33%"
"05/08/2018","44.65","44.73","45.25","44.25","1.49M","-0.62%"
"05/07/2018","44.93","45.19","45.48","43.68","1.26M","0.85%"
"05/04/2018","44.55","42.24","45.50","42.24","2.64M","7.50%"
"05/03/2018","41.44","41.99","41.99","41.10","1.27M","-1.31%"
"05/02/2018","41.99","41.77","42.80","41.77","1.24M","1.16%"
"05/01/2018","41.51","41.95","42.14","41.16","571.31K","-1.12%"
"04/30/2018","41.98","41.79","42.44","41.60","428.34K","0.89%"
"04/27/2018","41.61","42.90","43.24","41.37","802.56K","-2.64%"
"04/26/2018","42.74","44.30","44.75","42.60","921.87K","-0.60%"
"04/25/2018","43.00","42.64","43.07","42.11","590.95K","0.47%"
"04/24/2018","42.80","43.03","43.73","41.70","658.39K","0.14%"
"04/23/2018","42.74","43.06","43.43","42.45","944.29K","0.09%"
"04/20/2018","42.70","42.92","43.27","42.63","544.31K","-0.67%"
"04/19/2018","42.99","42.70","43.43","42.15","903.61K","0.58%"
"04/18/2018","42.74","43.26","43.67","42.72","721.98K","-0.63%"
"04/17/2018","43.01","43.06","43.84","42.97","962.29K","0.09%"
"04/16/2018","42.97","43.33","43.71","42.80","553.22K","0.42%"
"04/13/2018","42.79","43.77","43.77","42.65","796.45K","-0.72%"
"04/12/2018","43.10","43.10","44.06","43.00","1.53M","0.75%"
"04/11/2018","42.78","42.01","43.19","42.00","629.23K","1.64%"
"04/10/2018","42.09","41.62","42.30","41.38","732.65K","1.89%"
"04/09/2018","41.31","42.24","42.34","40.84","1.24M","-1.27%"
"04/06/2018","41.84","42.47","42.95","41.55","967.24K","-2.38%"
"04/05/2018","42.86","42.38","43.16","42.10","814.37K","2.10%"
"04/04/2018","41.98","41.91","42.65","40.56","1.47M","-0.99%"
"04/03/2018","42.40","39.78","42.45","39.50","1.77M","7.40%"
"04/02/2018","39.48","39.35","39.61","38.83","467.38K","0.43%"
"03/29/2018","39.31","38.19","39.89","38.15","742.95K","3.67%"
"03/28/2018","37.92","38.78","38.80","37.62","553.79K","-1.84%"
"03/27/2018","38.63","38.67","39.31","38.32","542.24K","-0.23%"
"03/26/2018","38.72","38.26","38.77","37.52","431.44K","2.16%"
"03/23/2018","37.90","38.57","39.16","37.89","769.00K","-1.69%"
"03/22/2018","38.55","38.56","39.30","38.31","890.91K","-0.64%"
"03/21/2018","38.80","38.45","38.98","38.13","716.91K","1.15%"
"03/20/2018","38.36","37.50","38.66","37.46","833.12K","2.57%"
"03/19/2018","37.40","37.81","37.95","37.11","832.91K","-1.50%"
"03/16/2018","37.97","37.95","38.39","37.54","2.02M","-1.68%"
"03/15/2018","38.62","38.92","39.02","38.33","867.65K","-1.00%"
"03/14/2018","39.01","39.49","39.59","38.95","701.25K","-0.86%"
"03/13/2018","39.35","39.56","39.88","38.95","685.05K","-0.18%"
"03/12/2018","39.42","40.34","40.49","39.15","1.09M","-1.10%"
"03/09/2018","39.86","40.01","40.16","39.11","1.20M","0.18%"
"03/08/2018","39.79","39.72","40.10","39.39","748.27K","0.05%"
"03/07/2018","39.77","38.97","40.24","38.70","1.27M","1.74%"
"03/06/2018","39.09","37.50","39.70","37.42","1.54M","2.12%"
"03/05/2018","38.28","38.74","39.75","36.91","2.11M","-1.21%"
"03/02/2018","38.75","36.37","38.87","35.95","3.29M","2.81%"
"03/01/2018","37.69","34.90","39.74","34.85","6.18M","8.21%"
"02/28/2018","34.83","32.01","36.30","31.06","7.92M","27.82%"
"02/27/2018","27.25","28.10","28.11","27.19","855.94K","-3.23%"
"02/26/2018","28.16","28.66","28.78","28.11","618.72K","-1.47%"
"02/23/2018","28.58","28.38","28.60","28.07","316.65K","1.38%"
"02/22/2018","28.19","28.15","28.47","28.10","379.59K","0.32%"
"02/21/2018","28.10","28.16","28.71","28.06","458.69K","0.11%"
"02/20/2018","28.07","28.66","28.94","28.06","622.66K","-2.33%"
"02/16/2018","28.74","28.40","29.00","28.40","744.05K","1.20%"
"02/15/2018","28.40","28.00","28.49","27.88","687.57K","1.72%"
"02/14/2018","27.92","26.64","27.97","26.64","605.86K","4.02%"
"02/13/2018","26.84","25.58","27.04","25.52","869.57K","4.80%"
"02/12/2018","25.61","25.40","25.89","25.22","920.84K","1.31%"
"02/09/2018","25.28","25.54","25.88","24.85","796.48K","-0.16%"
"02/08/2018","25.32","25.89","25.97","25.32","685.51K","-2.43%"
"02/07/2018","25.95","25.20","26.07","25.20","499.56K","3.18%"
"02/06/2018","25.15","24.85","25.34","24.50","899.32K","0.48%"
"02/05/2018","25.03","25.74","25.99","24.84","669.70K","-3.06%"
"02/02/2018","25.82","25.66","26.17","25.46","527.44K","-0.08%"
"02/01/2018","25.84","26.33","26.37","25.75","751.30K","-2.34%"
"01/31/2018","26.46","27.48","27.59","26.34","585.60K","-3.29%"
"01/30/2018","27.36","27.13","27.86","26.73","1.13M","-0.18%"
"01/29/2018","27.41","27.40","27.63","27.20","567.04K","-0.25%"
"01/26/2018","27.48","27.59","27.74","27.16","366.16K","-0.15%"
"01/25/2018","27.52","27.31","27.52","27.01","336.22K","1.14%"
"01/24/2018","27.21","27.43","27.65","26.90","415.87K","-0.87%"
"01/23/2018","27.45","27.44","27.49","27.17","170.05K","-0.07%"
"01/22/2018","27.47","27.48","27.48","27.07","506.59K","-0.04%"
"01/19/2018","27.48","27.41","27.57","27.16","331.35K","0.15%"
"01/18/2018","27.44","27.63","27.73","27.27","479.35K","-0.97%"
"01/17/2018","27.71","27.39","27.79","27.36","460.54K","1.54%"
"01/16/2018","27.29","27.59","27.96","27.28","447.39K","-0.98%"
"01/12/2018","27.56","26.99","27.75","26.87","572.79K","2.45%"
"01/11/2018","26.90","26.58","27.00","26.52","602.72K","1.28%"
"01/10/2018","26.56","26.78","26.88","26.40","412.46K","-0.97%"
"01/09/2018","26.82","26.77","27.08","26.65","347.67K","0.19%"
"01/08/2018","26.77","26.82","26.82","26.27","526.38K","-0.30%"
"01/05/2018","26.85","26.85","27.10","26.62","369.18K","0.07%"
"01/04/2018","26.83","26.80","26.89","26.50","358.22K","0.30%"
"01/03/2018","26.75","26.45","26.79","26.08","603.29K","0.75%"
"01/02/2018","26.55","26.52","26.58","26.22","487.83K","0.19%"
"12/29/2017","26.50","26.90","26.92","26.47","380.32K","-1.60%"
"12/28/2017","26.93","26.70","26.96","26.60","271.53K","0.94%"
"12/27/2017","26.68","26.55","26.74","26.42","197.35K","0.79%"
"12/26/2017","26.47","26.16","26.70","26.16","212.71K","0.11%"
"12/22/2017","26.44","26.41","26.52","26.05","271.51K","0.23%"
"12/21/2017","26.38","25.96","26.60","25.54","676.90K","2.25%"
"12/20/2017","25.80","26.67","26.67","25.75","461.43K","-2.64%"
"12/19/2017","26.50","27.09","27.09","26.33","546.14K","-1.85%"
"12/18/2017","27.00","26.40","27.06","26.37","665.19K","2.47%"
"12/15/2017","26.35","25.85","26.40","25.53","1.35M","3.62%"
"12/14/2017","25.43","25.59","25.92","25.34","444.25K","-0.66%"
"12/13/2017","25.60","25.21","26.01","25.16","906.57K","1.75%"
"12/12/2017","25.16","24.69","25.20","24.53","494.38K","2.32%"
"12/11/2017","24.59","24.53","24.79","24.16","518.49K","0.37%"
"12/08/2017","24.50","24.36","24.78","24.32","498.76K","0.70%"
"12/07/2017","24.33","24.04","24.69","23.91","538.41K","1.37%"
"12/06/2017","24.00","24.09","24.28","23.85","528.36K","-0.37%"
"12/05/2017","24.09","24.10","24.39","23.95","633.07K","-0.04%"
"12/04/2017","24.10","24.64","24.88","24.06","783.63K","-1.55%"
"12/01/2017","24.48","24.90","24.91","23.82","735.41K","-1.61%"
"11/30/2017","24.88","24.99","25.22","24.73","511.72K","-0.36%"
"11/29/2017","24.97","24.79","25.09","24.54","519.77K","0.40%"
"11/28/2017","24.87","24.46","25.01","24.27","521.49K","1.80%"
"11/27/2017","24.43","24.10","24.45","23.92","468.99K","1.54%"
"11/24/2017","24.06","23.87","24.07","23.72","249.23K","1.22%"
"11/22/2017","23.77","23.86","24.00","23.55","664.87K","-0.34%"
"11/21/2017","23.85","23.74","23.88","23.27","1.15M","1.02%"
"11/20/2017","23.61","23.19","23.85","23.19","1.11M","2.08%"
"11/17/2017","23.13","22.50","23.45","22.49","1.14M","3.31%"
"11/16/2017","22.39","21.88","22.46","21.80","934.21K","2.28%"
"11/15/2017","21.89","21.17","21.95","21.13","801.99K","2.29%"
"11/14/2017","21.40","21.01","21.44","20.81","908.07K","1.33%"
"11/13/2017","21.12","21.02","21.47","21.02","658.36K","-0.19%"
"11/10/2017","21.16","21.43","21.46","21.15","623.52K","-1.72%"
"11/09/2017","21.53","21.31","22.38","20.92","1.15M","0.47%"
"11/08/2017","21.43","22.62","22.73","20.57","2.98M","-6.21%"
"11/07/2017","22.85","23.20","23.35","22.84","892.18K","-1.59%"
"11/06/2017","23.22","23.40","23.49","23.16","672.10K","-0.81%"
"11/03/2017","23.41","23.45","23.45","23.18","421.20K","-0.30%"
"11/02/2017","23.48","23.00","23.50","22.90","460.82K","1.95%"
"11/01/2017","23.03","23.00","23.05","22.81","429.43K","0.26%"
"10/31/2017","22.97","22.96","23.15","22.89","512.03K","0.44%"
"10/30/2017","22.87","22.76","22.91","22.66","622.09K","-0.22%"
"10/27/2017","22.92","22.49","22.93","22.25","607.40K","2.18%"
"10/26/2017","22.43","22.10","22.47","22.08","527.97K","1.17%"
"10/25/2017","22.17","22.14","22.46","22.09","769.06K","-0.67%"
"10/24/2017","22.32","22.48","22.54","22.11","1.06M","-1.20%"
"10/23/2017","22.59","22.80","22.97","22.33","829.39K","-1.83%"
"10/20/2017","23.01","23.50","24.03","22.86","4.11M","-6.54%"
"10/19/2017","24.62","24.78","24.92","24.42","594.78K","-1.48%"
"10/18/2017","24.99","23.94","25.02","23.60","1.49M","2.25%"
"10/17/2017","24.44","24.19","24.47","24.11","415.56K","0.53%"
"10/16/2017","24.31","24.65","24.70","24.23","435.45K","-1.18%"
"10/13/2017","24.60","24.62","24.73","24.42","575.20K","0.61%"
"10/12/2017","24.45","24.03","24.55","23.96","678.12K","2.30%"
"10/11/2017","23.90","23.77","24.00","23.77","456.22K","0.34%"
"10/10/2017","23.82","23.57","23.84","23.39","507.58K","1.10%"
"10/09/2017","23.56","23.72","23.82","23.53","287.73K","-0.67%"
"10/06/2017","23.72","23.64","23.78","23.50","317.65K","0.34%"
"10/05/2017","23.64","23.72","23.86","23.55","225.81K","-0.55%"
"10/04/2017","23.77","23.26","23.77","23.20","595.74K","2.46%"
"10/03/2017","23.20","23.04","23.31","23.04","491.06K","1.27%"
"10/02/2017","22.91","22.77","23.04","22.66","478.68K","1.06%"
"09/29/2017","22.67","23.08","23.20","22.65","544.07K","-1.82%"
"09/28/2017","23.09","23.10","23.49","22.89","531.72K","0.17%"
"09/27/2017","23.05","22.72","23.07","22.67","552.96K","1.72%"
"09/26/2017","22.66","22.59","22.95","22.54","373.24K","0.31%"
"09/25/2017","22.59","22.66","22.73","22.18","510.97K","-0.26%"
"09/22/2017","22.65","22.77","23.14","22.64","284.28K","-0.66%"
"09/21/2017","22.80","22.91","23.12","22.70","467.47K","-0.48%"
"09/20/2017","22.91","22.21","23.22","22.09","748.66K","3.81%"
"09/19/2017","22.07","22.45","22.51","22.02","417.96K","-1.47%"
"09/18/2017","22.40","22.34","22.68","22.30","490.47K","0.45%"
"09/15/2017","22.30","22.59","22.73","21.95","1.27M","-1.06%"
"09/14/2017","22.54","22.52","22.76","22.40","520.29K","0.63%"
"09/13/2017","22.40","22.34","22.56","22.21","447.46K","0.22%"
"09/12/2017","22.35","21.87","22.35","21.86","692.07K","2.24%"
"09/11/2017","21.86","21.79","22.25","21.72","428.42K","1.02%"
"09/08/2017","21.64","21.51","21.96","21.46","517.18K","0.65%"
"09/07/2017","21.50","21.74","21.99","21.48","531.25K","-1.06%"
"09/06/2017","21.73","22.00","22.00","21.70","533.72K","-1.14%"
"09/05/2017","21.98","21.66","21.98","21.53","390.59K","1.15%"
"09/01/2017","21.73","21.73","21.98","21.64","358.16K","0.09%"
"08/31/2017","21.71","21.69","21.87","21.63","445.08K","0.56%"
"08/30/2017","21.59","21.60","21.69","21.44","378.62K","-0.14%"
"08/29/2017","21.62","21.77","21.91","21.61","383.96K","-1.19%"
"08/28/2017","21.88","21.63","21.95","21.61","617.14K","1.39%"
"08/25/2017","21.58","21.62","21.83","21.57","666.68K","-1.24%"
"08/24/2017","21.85","21.81","22.09","21.75","495.83K","0.97%"
"08/23/2017","21.64","21.58","21.99","21.45","662.79K","-0.60%"
"08/22/2017","21.77","21.50","22.13","21.40","816.71K","-1.40%"
"08/21/2017","22.08","22.03","22.14","21.85","728.55K","0.05%"
"08/18/2017","22.07","21.36","22.15","21.25","1.04M","2.75%"
"08/17/2017","21.48","21.55","21.86","21.45","445.30K","-0.83%"
"08/16/2017","21.66","21.65","21.80","21.34","679.08K","0.14%"
"08/15/2017","21.63","22.10","22.37","21.52","755.59K","-2.48%"
"08/14/2017","22.18","22.56","22.65","22.04","566.98K","-0.81%"
"08/11/2017","22.36","22.65","22.73","21.91","1.18M","-0.45%"
"08/10/2017","22.46","23.00","23.05","22.24","1.51M","-2.43%"
"08/09/2017","23.02","24.30","25.26","21.80","2.68M","-9.05%"
"08/08/2017","25.31","25.77","26.31","25.29","987.64K","-1.59%"
"08/07/2017","25.72","25.26","25.88","25.15","621.35K","1.30%"
"08/04/2017","25.39","25.00","25.46","24.70","441.43K","1.56%"
"08/03/2017","25.00","24.75","25.06","24.75","384.17K","0.56%"
"08/02/2017","24.86","24.80","25.04","24.64","349.58K","-0.04%"
"08/01/2017","24.87","24.60","24.88","24.27","497.22K","1.14%"
"07/31/2017","24.59","24.66","24.74","24.18","605.32K","-0.53%"
"07/28/2017","24.72","24.85","25.00","24.67","402.59K","-1.08%"
"07/27/2017","24.99","25.23","25.37","24.80","305.56K","-0.91%"
"07/26/2017","25.22","25.47","25.48","24.96","526.18K","-0.75%"
"07/25/2017","25.41","25.42","25.52","25.18","386.55K","0.16%"
"07/24/2017","25.37","25.23","25.53","25.11","275.46K","0.44%"
"07/21/2017","25.26","25.58","25.58","25.19","369.48K","-0.47%"
"07/20/2017","25.38","25.45","25.45","25.06","280.04K","-0.04%"
"07/19/2017","25.39","25.20","25.56","25.15","357.36K","0.63%"
"07/18/2017","25.23","25.72","25.72","25.20","434.76K","-2.29%"
"07/17/2017","25.82","25.24","25.85","25.19","440.98K","2.10%"
"07/14/2017","25.29","25.13","25.40","24.85","522.43K","0.24%"
"07/13/2017","25.23","25.43","25.50","25.07","419.30K","-0.94%"
"07/12/2017","25.47","25.42","25.71","25.28","399.55K","0.59%"
"07/11/2017","25.32","24.93","25.55","24.87","407.10K","1.20%"
"07/10/2017","25.02","25.04","25.31","24.71","345.36K","-0.28%"
"07/07/2017","25.09","23.95","25.25","23.77","745.20K","0.16%"
"07/06/2017","25.05","25.28","25.39","24.94","529.94K","-0.87%"
"07/05/2017","25.27","25.09","25.50","25.03","349.60K","0.44%"
"07/03/2017","25.16","25.22","25.45","25.02","194.35K","0.08%"
"06/30/2017","25.14","25.20","25.46","24.97","418.13K","-0.12%"
"06/29/2017","25.17","25.87","25.97","24.76","494.41K","-2.67%"
"06/28/2017","25.86","25.61","26.02","25.52","354.07K","1.65%"
"06/27/2017","25.44","25.93","25.99","25.35","513.80K","-2.00%"
"06/26/2017","25.96","26.27","26.39","25.88","394.86K","-1.37%"
"06/23/2017","26.32","26.32","26.42","26.14","396.25K","0.11%"
"06/22/2017","26.29","26.00","26.40","25.82","515.21K","1.04%"
"06/21/2017","26.02","25.76","26.38","25.73","807.24K","0.97%"
"06/20/2017","25.77","25.60","27.00","25.55","1.43M","1.42%"
"06/19/2017","25.41","25.53","25.69","25.29","509.70K","0.20%"
"06/16/2017","25.36","24.50","25.50","24.33","1.35M","2.42%"
"06/15/2017","24.76","24.10","25.00","24.04","590.21K","2.02%"
"06/14/2017","24.27","24.38","24.50","24.17","410.25K","-0.82%"
"06/13/2017","24.47","24.26","24.50","24.12","475.43K","1.12%"
"06/12/2017","24.20","24.33","24.46","24.11","362.23K","-0.70%"
"06/09/2017","24.37","24.34","24.67","24.18","483.09K","-0.29%"
"06/08/2017","24.44","24.25","24.58","24.18","459.68K","0.74%"
"06/07/2017","24.26","24.60","24.71","24.17","518.38K","-1.62%"
"06/06/2017","24.66","24.24","24.74","24.20","476.92K","1.07%"
"06/05/2017","24.40","24.44","24.59","24.14","753.15K","-0.49%"
"06/02/2017","24.52","24.42","24.83","24.40","600.55K","0.25%"
"06/01/2017","24.46","24.10","24.50","24.00","728.10K","1.87%"
"05/31/2017","24.01","24.67","24.74","23.98","781.74K","-2.36%"
"05/30/2017","24.59","24.75","24.87","24.45","529.22K","-1.24%"
"05/26/2017","24.90","25.00","25.03","24.62","461.33K","-0.36%"
"05/25/2017","24.99","24.96","25.15","24.77","554.21K","0.85%"
"05/24/2017","24.78","24.88","25.01","24.69","464.93K","-0.40%"
"05/23/2017","24.88","24.75","24.94","24.46","493.38K","0.61%"
"05/22/2017","24.73","24.72","24.82","24.53","350.94K","0.53%"
"05/19/2017","24.60","24.13","24.84","24.13","543.08K","1.95%"
"05/18/2017","24.13","24.50","24.65","24.08","764.22K","-1.87%"
"05/17/2017","24.59","25.36","25.36","24.56","1.04M","-3.79%"
"05/16/2017","25.56","25.10","25.61","24.83","909.72K","1.59%"
"05/15/2017","25.16","25.99","26.04","25.15","941.02K","-3.19%"
"05/12/2017","25.99","26.00","26.30","25.96","885.25K","-0.04%"
"05/11/2017","26.00","26.06","26.29","25.75","922.31K","-0.95%"
"05/10/2017","26.25","26.97","28.17","25.66","3.42M","4.25%"
"05/09/2017","25.18","24.90","25.51","24.90","1.25M","0.56%"
"05/08/2017","25.04","24.84","25.07","24.59","668.17K","0.36%"
"05/05/2017","24.95","24.88","24.95","24.68","398.80K","0.44%"
"05/04/2017","24.84","24.77","24.90","24.68","551.74K","0.40%"
"05/03/2017","24.74","24.58","24.77","24.50","348.58K","-0.16%"
"05/02/2017","24.78","24.66","24.82","24.61","455.14K","0.12%"
"05/01/2017","24.75","24.72","24.82","24.54","495.14K","0.69%"
"04/28/2017","24.58","24.75","24.75","24.44","590.72K","-0.49%"
"04/27/2017","24.70","24.36","24.73","24.36","677.77K","1.81%"
"04/26/2017","24.26","24.12","24.48","24.00","610.94K","0.37%"
"04/25/2017","24.17","24.21","24.30","24.08","619.21K","0.62%"
"04/24/2017","24.02","24.00","24.05","23.72","943.25K","1.39%"
"04/21/2017","23.69","23.34","23.78","23.29","988.78K","1.67%"
"04/20/2017","23.30","22.94","23.36","22.79","802.01K","2.51%"
"04/19/2017","22.73","22.55","22.91","22.55","413.57K","1.02%"
"04/18/2017","22.50","22.06","22.51","22.02","833.06K","1.90%"
"04/17/2017","22.08","22.04","22.17","21.95","699.94K","0.18%"
"04/13/2017","22.04","22.22","22.50","22.02","867.08K","-1.69%"
"04/12/2017","22.42","23.27","23.35","22.34","973.71K","-3.28%"
"04/11/2017","23.18","23.27","23.42","22.95","975.61K","-0.39%"
"04/10/2017","23.27","23.30","24.58","23.27","2.09M","0.00%"
"04/07/2017","23.27","23.25","23.61","22.67","1.90M","0.82%"
"04/06/2017","23.08","22.30","23.10","21.89","2.16M","5.39%"
"04/05/2017","21.90","23.35","23.39","21.18","10.30M","-0.45%"
"04/04/2017","22.00","22.47","22.64","21.97","1.10M","-2.22%"
"04/03/2017","22.50","22.78","22.83","22.48","605.57K","-1.27%"
"03/31/2017","22.79","23.18","23.21","22.77","845.89K","-1.85%"
"03/30/2017","23.22","22.63","23.34","22.63","1.01M","2.56%"
"03/29/2017","22.64","22.76","22.82","22.56","498.82K","-0.66%"
"03/28/2017","22.79","22.43","22.82","22.25","611.69K","1.42%"
"03/27/2017","22.47","22.22","22.57","22.05","479.18K","-0.13%"
"03/24/2017","22.50","22.67","22.89","22.36","501.33K","-0.57%"
"03/23/2017","22.63","22.50","22.77","22.32","698.04K","0.80%"
"03/22/2017","22.45","22.47","22.93","22.22","638.98K","-0.04%"
"03/21/2017","22.46","23.01","23.33","22.43","775.65K","-2.09%"
"03/20/2017","22.94","23.46","23.63","22.88","971.76K","-1.92%"
"03/17/2017","23.39","22.77","23.48","22.71","1.52M","2.77%"
"03/16/2017","22.76","23.03","23.19","22.72","697.09K","-1.09%"
"03/15/2017","23.01","22.99","23.10","22.63","818.70K","0.52%"
"03/14/2017","22.89","22.70","22.96","22.58","624.54K","0.35%"
"03/13/2017","22.81","22.57","22.84","22.50","824.25K","0.80%"
"03/10/2017","22.63","22.62","22.86","22.50","803.11K","0.62%"
"03/09/2017","22.49","22.36","22.62","22.22","1.06M","0.54%"
"03/08/2017","22.37","22.61","22.64","22.30","867.87K","-0.53%"
"03/07/2017","22.49","22.42","22.70","22.40","1.29M","-0.18%"
"03/06/2017","22.53","22.80","23.11","22.40","1.55M","-1.23%"
"03/03/2017","22.81","23.01","23.27","22.10","1.92M","-0.70%"
"03/02/2017","22.97","24.23","24.23","22.52","4.35M","-5.63%"
"03/01/2017","24.34","24.77","25.13","22.91","5.41M","-5.18%"
"02/28/2017","25.67","26.13","26.24","25.44","1.41M","-1.57%"
"02/27/2017","26.08","25.67","26.23","25.63","1.10M","1.80%"
"02/24/2017","25.62","25.47","25.78","25.26","881.49K","0.59%"
"02/23/2017","25.47","26.31","26.43","25.41","631.94K","-2.93%"
"02/22/2017","26.24","26.42","26.59","26.02","624.35K","-1.24%"
"02/21/2017","26.57","26.42","26.70","26.36","431.21K","0.26%"
"02/17/2017","26.50","26.50","26.69","26.29","722.69K","-0.64%"
"02/16/2017","26.67","26.49","26.68","26.27","438.00K","0.53%"
"02/15/2017","26.53","26.70","26.85","26.35","722.61K","-1.78%"
"02/14/2017","27.01","27.16","27.19","26.89","331.60K","-0.63%"
"02/13/2017","27.18","27.40","27.56","27.15","493.71K","-0.59%"
"02/10/2017","27.34","27.00","27.40","26.87","1.04M","1.67%"
"02/09/2017","26.89","26.50","27.17","26.40","623.71K","1.32%"
"02/08/2017","26.54","26.79","26.85","26.22","880.77K","-1.01%"
"02/07/2017","26.81","27.02","27.41","26.68","966.89K","-0.41%"
"02/06/2017","26.92","26.33","26.99","26.18","1.06M","2.47%"
"02/03/2017","26.27","25.74","26.35","25.52","877.00K","2.14%"
"02/02/2017","25.72","25.18","25.99","25.13","756.11K","2.35%"
"02/01/2017","25.13","25.13","25.30","24.91","501.06K","0.60%"
"01/31/2017","24.98","24.83","25.03","24.50","586.51K","0.36%"
"01/30/2017","24.89","24.62","24.99","24.33","566.38K","0.24%"
"01/27/2017","24.83","24.88","24.96","24.65","388.04K","-0.20%"
"01/26/2017","24.88","25.11","25.26","24.73","260.50K","-0.92%"
"01/25/2017","25.11","25.39","25.50","24.89","400.43K","-0.28%"
"01/24/2017","25.18","24.84","25.45","24.82","467.91K","1.49%"
"01/23/2017","24.81","24.80","24.98","24.67","348.31K","-0.16%"
"01/20/2017","24.85","25.24","25.24","24.75","483.64K","-0.96%"
"01/19/2017","25.09","25.02","25.36","24.83","833.20K","-0.04%"
"01/18/2017","25.10","24.86","25.37","24.69","554.04K","1.13%"
"01/17/2017","24.82","25.17","25.17","24.45","1.25M","-1.63%"
"01/13/2017","25.23","24.29","25.47","24.29","996.70K","3.96%"
"01/12/2017","24.27","24.50","24.68","23.48","1.26M","-1.46%"
"01/11/2017","24.63","24.70","24.75","24.29","387.37K","0.00%"
"01/10/2017","24.63","24.38","25.00","24.27","801.67K","1.48%"
"01/09/2017","24.27","24.52","24.64","24.26","451.48K","-1.14%"
"01/06/2017","24.55","24.79","24.81","24.47","311.49K","-0.53%"
"01/05/2017","24.68","24.84","25.00","24.50","523.97K","-0.68%"
"01/04/2017","24.85","24.59","24.86","24.48","627.34K","1.10%"
"01/03/2017","24.58","24.40","24.83","24.19","437.41K","1.40%"
"12/30/2016","24.24","24.80","24.80","24.21","341.34K","-2.26%"
"12/29/2016","24.80","24.56","25.01","24.56","454.37K","0.98%"
"12/28/2016","24.56","24.88","24.98","24.50","394.06K","-1.05%"
"12/27/2016","24.82","24.54","25.03","24.27","540.27K","1.18%"
"12/23/2016","24.53","24.74","24.74","24.18","392.55K","0.95%"
"12/22/2016","24.30","25.18","25.34","24.24","611.46K","-2.84%"
"12/21/2016","25.01","24.44","25.59","24.15","1.93M","2.63%"
"12/20/2016","24.37","24.65","24.76","24.02","451.24K","1.58%"
"12/19/2016","23.99","23.98","24.25","23.75","629.35K","0.04%"
"12/16/2016","23.98","24.19","24.43","23.91","1.00M","-0.75%"
"12/15/2016","24.16","24.47","24.61","23.99","596.01K","-0.17%"
"12/14/2016","24.20","23.60","24.67","23.60","1.25M","2.63%"
"12/13/2016","23.58","23.56","23.98","23.34","773.18K","0.26%"
"12/12/2016","23.52","23.65","23.92","23.32","1.25M","-1.38%"
"12/09/2016","23.85","25.27","25.46","23.75","2.85M","-5.58%"
"12/08/2016","25.26","27.69","27.70","24.92","2.37M","-8.21%"
"12/07/2016","27.52","28.44","28.44","27.45","1.06M","-2.38%"
"12/06/2016","28.19","28.30","28.37","27.89","531.14K","0.39%"
"12/05/2016","28.08","28.00","28.49","28.00","1.00M","0.57%"
"12/02/2016","27.92","27.60","28.01","27.46","560.90K","0.72%"
"12/01/2016","27.72","27.37","27.74","27.36","735.01K","1.80%"
"11/30/2016","27.23","27.59","27.96","27.13","520.11K","-1.16%"
"11/29/2016","27.55","27.70","28.00","27.54","372.41K","-0.97%"
"11/28/2016","27.82","28.00","28.10","27.73","500.65K","-0.89%"
"11/25/2016","28.07","28.10","28.22","27.87","188.05K","-0.14%"
"11/23/2016","28.11","27.85","28.38","27.80","750.31K","0.43%"
"11/22/2016","27.99","27.37","28.03","27.33","689.85K","2.49%"
"11/21/2016","27.31","27.78","28.00","27.02","1.07M","-1.73%"
"11/18/2016","27.79","27.97","28.14","27.76","420.69K","-0.61%"
"11/17/2016","27.96","27.84","28.20","27.67","525.86K","0.72%"
"11/16/2016","27.76","27.59","27.95","27.33","626.95K","-0.07%"
"11/15/2016","27.78","27.59","28.30","27.32","1.81M","0.98%"
"11/14/2016","27.51","27.24","27.91","27.18","1.24M","1.21%"
"11/11/2016","27.18","26.09","27.24","26.04","1.45M","1.34%"
"11/10/2016","26.82","26.34","28.00","25.81","6.32M","13.31%"
"11/09/2016","23.67","22.00","24.09","21.90","2.99M","5.25%"
"11/08/2016","22.49","22.21","22.49","21.93","972.66K","0.94%"
"11/07/2016","22.28","22.29","22.48","22.17","942.52K","1.36%"
"11/04/2016","21.98","22.06","22.45","21.93","827.60K","0.00%"
"11/03/2016","21.98","23.25","23.25","21.93","739.92K","-1.52%"
"11/02/2016","22.32","22.55","22.95","22.29","926.66K","-1.28%"
"11/01/2016","22.61","22.36","22.77","22.36","983.93K","1.03%"
"10/31/2016","22.38","22.47","22.48","22.18","696.06K","-0.40%"
"10/28/2016","22.47","22.50","22.81","22.40","654.22K","-0.22%"
"10/27/2016","22.52","22.96","23.13","22.32","811.11K","-2.04%"
"10/26/2016","22.99","23.11","23.30","22.95","612.62K","-0.86%"
"10/25/2016","23.19","23.64","23.73","23.05","515.64K","-1.49%"
"10/24/2016","23.54","23.28","23.62","23.27","388.33K","1.47%"
"10/21/2016","23.20","23.00","23.20","22.86","410.09K","0.39%"
"10/20/2016","23.11","23.25","23.29","23.08","483.48K","-0.47%"
"10/19/2016","23.22","22.69","23.34","22.69","670.79K","2.61%"
"10/18/2016","22.63","23.05","23.17","22.58","941.88K","-1.27%"
"10/17/2016","22.92","22.68","23.05","22.62","926.43K","0.66%"
"10/14/2016","22.77","22.65","23.28","22.33","1.92M","3.08%"
"10/13/2016","22.09","21.79","22.20","21.50","970.23K","-1.78%"
"10/12/2016","22.49","22.47","22.69","22.26","699.54K","0.40%"
"10/11/2016","22.40","23.82","23.82","22.18","1.03M","-1.41%"
"10/10/2016","22.72","22.51","22.91","22.51","1.20M","1.29%"
"10/07/2016","22.43","23.16","23.21","22.42","1.33M","-3.73%"
"10/06/2016","23.30","23.09","23.42","22.81","2.08M","0.43%"
"10/05/2016","23.20","23.87","23.99","22.92","3.04M","-2.15%"
"10/04/2016","23.71","24.65","24.70","23.62","2.81M","-2.39%"
"10/03/2016","24.29","25.92","26.00","24.22","8.06M","-15.10%"
"09/30/2016","28.61","28.93","28.99","28.57","1.91M","-1.11%"
"09/29/2016","28.93","28.71","29.00","28.54","926.10K","0.28%"
"09/28/2016","28.85","28.57","28.92","28.41","764.63K","1.55%"
"09/27/2016","28.41","28.30","28.53","28.19","568.90K","0.39%"
"09/26/2016","28.30","27.93","28.41","27.92","696.10K","0.71%"
"09/23/2016","28.10","28.11","28.22","27.92","483.18K","-0.50%"
"09/22/2016","28.24","28.22","28.57","28.03","1.23M","2.43%"
"09/21/2016","27.57","26.66","27.60","26.54","1.08M","4.35%"
"09/20/2016","26.42","26.27","26.47","26.06","638.31K","1.54%"
"09/19/2016","26.02","25.53","26.21","25.50","725.28K","2.24%"
"09/16/2016","25.45","26.44","26.44","25.35","770.19K","-0.35%"
"09/15/2016","25.54","25.18","25.63","25.18","578.00K","1.47%"
"09/14/2016","25.17","25.49","26.02","25.01","513.93K","0.64%"
"09/13/2016","25.01","25.26","25.60","24.92","793.81K","-1.50%"
"09/12/2016","25.39","25.02","25.52","25.00","438.31K","0.83%"
"09/09/2016","25.18","25.64","25.84","25.05","889.67K","-2.63%"
"09/08/2016","25.86","25.98","26.24","25.76","778.05K","-1.00%"
"09/07/2016","26.12","26.38","26.51","25.92","833.05K","-1.10%"
"09/06/2016","26.41","26.75","26.98","26.24","851.34K","-0.60%"
"09/02/2016","26.57","26.97","27.18","26.45","850.25K","-1.04%"
"09/01/2016","26.85","27.21","27.58","26.45","1.16M","-0.85%"
"08/31/2016","27.08","29.37","29.38","26.61","2.86M","-7.92%"
"08/30/2016","29.41","28.66","29.68","28.66","1.74M","2.26%"
"08/29/2016","28.76","28.56","28.95","28.56","482.94K","0.88%"
"08/26/2016","28.51","28.67","28.84","28.42","505.38K","-0.63%"
"08/25/2016","28.69","28.45","28.88","28.41","520.35K","0.67%"
"08/24/2016","28.50","28.93","29.15","28.35","949.40K","-1.49%"
"08/23/2016","28.93","29.10","29.29","28.85","759.40K","-0.38%"
"08/22/2016","29.04","29.05","29.20","28.63","707.49K","-0.24%"
"08/19/2016","29.11","29.38","29.40","29.03","687.80K","-1.09%"
"08/18/2016","29.43","29.26","29.56","29.14","522.37K","0.27%"
"08/17/2016","29.35","29.34","29.60","29.25","827.19K","-0.34%"
"08/16/2016","29.45","29.52","29.80","29.29","746.12K","0.07%"
"08/15/2016","29.43","29.12","29.53","28.91","698.75K","1.06%"
"08/12/2016","29.12","29.00","29.35","28.85","508.19K","0.00%"
"08/11/2016","29.12","28.63","29.44","28.63","842.98K","1.53%"
"08/10/2016","28.68","28.54","28.76","28.18","774.56K","-0.03%"
"08/09/2016","28.69","28.73","29.07","28.53","1.11M","-0.17%"
"08/08/2016","28.74","29.25","29.46","28.63","1.44M","-1.78%"
"08/05/2016","29.26","29.60","30.15","28.48","2.51M","1.07%"
"08/04/2016","28.95","28.72","29.15","28.51","1.42M","0.80%"
"08/03/2016","28.72","28.80","29.00","28.40","889.66K","-0.42%"
"08/02/2016","28.84","29.18","29.42","28.53","848.50K","-1.10%"
"08/01/2016","29.16","29.21","29.58","28.93","772.61K","0.69%"
"07/29/2016","28.96","28.60","29.08","28.05","1.15M","1.65%"
"07/28/2016","28.49","28.80","28.85","28.42","801.07K","-1.01%"
"07/27/2016","28.78","28.82","28.99","28.57","819.54K","0.42%"
"07/26/2016","28.66","28.68","28.92","28.39","664.42K","0.56%"
"07/25/2016","28.50","28.53","28.74","28.41","764.48K","0.07%"
"07/22/2016","28.48","28.14","28.65","27.87","869.83K","0.99%"
"07/21/2016","28.20","28.20","28.44","28.00","824.07K","-0.21%"
"07/20/2016","28.26","28.17","28.71","27.82","1.02M","0.50%"
"07/19/2016","28.12","28.00","28.47","27.63","1.14M","0.46%"
"07/18/2016","27.99","27.77","28.42","27.43","1.58M","2.90%"
"07/15/2016","27.20","27.70","27.86","27.12","701.19K","-1.63%"
"07/14/2016","27.65","27.17","27.74","27.10","1.11M","2.37%"
"07/13/2016","27.01","27.04","27.33","26.71","1.36M","0.04%"
"07/12/2016","27.00","28.02","28.18","26.39","2.19M","-2.39%"
"07/11/2016","27.66","27.60","28.58","27.50","2.05M","1.32%"
"07/08/2016","27.30","26.99","27.80","26.70","3.32M","5.94%"
"07/07/2016","25.77","25.09","25.85","25.09","994.92K","2.87%"
"07/06/2016","25.05","25.57","25.59","24.95","1.31M","-0.20%"
"07/05/2016","25.10","24.67","25.13","24.46","625.77K","0.84%"
"07/01/2016","24.89","25.00","25.00","24.65","628.07K","0.04%"
"06/30/2016","24.88","24.38","24.94","24.09","1.18M","2.73%"
"06/29/2016","24.22","23.89","24.30","23.66","778.07K","2.85%"
"06/28/2016","23.55","23.10","23.92","23.10","796.58K","3.47%"
"06/27/2016","22.76","22.74","23.29","22.53","895.36K","-0.96%"
"06/24/2016","22.98","22.43","23.41","22.25","1.50M","-4.09%"
"06/23/2016","23.96","23.95","24.08","23.70","587.08K","1.23%"
"06/22/2016","23.67","23.24","23.88","23.22","844.57K","2.38%"
"06/21/2016","23.12","23.30","23.40","22.96","315.21K","-0.99%"
"06/20/2016","23.35","23.16","23.59","22.93","621.90K","1.83%"
"06/17/2016","22.93","22.70","23.09","22.32","1.28M","1.37%"
"06/16/2016","22.62","22.63","22.69","22.20","516.14K","-0.66%"
"06/15/2016","22.77","22.82","22.96","22.56","413.63K","0.49%"
"06/14/2016","22.66","22.65","22.97","22.43","544.26K","-0.40%"
"06/13/2016","22.75","22.73","22.95","22.40","604.14K","-0.04%"
"06/10/2016","22.76","23.14","23.22","22.65","678.94K","-2.32%"
"06/09/2016","23.30","23.47","23.77","23.23","835.85K","-0.94%"
"06/08/2016","23.52","23.18","23.55","23.08","629.78K","1.91%"
"06/07/2016","23.08","23.00","23.31","22.88","632.69K","0.48%"
"06/06/2016","22.97","22.76","23.04","22.75","663.88K","0.92%"
"06/03/2016","22.76","22.87","22.94","22.57","795.68K","-0.39%"
"06/02/2016","22.85","22.26","22.88","22.05","732.56K","2.37%"
"06/01/2016","22.32","22.31","22.40","21.98","759.66K","-0.22%"
"05/31/2016","22.37","22.01","22.42","21.82","632.65K","1.87%"
"05/27/2016","21.96","22.01","22.16","21.83","572.96K","-0.27%"
"05/26/2016","22.02","21.94","22.07","21.77","537.45K","0.36%"
"05/25/2016","21.94","21.95","22.16","21.88","664.42K","0.37%"
"05/24/2016","21.86","21.51","21.92","21.47","773.64K","1.91%"
"05/23/2016","21.45","21.74","21.77","21.38","636.39K","-1.15%"
"05/20/2016","21.70","21.15","21.75","21.03","959.73K","2.75%"
"05/19/2016","21.12","20.60","21.20","20.31","965.87K","1.64%"
"05/18/2016","20.78","20.64","21.27","20.48","1.89M","0.39%"
"05/17/2016","20.70","19.42","20.93","19.37","2.56M","6.87%"
"05/16/2016","19.37","19.39","19.96","19.34","1.19M","0.00%"
"05/13/2016","19.37","19.64","19.72","19.31","580.18K","-1.68%"
"05/12/2016","19.70","19.87","19.99","19.32","1.01M","-0.45%"
"05/11/2016","19.79","19.33","20.00","19.20","1.21M","1.96%"
"05/10/2016","19.41","18.66","19.41","18.48","1.04M","4.58%"
"05/09/2016","18.56","18.09","18.67","18.05","682.09K","2.32%"
"05/06/2016","18.14","18.00","18.39","17.75","1.18M","-0.93%"
"05/05/2016","18.31","18.24","19.13","17.76","2.70M","3.68%"
"05/04/2016","17.66","17.61","17.75","17.18","1.48M","-0.79%"
"05/03/2016","17.80","18.28","18.37","17.57","820.59K","-3.94%"
"05/02/2016","18.53","18.25","18.60","18.13","499.24K","1.48%"
"04/29/2016","18.26","18.13","18.52","18.11","568.43K","0.83%"
"04/28/2016","18.11","18.41","18.69","18.09","838.22K","-2.69%"
"04/27/2016","18.61","18.36","18.71","18.22","705.16K","0.98%"
"04/26/2016","18.43","18.14","18.48","18.07","551.55K","1.54%"
"04/25/2016","18.15","18.52","18.72","18.03","780.64K","-2.79%"
"04/22/2016","18.67","18.54","18.80","18.45","642.09K","0.00%"
"04/21/2016","18.67","19.01","19.10","18.57","789.56K","0.70%"
"04/20/2016","18.54","18.68","18.90","18.43","716.16K","-0.48%"
"04/19/2016","18.63","18.51","18.93","18.29","894.84K","0.76%"
"04/18/2016","18.49","18.00","18.84","17.80","2.24M","-3.40%"
"04/15/2016","19.14","19.21","19.39","18.89","481.92K","-0.93%"
"04/14/2016","19.32","19.57","19.73","19.28","544.81K","-1.02%"
"04/13/2016","19.52","18.99","19.63","18.92","886.29K","3.66%"
"04/12/2016","18.83","18.52","19.00","18.39","609.88K","2.00%"
"04/11/2016","18.46","18.46","18.77","18.39","595.68K","0.87%"
"04/08/2016","18.30","18.86","18.93","18.24","660.02K","-1.67%"
"04/07/2016","18.61","18.47","18.95","18.44","750.03K","-0.37%"
"04/06/2016","18.68","18.49","18.77","18.45","726.07K","0.76%"
"04/05/2016","18.54","18.52","18.66","18.41","641.57K","-0.43%"
"04/04/2016","18.62","19.00","19.21","18.60","835.08K","-2.26%"
"04/01/2016","19.05","19.42","19.60","19.00","1.00M","-2.95%"
"03/31/2016","19.63","19.58","19.89","19.38","899.90K","0.05%"
"03/30/2016","19.62","19.72","19.83","19.42","1.13M","0.51%"
"03/29/2016","19.52","18.35","19.53","18.28","1.38M","6.61%"
"03/28/2016","18.31","18.32","18.60","18.20","471.27K","0.22%"
"03/24/2016","18.27","18.28","18.41","18.10","636.02K","-0.60%"
"03/23/2016","18.38","18.63","18.76","18.37","965.17K","-1.87%"
"03/22/2016","18.73","18.89","19.21","18.71","632.85K","-1.21%"
"03/21/2016","18.96","19.00","19.47","18.78","815.17K","-0.63%"
"03/18/2016","19.08","18.98","19.21","18.94","1.47M","1.06%"
"03/17/2016","18.88","18.50","19.10","18.44","1.35M","2.05%"
"03/16/2016","18.50","18.22","18.83","18.20","1.14M","0.71%"
"03/15/2016","18.37","19.17","19.29","18.32","1.33M","-4.97%"
"03/14/2016","19.33","19.45","19.53","19.16","794.47K","-1.02%"
"03/11/2016","19.53","19.46","19.72","19.22","812.20K","1.03%"
"03/10/2016","19.33","19.68","19.91","19.16","952.29K","-1.07%"
"03/09/2016","19.54","19.63","19.82","19.40","666.65K","0.00%"
"03/08/2016","19.54","19.81","20.22","19.52","1.38M","-1.56%"
"03/07/2016","19.85","19.40","20.58","19.34","2.12M","2.06%"
"03/04/2016","19.45","19.44","19.85","19.17","1.52M","-0.10%"
"03/03/2016","19.47","19.48","19.74","19.11","1.26M","-0.26%"
"03/02/2016","19.52","19.39","19.78","19.25","1.60M","0.41%"
"03/01/2016","19.44","19.11","19.57","18.52","2.67M","0.31%"
"02/29/2016","19.38","20.52","20.69","19.30","7.33M","10.68%"
"02/27/2016","17.51","17.51","17.51","17.51","1.20M","0.17%"
"02/26/2016","17.48","17.28","17.80","17.27","1.33M","1.57%"
"02/25/2016","17.21","17.20","17.37","16.84","980.15K","-0.06%"
"02/24/2016","17.22","16.80","17.23","16.30","956.34K","1.29%"
"02/23/2016","17.00","17.13","17.27","16.96","684.34K","-1.51%"
"02/22/2016","17.26","17.24","17.32","17.05","1.14M","0.82%"
"02/19/2016","17.12","17.03","17.13","16.71","938.41K","0.06%"
"02/18/2016","17.11","17.20","17.39","16.64","801.63K","-0.12%"
"02/17/2016","17.13","16.40","17.23","16.20","1.46M","4.96%"
"02/16/2016","16.32","15.63","16.35","15.41","1.03M","5.77%"
"02/12/2016","15.43","15.55","15.68","15.00","802.98K","0.13%"
"02/11/2016","15.41","15.09","15.72","15.03","1.12M","-0.45%"
"02/10/2016","15.48","15.45","16.19","15.39","1.09M","0.72%"
"02/09/2016","15.37","15.10","15.45","14.84","1.04M","-0.07%"
"02/08/2016","15.38","15.24","15.38","14.72","1.19M","-0.97%"
"02/05/2016","15.53","15.64","15.95","15.18","1.20M","-1.71%"
"02/04/2016","15.80","15.06","15.94","15.01","1.33M","4.91%"
"02/03/2016","15.06","14.80","15.15","14.22","905.17K","2.10%"
"02/02/2016","14.75","15.22","15.33","14.46","1.62M","-4.41%"
"02/01/2016","15.43","15.17","15.55","14.80","948.16K","0.26%"
"01/29/2016","15.39","14.86","15.40","14.86","1.17M","3.99%"
"01/28/2016","14.80","15.33","15.55","14.73","1.00M","-2.31%"
"01/27/2016","15.15","15.63","15.73","15.12","776.86K","-4.42%"
"01/26/2016","15.85","15.08","15.87","14.72","1.45M","5.53%"
"01/25/2016","15.02","15.27","15.35","14.72","1.53M","-2.66%"
"01/22/2016","15.43","16.06","16.21","15.28","1.36M","-1.47%"
"01/21/2016","15.66","15.86","16.68","15.58","3.03M","3.71%"
"01/20/2016","15.10","14.15","15.42","13.56","3.08M","4.14%"
"01/19/2016","14.50","14.63","14.89","14.19","1.49M","-0.89%"
"01/15/2016","14.63","14.70","15.21","14.24","2.36M","-5.49%"
"01/14/2016","15.48","15.44","15.80","14.93","1.59M","0.45%"
"01/13/2016","15.41","16.09","16.36","15.33","1.23M","-3.81%"
"01/12/2016","16.02","16.02","16.46","15.58","1.33M","1.01%"
"01/11/2016","15.86","16.50","16.72","15.57","1.62M","-2.58%"
"01/08/2016","16.28","16.80","17.12","16.24","1.24M","-1.87%"
"01/07/2016","16.59","17.20","17.49","16.50","2.07M","-5.95%"
"01/06/2016","17.64","17.92","18.37","17.40","3.03M","3.64%"
"01/05/2016","17.02","16.98","17.21","16.62","1.25M","1.13%"
"01/04/2016","16.83","17.00","17.12","16.50","1.41M","-2.66%"
"12/31/2015","17.29","17.76","17.81","17.25","1.23M","-2.92%"
"12/30/2015","17.81","17.52","18.75","17.50","1.87M","2.30%"
"12/29/2015","17.41","17.29","17.65","17.02","1.09M","0.93%"
"12/28/2015","17.25","17.70","17.82","17.14","1.06M","-3.36%"
"12/24/2015","17.85","17.93","18.23","17.62","596.45K","-1.00%"
"12/23/2015","18.03","17.58","18.34","17.43","1.06M","3.03%"
"12/22/2015","17.50","18.00","18.05","17.14","1.28M","-2.40%"
"12/21/2015","17.93","17.08","18.10","17.01","1.79M","6.16%"
"12/18/2015","16.89","16.89","17.36","16.78","1.63M","-0.53%"
"12/17/2015","16.98","16.81","17.31","16.76","1.08M","1.19%"
"12/16/2015","16.78","17.15","17.16","16.55","1.24M","-1.29%"
"12/15/2015","17.00","16.39","17.22","16.38","1.49M","4.36%"
"12/14/2015","16.29","17.06","17.11","16.14","1.83M","-4.35%"
"12/11/2015","17.03","17.37","17.62","16.95","1.52M","-3.95%"
"12/10/2015","17.73","16.95","17.94","16.80","2.39M","6.61%"
"12/09/2015","16.63","16.78","17.04","16.33","1.90M","-1.77%"
"12/08/2015","16.93","16.99","17.15","16.70","1.78M","-1.97%"
"12/07/2015","17.27","17.88","17.92","16.98","1.46M","-2.81%"
"12/04/2015","17.77","17.68","17.97","17.46","1.36M","-0.39%"
"12/03/2015","17.84","18.13","18.34","17.66","1.55M","-1.05%"
"12/02/2015","18.03","18.31","18.44","17.78","1.96M","-1.96%"
"12/01/2015","18.39","18.77","18.85","18.20","1.23M","-1.66%"
"11/30/2015","18.70","18.96","19.17","18.62","925.37K","-0.74%"
"11/27/2015","18.84","19.22","19.27","18.51","883.79K","-2.23%"
"11/25/2015","19.27","19.35","19.50","19.10","1.54M","-0.21%"
"11/24/2015","19.31","19.48","19.84","18.78","3.34M","5.87%"
"11/23/2015","18.24","18.28","18.43","18.01","1.47M","0.44%"
"11/20/2015","18.16","17.89","18.16","17.75","1.65M","1.91%"
"11/19/2015","17.82","18.55","18.64","17.66","1.90M","-2.78%"
"11/18/2015","18.33","18.12","19.10","18.00","4.71M","9.37%"
"11/17/2015","16.76","17.40","17.50","16.74","1.92M","-3.57%"
"11/16/2015","17.38","17.25","17.62","17.19","1.83M","-0.11%"
"11/13/2015","17.40","18.00","18.07","17.08","2.46M","-3.92%"
"11/12/2015","18.11","18.38","18.47","18.07","1.34M","-2.37%"
"11/11/2015","18.55","18.75","18.86","18.39","1.20M","-1.38%"
"11/10/2015","18.81","19.05","19.25","18.55","2.15M","-2.23%"
"11/09/2015","19.24","20.18","20.20","18.96","2.31M","-4.71%"
"11/06/2015","20.19","20.07","20.36","19.88","2.25M","0.15%"
"11/05/2015","20.16","20.44","20.91","18.80","3.88M","-2.04%"
"11/04/2015","20.58","21.42","21.97","20.27","4.36M","-1.58%"
"11/03/2015","20.91","23.00","23.00","20.25","9.40M","-12.44%"
"11/02/2015","23.88","23.40","24.19","23.20","2.11M","2.01%"
"10/30/2015","23.41","23.44","23.59","22.73","1.20M","0.09%"
"10/29/2015","23.39","23.50","24.10","23.02","1.46M","-0.38%"
"10/28/2015","23.48","23.03","23.49","22.55","1.35M","2.44%"
"10/27/2015","22.92","23.98","23.99","22.56","1.71M","-2.72%"
"10/26/2015","23.56","23.22","24.23","22.83","2.34M","5.37%"
"10/23/2015","22.36","22.17","22.62","22.00","970.59K","1.50%"
"10/22/2015","22.03","21.86","22.26","21.63","1.02M","0.96%"
"10/21/2015","21.82","22.21","22.25","21.40","2.71M","-1.22%"
"10/20/2015","22.09","24.67","25.83","20.99","6.09M","-10.82%"
"10/19/2015","24.77","24.55","24.90","24.47","697.17K","0.57%"
"10/16/2015","24.63","24.32","24.68","24.05","901.29K","1.69%"
"10/15/2015","24.22","23.57","24.25","23.50","1.19M","3.55%"
"10/14/2015","23.39","23.65","23.99","23.32","906.19K","-1.39%"
"10/13/2015","23.72","24.10","24.34","23.64","911.22K","-2.06%"
"10/12/2015","24.22","24.67","24.70","24.02","716.85K","-1.94%"
"10/09/2015","24.70","26.48","26.48","24.55","1.83M","-2.53%"
"10/08/2015","25.34","25.73","26.11","24.62","2.16M","-1.25%"
"10/07/2015","25.66","24.24","25.73","24.13","2.64M","7.05%"
"10/06/2015","23.97","23.35","24.22","23.23","1.23M","2.83%"
"10/05/2015","23.31","22.76","23.40","22.66","854.93K","3.19%"
"10/02/2015","22.59","21.84","22.64","21.71","844.68K","1.62%"
"10/01/2015","22.23","22.07","22.45","21.75","859.65K","0.95%"
"09/30/2015","22.02","21.89","22.23","21.61","1.46M","2.04%"
"09/29/2015","21.58","21.99","22.05","21.30","1.28M","-1.69%"
"09/28/2015","21.95","23.48","23.54","21.77","1.74M","-6.91%"
"09/25/2015","23.58","24.36","24.38","23.44","1.43M","-1.91%"
"09/24/2015","24.04","23.56","24.43","23.34","1.73M","3.58%"
"09/23/2015","23.21","23.41","23.89","23.14","1.48M","-0.68%"
"09/22/2015","23.37","23.41","23.78","23.18","1.37M","-1.85%"
"09/21/2015","23.81","24.00","24.16","23.56","1.30M","-0.63%"
"09/18/2015","23.96","23.75","24.17","23.75","1.38M","-0.91%"
"09/17/2015","24.18","23.94","24.50","23.94","1.19M","0.67%"
"09/16/2015","24.02","24.17","24.32","23.95","1.12M","-0.50%"
"09/15/2015","24.14","23.97","24.32","23.35","754.30K","1.13%"
"09/14/2015","23.87","23.68","24.03","23.63","710.09K","0.59%"
"09/11/2015","23.73","23.45","23.85","23.25","696.05K","-0.13%"
"09/10/2015","23.76","23.65","24.02","23.54","707.39K","0.00%"
"09/09/2015","23.76","24.45","24.50","23.71","1.04M","-2.14%"
"09/08/2015","24.28","24.03","24.49","23.91","1.19M","2.75%"
"09/04/2015","23.63","23.24","23.95","23.02","725.61K","0.77%"
"09/03/2015","23.45","23.83","24.25","23.37","1.21M","-1.76%"
"09/02/2015","23.87","23.19","24.18","22.97","2.05M","6.09%"
"09/01/2015","22.50","22.75","23.07","22.40","1.46M","-3.85%"
"08/31/2015","23.40","23.45","23.83","23.30","1.18M","-1.31%"
"08/28/2015","23.71","23.59","23.89","23.32","1.54M","0.34%"
"08/27/2015","23.63","22.85","23.79","22.35","3.00M","5.68%"
"08/26/2015","22.36","21.88","22.83","21.36","2.92M","4.68%"
"08/25/2015","21.36","21.20","22.21","20.73","2.26M","4.71%"
"08/24/2015","20.40","19.01","21.50","18.05","3.27M","-4.18%"
"08/21/2015","21.29","21.00","22.08","20.26","3.96M","-1.89%"
"08/20/2015","21.70","22.56","22.87","21.45","2.35M","-5.73%"
"08/19/2015","23.02","23.50","23.65","22.60","1.99M","-3.72%"
"08/18/2015","23.91","23.98","24.23","23.50","1.05M","-1.56%"
"08/17/2015","24.29","23.60","24.41","23.57","962.85K","1.25%"
"08/14/2015","23.99","23.91","24.20","23.53","939.57K","-0.37%"
"08/13/2015","24.08","23.76","24.48","23.24","1.71M","3.57%"
"08/12/2015","23.25","23.60","23.85","22.73","1.93M","-4.04%"
"08/11/2015","24.23","24.25","24.84","23.82","1.45M","-1.70%"
"08/10/2015","24.65","24.03","25.23","23.79","2.28M","2.54%"
"08/07/2015","24.04","24.20","24.28","23.03","1.77M","-1.68%"
"08/06/2015","24.45","25.45","25.59","23.95","2.35M","-3.44%"
"08/05/2015","25.32","26.05","26.42","25.26","2.58M","-3.47%"
"08/04/2015","26.23","25.53","26.54","25.29","3.77M","4.38%"
"08/03/2015","25.13","27.03","27.08","25.10","3.80M","-7.68%"
"07/31/2015","27.22","28.61","28.80","26.25","5.85M","-3.17%"
"07/30/2015","28.11","32.03","32.82","27.63","9.39M","-11.32%"
"07/29/2015","31.70","31.10","31.78","30.40","2.28M","2.99%"
"07/28/2015","30.78","30.38","31.10","29.35","2.11M","1.48%"
"07/27/2015","30.33","30.76","30.90","29.17","1.82M","-1.84%"
"07/24/2015","30.90","31.84","32.20","30.64","1.61M","-2.55%"
"07/23/2015","31.71","32.22","32.53","31.62","1.17M","-1.52%"
"07/22/2015","32.20","32.59","33.36","32.15","1.33M","-1.32%"
"07/21/2015","32.63","32.46","32.96","32.01","983.76K","0.25%"
"07/20/2015","32.55","34.10","34.91","32.50","2.39M","-4.26%"
"07/17/2015","34.00","34.60","34.60","33.81","1.18M","-1.08%"
"07/16/2015","34.37","32.93","34.80","32.93","2.85M","4.28%"
"07/15/2015","32.96","32.64","33.06","32.06","1.90M","1.14%"
"07/14/2015","32.59","33.01","33.33","32.44","947.25K","-1.45%"
"07/13/2015","33.07","33.14","33.44","32.52","1.58M","0.09%"
"07/10/2015","33.04","32.95","33.18","32.60","976.35K","1.98%"
"07/09/2015","32.40","32.19","32.73","31.90","2.14M","3.22%"
"07/08/2015","31.39","32.18","32.49","31.11","1.91M","-3.74%"
"07/07/2015","32.61","32.36","32.70","31.31","1.51M","1.18%"
"07/06/2015","32.23","31.82","32.90","31.79","1.11M","-0.86%"
"07/02/2015","32.51","33.18","33.40","32.30","970.10K","-2.02%"
"07/01/2015","33.18","33.50","33.53","32.67","1.59M","-0.39%"
"06/30/2015","33.31","32.04","33.47","31.61","2.62M","5.41%"
"06/29/2015","31.60","32.23","33.22","31.11","3.52M","-5.84%"
"06/26/2015","33.56","33.86","34.11","33.46","1.62M","-0.77%"
"06/25/2015","33.82","34.02","34.37","33.63","1.44M","0.12%"
"06/24/2015","33.78","34.50","34.60","33.71","1.45M","-2.51%"
"06/23/2015","34.65","33.77","34.80","33.42","2.20M","1.91%"
"06/22/2015","34.00","34.72","34.88","33.79","2.11M","-1.62%"
"06/19/2015","34.56","35.00","35.15","34.12","3.05M","-1.14%"
"06/18/2015","34.96","35.27","35.79","34.81","2.83M","0.89%"
"06/17/2015","34.65","35.08","35.33","34.44","1.59M","0.14%"
"06/16/2015","34.60","34.79","35.22","34.42","1.34M","-0.89%"
"06/15/2015","34.91","33.70","35.12","33.11","2.00M","2.71%"
"06/12/2015","33.99","34.74","34.77","33.75","2.17M","-2.97%"
"06/11/2015","35.03","35.31","35.95","34.55","2.71M","0.20%"
"06/10/2015","34.96","33.75","35.16","33.75","3.71M","4.08%"
"06/09/2015","33.59","32.93","33.90","32.93","3.02M","2.16%"
"06/08/2015","32.88","32.35","33.17","32.00","3.00M","2.08%"
"06/05/2015","32.21","31.40","32.50","31.17","2.04M","2.71%"
"06/04/2015","31.36","31.53","32.25","31.03","1.67M","-1.13%"
"06/03/2015","31.72","32.15","32.35","31.37","1.83M","0.67%"
"06/02/2015","31.51","30.77","31.61","30.62","1.55M","2.01%"
"06/01/2015","30.89","31.70","31.87","30.73","1.73M","-2.18%"
"05/29/2015","31.58","31.71","31.91","31.42","1.07M","-1.03%"
"05/28/2015","31.91","31.43","32.40","31.27","1.65M","1.59%"
"05/27/2015","31.41","31.35","31.65","31.24","1.17M","0.35%"
"05/26/2015","31.30","31.76","31.83","30.48","2.78M","-1.79%"
"05/22/2015","31.87","32.38","32.43","31.73","1.13M","-1.21%"
"05/21/2015","32.26","31.90","32.90","31.90","1.37M","1.26%"
"05/20/2015","31.86","32.30","32.48","31.42","1.82M","-1.51%"
"05/19/2015","32.35","32.56","33.00","32.25","1.53M","-0.25%"
"05/18/2015","32.43","31.83","32.49","30.38","4.27M","-1.64%"
"05/15/2015","32.97","33.61","33.69","32.62","1.87M","-2.17%"
"05/14/2015","33.70","33.55","33.95","33.00","1.36M","0.48%"
"05/13/2015","33.54","34.00","34.49","33.47","1.80M","-0.36%"
"05/12/2015","33.66","32.85","34.00","32.52","2.68M","1.42%"
"05/11/2015","33.19","32.00","33.90","31.86","3.49M","3.91%"
"05/08/2015","31.94","32.79","32.89","31.12","4.94M","-1.96%"
"05/07/2015","32.58","33.25","33.35","31.94","4.58M","-5.32%"
"05/06/2015","34.41","34.98","34.98","33.51","3.87M","-0.55%"
"05/05/2015","34.60","33.97","35.00","33.87","6.24M","2.67%"
"05/04/2015","33.70","32.83","34.24","32.18","6.24M","4.11%"
"05/01/2015","32.37","30.50","33.23","30.50","6.94M","7.22%"
"04/30/2015","30.19","30.74","31.15","29.24","8.80M","7.55%"
"04/29/2015","28.07","28.76","28.79","27.88","2.60M","-2.84%"
"04/28/2015","28.89","28.85","29.35","28.05","3.16M","1.83%"
"04/27/2015","28.37","29.76","29.90","28.10","2.57M","-4.38%"
"04/24/2015","29.67","29.63","30.00","29.51","1.27M","-0.03%"
"04/23/2015","29.68","29.27","30.18","28.78","1.64M","0.61%"
"04/22/2015","29.50","28.79","29.67","28.70","1.56M","0.00%"
"04/21/2015","29.50","29.96","30.00","28.74","3.07M","-2.86%"
"04/20/2015","30.37","29.01","30.47","28.60","4.14M","6.94%"
"04/17/2015","28.40","29.41","29.65","28.06","4.56M","2.05%"
"04/16/2015","27.83","27.01","28.61","26.85","3.26M","2.50%"
"04/15/2015","27.15","27.09","27.36","26.53","1.55M","1.19%"
"04/14/2015","26.83","27.15","27.58","26.60","1.29M","-0.70%"
"04/13/2015","27.02","27.28","27.46","26.82","1.05M","-0.18%"
"04/10/2015","27.07","27.48","27.50","26.80","2.00M","-1.20%"
"04/09/2015","27.40","26.27","27.48","26.20","5.25M","8.90%"
"04/08/2015","25.16","24.85","25.32","24.14","1.37M","2.57%"
"04/07/2015","24.53","24.46","25.00","24.40","766.27K","0.08%"
"04/06/2015","24.51","24.19","24.71","24.16","654.98K","0.29%"
"04/02/2015","24.44","24.21","24.47","24.04","747.92K","0.83%"
"04/01/2015","24.24","24.01","24.38","23.41","1.02M","0.54%"
"03/31/2015","24.11","24.90","25.00","24.06","1.22M","-2.11%"
"03/30/2015","24.63","24.15","24.88","24.13","767.20K","2.33%"
"03/27/2015","24.07","24.15","24.62","23.92","873.18K","-0.58%"
"03/26/2015","24.21","24.17","24.38","23.79","938.47K","-0.57%"
"03/25/2015","24.35","25.22","25.45","24.21","1.46M","-3.75%"
"03/24/2015","25.30","24.39","25.65","24.39","1.92M","4.16%"
"03/23/2015","24.29","24.05","24.62","24.01","1.30M","0.83%"
"03/20/2015","24.09","24.59","24.60","24.00","1.17M","-1.15%"
"03/19/2015","24.37","23.83","24.49","23.80","1.07M","1.71%"
"03/18/2015","23.96","23.36","23.98","23.35","934.82K","2.22%"
"03/17/2015","23.44","23.38","23.70","23.24","1.02M","-0.38%"
"03/16/2015","23.53","23.95","24.15","23.38","1.18M","-1.67%"
"03/13/2015","23.93","24.10","24.19","23.69","1.95M","-0.83%"
"03/12/2015","24.13","22.47","24.40","22.30","3.24M","9.38%"
"03/11/2015","22.06","21.83","22.25","21.70","1.16M","1.01%"
"03/10/2015","21.84","21.65","21.96","21.39","1.33M","-0.86%"
"03/09/2015","22.03","22.60","22.80","21.94","1.15M","-2.74%"
"03/06/2015","22.65","22.32","22.71","22.06","2.13M","0.49%"
"03/05/2015","22.54","22.84","22.92","22.30","1.55M","-0.49%"
"03/04/2015","22.65","21.75","22.98","21.45","2.70M","3.28%"
"03/03/2015","21.93","22.78","22.90","21.54","3.99M","-3.14%"
"03/02/2015","22.64","23.40","23.50","22.38","3.11M","-3.58%"
"02/27/2015","23.48","23.41","23.93","23.10","5.85M","3.53%"
"02/26/2015","22.68","25.62","25.85","22.19","13.13M","-16.16%"
"02/25/2015","27.05","27.42","27.57","26.73","2.03M","-1.67%"
"02/24/2015","27.51","27.62","27.92","27.25","1.17M","-0.90%"
"02/23/2015","27.76","27.72","27.93","27.22","1.40M","0.65%"
"02/20/2015","27.58","27.23","27.77","27.04","1.14M","1.55%"
"02/19/2015","27.16","26.84","27.64","26.77","981.97K","0.63%"
"02/18/2015","26.99","26.76","27.18","26.40","848.70K","0.45%"
"02/17/2015","26.87","27.05","27.32","26.60","757.41K","-0.33%"
"02/13/2015","26.96","27.37","27.88","26.89","1.17M","-1.53%"
"02/12/2015","27.38","26.36","27.39","26.36","1.36M","4.23%"
"02/11/2015","26.27","26.50","26.70","26.25","959.62K","-1.17%"
"02/10/2015","26.58","26.39","26.69","26.01","743.29K","1.14%"
"02/09/2015","26.28","26.31","26.77","26.12","770.07K","-1.35%"
"02/06/2015","26.64","26.98","27.16","26.30","1.02M","-1.26%"
"02/05/2015","26.98","26.55","27.00","26.28","1.17M","2.12%"
"02/04/2015","26.42","25.80","26.65","25.77","1.33M","2.40%"
"02/03/2015","25.80","26.90","27.24","25.66","2.33M","-4.09%"
"02/02/2015","26.90","26.98","27.02","25.92","1.48M","-0.41%"
"01/30/2015","27.01","27.52","27.97","27.00","1.23M","-2.88%"
"01/29/2015","27.81","27.23","27.82","26.56","1.54M","1.94%"
"01/28/2015","27.28","27.90","28.19","27.28","1.48M","-1.48%"
"01/27/2015","27.69","27.47","28.03","27.38","1.62M","-0.72%"
"01/26/2015","27.89","27.68","28.23","27.60","1.38M","1.01%"
"01/23/2015","27.61","27.38","28.30","27.18","1.76M","0.62%"
"01/22/2015","27.44","27.09","27.79","26.35","2.39M","2.39%"
"01/21/2015","26.80","26.78","27.19","26.27","2.27M","-0.41%"
"01/20/2015","26.91","25.57","27.45","25.25","4.41M","6.11%"
"01/16/2015","25.36","25.30","25.62","24.97","1.63M","0.52%"
"01/15/2015","25.23","26.18","26.33","25.21","1.45M","-2.62%"
"01/14/2015","25.91","25.33","26.24","25.12","1.86M","0.74%"
"01/13/2015","25.72","26.11","26.84","25.40","2.22M","-0.46%"
"01/12/2015","25.84","26.24","26.41","25.53","1.21M","-1.64%"
"01/09/2015","26.27","26.62","26.63","26.01","1.45M","-1.35%"
"01/08/2015","26.63","26.19","26.66","25.75","2.39M","2.50%"
"01/07/2015","25.98","25.89","26.20","25.22","1.65M","1.60%"
"01/06/2015","25.57","26.11","26.22","24.74","3.45M","-0.47%"
"01/05/2015","25.69","26.15","26.40","25.46","2.44M","-3.09%"
"01/02/2015","26.51","26.70","26.75","25.56","2.27M","0.11%"
"12/31/2014","26.48","26.84","27.15","26.45","1.77M","-1.27%"
"12/30/2014","26.82","26.55","27.00","26.46","1.44M","0.41%"
"12/29/2014","26.71","26.71","27.18","26.27","2.04M","-0.74%"
"12/26/2014","26.91","27.01","27.65","26.54","2.61M","0.19%"
"12/24/2014","26.86","26.40","26.97","26.12","2.15M","3.23%"
"12/23/2014","26.02","26.69","27.10","25.65","4.01M","-0.15%"
"12/22/2014","26.06","24.81","26.39","24.74","5.92M","8.67%"
"12/19/2014","23.98","24.18","24.26","23.61","2.50M","-0.83%"
"12/18/2014","24.18","25.04","25.14","23.64","3.25M","-1.75%"
"12/17/2014","24.61","24.15","24.86","23.76","5.89M","7.70%"
"12/16/2014","22.85","22.76","23.31","22.55","2.58M","-0.09%"
"12/15/2014","22.87","23.39","23.44","22.76","2.39M","-1.38%"
"12/12/2014","23.19","22.90","23.88","22.80","3.30M","0.00%"
"12/11/2014","23.19","23.50","23.73","22.86","3.51M","2.98%"
"12/10/2014","22.52","23.14","23.73","22.30","3.70M","-3.18%"
"12/09/2014","23.26","21.57","23.32","21.06","5.01M","-0.26%"
"12/08/2014","23.32","24.00","24.10","21.66","8.69M","-6.04%"
"12/05/2014","24.82","24.50","25.02","24.10","4.98M","2.77%"
"12/04/2014","24.15","23.63","24.45","23.27","9.26M","5.64%"
"12/03/2014","22.86","22.33","22.98","21.63","7.93M","-2.06%"
"12/02/2014","23.34","22.96","24.44","22.75","12.76M","5.66%"
"12/01/2014","22.09","21.35","22.40","20.79","4.81M","2.84%"
"11/28/2014","21.48","22.00","22.12","20.93","2.44M","-1.78%"
"11/26/2014","21.87","21.55","22.35","21.14","9.28M","6.22%"
"11/25/2014","20.59","20.10","20.83","19.70","4.03M","4.41%"
"11/24/2014","19.72","19.17","19.78","19.17","2.50M","1.96%"
"11/21/2014","19.34","20.90","21.01","18.86","6.35M","-5.98%"
"11/20/2014","20.57","19.93","20.94","19.76","2.96M","2.59%"
"11/19/2014","20.05","20.08","20.36","19.80","1.75M","-0.40%"
"11/18/2014","20.13","19.60","20.53","19.60","2.54M","3.18%"
"11/17/2014","19.51","20.11","20.20","19.48","2.51M","-3.37%"
"11/14/2014","20.19","19.51","20.69","19.42","3.93M","2.80%"
"11/13/2014","19.64","19.80","20.36","19.20","3.49M","-0.56%"
"11/12/2014","19.75","19.43","20.03","19.07","2.72M","1.23%"
"11/11/2014","19.51","19.05","19.95","19.02","3.30M","3.06%"
"11/10/2014","18.93","18.60","19.13","18.24","3.04M","2.21%"
"11/07/2014","18.52","18.53","18.53","17.73","2.62M","0.49%"
"11/06/2014","18.43","18.67","18.72","18.19","1.69M","-0.81%"
"11/05/2014","18.58","18.97","19.05","18.53","1.95M","0.49%"
"11/04/2014","18.49","19.05","19.17","18.25","4.26M","-3.55%"
"11/03/2014","19.17","18.51","19.45","18.37","4.53M","1.75%"
"10/31/2014","18.84","18.03","18.98","17.90","8.31M","6.44%"
"10/30/2014","17.70","17.55","18.42","16.86","10.06M","7.47%"
"10/29/2014","16.47","16.27","16.50","15.83","2.21M","1.17%"
"10/28/2014","16.28","15.72","16.35","15.33","1.80M","4.16%"
"10/27/2014","15.63","15.37","15.69","15.22","1.23M","1.10%"
"10/24/2014","15.46","15.22","15.57","15.11","917.61K","1.31%"
"10/23/2014","15.26","15.07","15.42","14.90","1.04M","1.87%"
"10/22/2014","14.98","15.16","15.25","14.82","893.89K","-0.60%"
"10/21/2014","15.07","14.83","15.23","14.61","1.12M","2.31%"
"10/20/2014","14.73","14.98","15.07","14.60","1.09M","-2.13%"
"10/17/2014","15.05","15.19","15.46","14.99","1.53M","0.53%"
"10/16/2014","14.97","14.31","15.13","14.11","1.45M","1.91%"
"10/15/2014","14.69","13.79","14.85","13.61","1.73M","3.45%"
"10/14/2014","14.20","13.80","14.51","13.77","1.55M","4.34%"
"10/13/2014","13.61","14.04","14.20","13.40","1.87M","-3.20%"
"10/10/2014","14.06","14.63","14.76","13.91","1.83M","-4.42%"
"10/09/2014","14.71","14.46","14.97","14.36","1.81M","1.17%"
"10/08/2014","14.54","14.64","14.76","14.06","2.04M","0.69%"
"10/07/2014","14.44","14.78","14.81","14.42","1.69M","-3.60%"
"10/06/2014","14.98","15.80","15.85","14.78","1.69M","-0.60%"
"10/03/2014","15.07","15.39","15.39","14.65","1.78M","-1.25%"
"10/02/2014","15.26","14.60","15.37","14.59","2.07M","4.59%"
"10/01/2014","14.59","15.34","15.34","14.30","3.05M","-5.51%"
"09/30/2014","15.44","15.88","15.95","15.21","3.24M","0.26%"
"09/29/2014","15.40","15.31","15.52","15.17","1.86M","-1.72%"
"09/26/2014","15.67","16.01","16.08","15.40","1.83M","-2.00%"
"09/25/2014","15.99","16.10","16.59","15.98","2.23M","-0.56%"
"09/24/2014","16.08","16.16","16.37","15.95","1.55M","1.71%"
"09/23/2014","15.81","15.68","16.07","15.68","1.25M","-1.00%"
"09/22/2014","15.97","16.00","16.07","15.30","2.67M","-0.99%"
"09/19/2014","16.13","16.96","17.04","16.08","2.99M","-4.61%"
"09/18/2014","16.91","17.24","17.30","16.35","3.41M","-1.69%"
"09/17/2014","17.20","17.76","17.95","17.08","3.36M","-4.50%"
"09/16/2014","18.01","17.65","18.22","17.31","3.04M","1.24%"
"09/15/2014","17.79","18.60","18.65","17.77","2.66M","-3.47%"
"09/12/2014","18.43","18.29","18.70","17.87","5.04M","3.60%"
"09/11/2014","17.79","17.91","18.16","17.54","4.14M","0.34%"
"09/10/2014","17.73","17.20","17.83","17.05","2.34M","2.96%"
"09/09/2014","17.22","17.83","17.87","17.11","2.78M","-3.37%"
"09/08/2014","17.82","18.31","18.35","17.36","3.89M","-2.46%"
"09/05/2014","18.27","18.68","18.76","17.93","8.43M","4.10%"
"09/04/2014","17.55","17.28","18.39","17.27","7.66M","4.84%"
"09/03/2014","16.74","18.06","18.24","16.62","5.24M","-4.56%"
"09/02/2014","17.54","16.10","17.70","15.85","6.06M","11.93%"
"08/29/2014","15.67","15.68","15.83","15.35","1.12M","0.00%"
"08/28/2014","15.67","15.74","15.90","15.45","1.75M","-1.76%"
"08/27/2014","15.95","15.79","16.16","15.51","2.14M","1.79%"
"08/26/2014","15.67","15.99","16.00","15.47","1.88M","-1.76%"
"08/25/2014","15.95","16.17","16.54","15.86","3.31M","1.53%"
"08/22/2014","15.71","15.91","16.48","15.43","2.81M","-1.13%"
"08/21/2014","15.89","15.63","15.91","15.30","3.01M","2.78%"
"08/20/2014","15.46","15.82","15.98","15.22","3.03M","-4.03%"
"08/19/2014","16.11","15.43","16.12","15.10","5.40M","9.74%"
"08/18/2014","14.68","14.71","15.58","14.57","5.38M","5.54%"
"08/15/2014","13.91","13.15","14.14","13.14","3.37M","9.44%"
"08/14/2014","12.71","12.39","12.74","12.20","765.54K","2.83%"
"08/13/2014","12.36","12.05","12.45","12.02","730.68K","2.83%"
"08/12/2014","12.02","12.34","12.46","11.97","806.78K","-2.91%"
"08/11/2014","12.38","12.43","12.49","12.14","655.31K","0.00%"
"08/08/2014","12.38","12.22","12.43","12.02","825.94K","1.64%"
"08/07/2014","12.18","12.68","12.69","12.17","1.05M","-1.38%"
"08/06/2014","12.35","11.86","12.38","11.80","1.60M","6.10%"
"08/05/2014","11.64","11.49","11.90","11.44","1.00M","1.75%"
"08/04/2014","11.44","11.51","11.64","11.28","749.27K","-0.69%"
"08/01/2014","11.52","12.01","12.08","11.37","1.27M","-4.48%"
"07/31/2014","12.06","13.13","13.20","12.00","2.10M","-9.73%"
"07/30/2014","13.36","12.33","13.57","12.25","3.96M","16.17%"
"07/29/2014","11.50","11.32","11.61","11.28","590.67K","1.68%"
"07/28/2014","11.31","11.48","11.62","11.19","568.92K","-1.57%"
"07/25/2014","11.49","11.35","11.75","11.30","899.16K","0.44%"
"07/24/2014","11.44","11.24","11.60","11.24","735.40K","1.87%"
"07/23/2014","11.23","11.57","11.57","11.22","515.14K","-2.60%"
"07/22/2014","11.53","11.51","11.72","11.43","590.23K","0.61%"
"07/21/2014","11.46","11.29","11.55","11.06","887.47K","0.88%"
"07/18/2014","11.36","10.50","11.40","10.50","1.99M","8.19%"
"07/17/2014","10.50","10.68","10.79","10.46","1.42M","-2.60%"
"07/16/2014","10.78","10.96","10.97","10.70","1.03M","-0.92%"
"07/15/2014","10.88","11.22","11.29","10.81","1.58M","-2.94%"
"07/14/2014","11.21","11.32","11.40","11.14","986.46K","0.09%"
"07/11/2014","11.20","11.26","11.48","11.00","958.79K","-0.36%"
"07/10/2014","11.24","11.19","11.29","10.81","1.86M","-1.14%"
"07/09/2014","11.37","12.09","12.36","11.27","2.50M","-5.25%"
"07/08/2014","12.00","12.88","13.02","11.97","2.10M","-6.90%"
"07/07/2014","12.89","13.10","13.17","12.86","685.62K","-2.20%"
"07/03/2014","13.18","13.31","13.36","13.11","270.75K","-0.75%"
"07/02/2014","13.28","13.48","13.69","13.22","492.77K","-1.63%"
"07/01/2014","13.50","13.35","13.74","13.20","1.12M","1.50%"
"06/30/2014","13.30","13.31","13.32","12.99","1.20M","-0.67%"
"06/27/2014","13.39","13.22","13.42","13.13","649.74K","0.75%"
"06/26/2014","13.29","13.45","13.53","13.14","408.46K","-1.26%"
"06/25/2014","13.46","13.36","13.49","13.18","532.99K","0.22%"
"06/24/2014","13.43","13.60","13.73","13.36","797.72K","-1.97%"
"06/23/2014","13.70","13.82","13.82","13.57","611.31K","-1.08%"
"06/20/2014","13.85","13.74","14.25","13.57","1.85M","1.09%"
"06/19/2014","13.70","14.00","14.00","13.62","623.58K","-1.15%"
"06/18/2014","13.86","14.08","14.12","13.81","462.26K","-1.49%"
"06/17/2014","14.07","13.83","14.19","13.65","723.14K","2.10%"
"06/16/2014","13.78","13.84","13.96","13.65","494.47K","-0.65%"
"06/13/2014","13.87","14.09","14.09","13.62","485.22K","-1.14%"
"06/12/2014","14.03","13.90","14.08","13.51","680.43K","0.86%"
"06/11/2014","13.91","14.10","14.23","13.70","1.01M","-2.59%"
"06/10/2014","14.28","13.42","14.65","13.18","2.54M","5.54%"
"06/09/2014","13.53","13.31","13.66","13.26","802.48K","1.35%"
"06/06/2014","13.35","13.42","13.64","13.29","475.83K","-0.07%"
"06/05/2014","13.36","13.22","13.37","12.95","631.19K","2.38%"
"06/04/2014","13.05","12.96","13.19","12.87","466.37K","0.38%"
"06/03/2014","13.00","13.19","13.32","12.98","614.28K","-2.40%"
"06/02/2014","13.32","13.28","13.36","13.04","574.49K","0.38%"
"05/30/2014","13.27","13.52","13.57","13.23","653.81K","-1.85%"
"05/29/2014","13.52","13.41","13.55","13.23","605.17K","1.88%"
"05/28/2014","13.27","13.39","13.61","13.19","583.18K","-1.56%"
"05/27/2014","13.48","13.43","13.61","13.33","574.13K","0.97%"
"05/23/2014","13.35","13.06","13.38","12.99","602.11K","2.06%"
"05/22/2014","13.08","13.06","13.15","12.97","410.89K","0.15%"
"05/21/2014","13.06","12.91","13.09","12.82","579.90K","1.48%"
"05/20/2014","12.87","13.48","13.48","12.76","1.10M","-4.81%"
"05/19/2014","13.52","13.20","13.66","13.11","893.48K","1.50%"
"05/16/2014","13.32","13.03","13.33","12.82","1.07M","2.07%"
"05/15/2014","13.05","12.93","13.13","12.62","1.01M","0.31%"
"05/14/2014","13.01","13.58","13.61","12.97","1.42M","-4.62%"
"05/13/2014","13.64","14.17","14.24","13.55","882.92K","-2.99%"
"05/12/2014","14.06","13.60","14.31","13.50","1.82M","6.03%"
"05/09/2014","13.26","13.12","13.39","13.03","1.18M","0.91%"
"05/08/2014","13.14","13.05","13.50","13.01","1.83M","0.08%"
"05/07/2014","13.13","13.20","13.39","12.55","2.60M","-0.53%"
"05/06/2014","13.20","14.28","14.28","13.18","1.70M","-8.40%"
"05/05/2014","14.41","14.12","14.59","13.82","1.38M","1.98%"
"05/02/2014","14.13","15.25","15.34","14.10","2.86M","-7.34%"
"05/01/2014","15.25","15.99","16.12","15.09","2.36M","-5.57%"
"04/30/2014","16.15","17.02","17.19","15.33","1.73M","-5.44%"
"04/29/2014","17.08","16.84","17.20","16.62","951.32K","1.79%"
"04/28/2014","16.78","17.85","17.93","16.51","1.17M","-5.25%"
"04/25/2014","17.71","18.07","18.07","17.52","799.52K","-2.64%"
"04/24/2014","18.19","18.30","18.44","17.71","809.47K","-0.38%"
"04/23/2014","18.26","18.24","18.59","18.17","848.51K","0.16%"
"04/22/2014","18.23","17.74","18.42","17.68","737.35K","2.99%"
"04/21/2014","17.70","17.86","17.93","17.36","919.32K","-1.01%"
"04/17/2014","17.88","17.79","17.94","17.39","1.25M","0.51%"
"04/16/2014","17.79","17.48","17.83","17.27","1.12M","2.83%"
"04/15/2014","17.30","16.86","17.57","16.78","1.21M","3.10%"
"04/14/2014","16.78","16.95","17.24","16.49","860.68K","0.24%"
"04/11/2014","16.74","16.16","17.17","16.16","1.22M","1.89%"
"04/10/2014","16.43","17.34","17.40","16.20","948.72K","-5.25%"
"04/09/2014","17.34","17.03","17.41","16.86","718.96K","1.82%"
"04/08/2014","17.03","17.00","17.28","16.63","845.26K","-0.18%"
"04/07/2014","17.06","17.55","17.73","16.82","1.22M","-3.18%"
"04/04/2014","17.62","18.45","18.50","17.51","1.26M","-3.93%"
"04/03/2014","18.34","18.65","18.79","18.18","783.59K","-1.66%"
"04/02/2014","18.65","19.01","19.09","18.45","972.03K","-1.79%"
"04/01/2014","18.99","18.40","19.17","18.40","1.10M","3.83%"
"03/31/2014","18.29","18.45","18.61","18.18","1.25M","-0.16%"
"03/28/2014","18.32","18.26","18.63","18.15","483.82K","0.27%"
"03/27/2014","18.27","18.76","18.90","18.13","894.05K","-3.08%"
"03/26/2014","18.85","19.27","19.73","18.82","1.83M","-0.32%"
"03/25/2014","18.91","17.99","18.95","17.87","1.80M","5.94%"
"03/24/2014","17.85","18.15","18.25","17.37","1.06M","-1.44%"
"03/21/2014","18.11","18.20","18.48","18.09","1.15M","0.11%"
"03/20/2014","18.09","18.14","18.42","18.00","859.80K","-0.77%"
"03/19/2014","18.23","18.55","18.79","18.06","943.21K","-1.46%"
"03/18/2014","18.50","18.31","18.86","18.27","847.75K","1.04%"
"03/17/2014","18.31","18.35","18.60","18.11","750.00K","-0.11%"
"03/14/2014","18.33","18.30","18.49","18.09","846.50K","0.16%"
"03/13/2014","18.30","18.72","18.83","18.00","946.60K","-1.88%"
"03/12/2014","18.65","18.95","19.19","18.58","842.37K","-1.37%"
"03/11/2014","18.91","19.57","19.58","18.80","1.10M","-3.03%"
"03/10/2014","19.50","18.91","19.52","18.65","1.19M","3.23%"
"03/07/2014","18.89","19.80","19.85","18.72","1.55M","-3.87%"
"03/06/2014","19.65","19.83","19.95","19.51","697.65K","-1.11%"
"03/05/2014","19.87","20.29","20.44","19.54","1.49M","-2.02%"
"03/04/2014","20.28","19.83","20.39","19.83","1.40M","3.68%"
"03/03/2014","19.56","19.11","19.79","18.80","1.21M","1.72%"
"02/28/2014","19.23","20.00","20.11","19.01","2.84M","-6.20%"
"02/27/2014","20.50","18.97","20.83","18.75","3.03M","8.29%"
"02/26/2014","18.93","20.00","20.01","18.07","4.20M","-0.89%"
"02/25/2014","19.10","19.19","19.54","19.01","1.67M","0.16%"
"02/24/2014","19.07","18.90","19.47","18.90","1.35M","1.44%"
"02/21/2014","18.80","19.14","19.38","18.61","1.52M","-1.16%"
"02/20/2014","19.02","18.64","19.06","17.82","1.77M","2.48%"
"02/19/2014","18.56","18.12","19.00","18.12","2.36M","2.65%"
"02/18/2014","18.08","17.11","18.48","17.01","2.04M","5.79%"
"02/14/2014","17.09","17.08","17.19","16.85","504.49K","-0.23%"
"02/13/2014","17.13","16.62","17.23","16.40","781.34K","2.03%"
"02/12/2014","16.79","16.87","17.08","16.60","618.30K","-0.71%"
"02/11/2014","16.91","16.94","17.16","16.66","999.40K","0.00%"
"02/10/2014","16.91","16.84","16.92","16.33","1.13M","0.77%"
"02/07/2014","16.78","16.76","17.20","16.66","843.49K","0.36%"
"02/06/2014","16.72","16.47","17.09","16.41","1.25M","1.21%"
"02/05/2014","16.52","16.62","16.70","15.76","2.14M","-1.84%"
"02/04/2014","16.83","16.98","17.13","16.46","8.41M","-0.41%"
"02/03/2014","16.90","16.75","17.52","16.63","3.02M","5.23%"
"01/31/2014","16.06","16.08","16.32","15.93","718.73K","-1.47%"
"01/30/2014","16.30","16.12","16.52","16.00","1.03M","2.58%"
"01/29/2014","15.89","16.41","16.60","15.80","1.05M","-4.56%"
"01/28/2014","16.65","16.53","16.97","16.30","1.12M","0.79%"
"01/27/2014","16.52","16.78","16.88","16.09","979.55K","-1.31%"
"01/24/2014","16.74","17.35","17.52","16.60","1.59M","-5.48%"
"01/23/2014","17.71","17.90","17.98","17.53","658.58K","-1.61%"
"01/22/2014","18.00","17.86","18.12","17.35","1.07M","1.18%"
"01/21/2014","17.79","17.75","18.60","17.60","1.40M","0.68%"
"01/17/2014","17.67","17.60","17.79","17.32","938.08K","0.57%"
"01/16/2014","17.57","17.94","18.07","17.50","977.36K","-2.06%"
"01/15/2014","17.94","18.12","18.19","17.65","842.43K","-0.72%"
"01/14/2014","18.07","17.64","18.14","17.45","1.26M","3.32%"
"01/13/2014","17.49","18.66","18.68","17.34","2.17M","-6.37%"
"01/10/2014","18.68","17.79","18.88","17.50","2.79M","5.00%"
"01/09/2014","17.79","17.97","18.12","17.42","1.28M","-0.78%"
"01/08/2014","17.93","16.51","18.57","16.50","5.36M","12.70%"
"01/07/2014","15.91","15.62","15.91","15.45","839.11K","1.73%"
"01/06/2014","15.64","15.79","15.92","15.29","997.11K","-0.19%"
"01/03/2014","15.67","15.32","15.74","15.32","569.36K","1.89%"
"01/02/2014","15.38","15.84","15.84","14.89","1.28M","-3.15%"
"12/31/2013","15.88","15.91","16.15","15.80","659.65K","-0.13%"
"12/30/2013","15.90","16.00","16.08","15.85","515.07K","-0.31%"
"12/27/2013","15.95","16.45","16.69","15.87","1.04M","-2.74%"
"12/26/2013","16.40","16.27","16.54","16.21","749.00K","1.49%"
"12/24/2013","16.16","15.92","16.24","15.81","420.39K","1.38%"
"12/23/2013","15.94","16.27","16.33","15.85","927.26K","-1.60%"
"12/20/2013","16.20","16.22","16.43","16.09","1.28M","0.37%"
"12/19/2013","16.14","16.68","16.68","16.10","757.81K","-3.76%"
"12/18/2013","16.77","16.29","16.81","16.05","1.25M","3.01%"
"12/17/2013","16.28","16.94","16.98","16.25","1.13M","-3.61%"
"12/16/2013","16.89","16.05","17.17","15.94","2.80M","8.83%"
"12/13/2013","15.52","16.39","16.50","15.23","2.14M","-5.60%"
"12/12/2013","16.44","16.37","16.81","16.23","816.10K","0.24%"
"12/11/2013","16.40","17.00","17.10","16.25","950.51K","-3.02%"
"12/10/2013","16.91","16.84","17.30","16.84","1.23M","1.08%"
"12/09/2013","16.73","16.84","17.04","16.63","732.41K","-0.42%"
"12/06/2013","16.80","16.64","16.98","16.40","1.09M","1.76%"
"12/05/2013","16.51","16.02","16.56","15.89","1.21M","3.12%"
"12/04/2013","16.01","16.32","16.38","15.78","1.17M","-1.05%"
"12/03/2013","16.18","16.49","16.58","15.96","1.59M","-2.53%"
"12/02/2013","16.60","17.25","17.45","16.53","1.26M","-3.43%"
"11/29/2013","17.19","17.59","17.69","17.17","512.10K","-2.33%"
"11/27/2013","17.60","17.71","17.87","17.43","838.50K","-0.90%"
"11/26/2013","17.76","17.83","18.02","17.65","951.01K","0.00%"
"11/25/2013","17.76","17.75","18.40","17.56","2.25M","1.49%"
"11/22/2013","17.50","17.04","17.65","16.79","1.38M","3.00%"
"11/21/2013","16.99","16.83","17.17","16.75","1.11M","1.07%"
"11/20/2013","16.81","16.82","17.24","16.67","878.55K","0.66%"
"11/19/2013","16.70","17.15","17.47","16.59","1.29M","-2.22%"
"11/18/2013","17.08","17.72","17.80","17.01","1.35M","-2.34%"
"11/15/2013","17.49","17.26","17.82","17.20","1.12M","1.04%"
"11/14/2013","17.31","17.75","17.89","17.22","1.32M","-2.26%"
"11/13/2013","17.71","16.36","17.84","16.30","1.99M","7.59%"
"11/12/2013","16.46","16.77","17.00","16.35","1.15M","-1.79%"
"11/11/2013","16.76","16.86","17.13","16.56","832.67K","-0.65%"
"11/08/2013","16.87","15.98","17.08","15.80","1.56M","5.37%"
"11/07/2013","16.01","17.20","17.42","15.90","2.04M","-6.76%"
"11/06/2013","17.17","17.73","17.89","16.92","1.01M","-2.44%"
"11/05/2013","17.60","17.36","17.81","17.26","1.32M","1.62%"
"11/04/2013","17.32","16.87","17.82","16.87","1.62M","2.73%"
"11/01/2013","16.86","17.71","17.89","16.81","2.52M","-5.17%"
"10/31/2013","17.78","18.00","18.52","17.60","2.87M","-1.06%"
"10/30/2013","17.97","16.36","18.32","16.30","6.12M","14.75%"
"10/29/2013","15.66","15.25","15.73","15.25","1.07M","2.69%"
"10/28/2013","15.25","15.04","15.25","14.99","689.87K","1.06%"
"10/25/2013","15.09","15.40","15.58","14.93","834.58K","-1.69%"
"10/24/2013","15.35","15.38","15.60","15.24","665.16K","0.00%"
"10/23/2013","15.35","15.47","15.61","15.24","805.22K","-1.10%"
"10/22/2013","15.52","15.48","15.66","15.28","941.94K","0.58%"
"10/21/2013","15.43","15.88","15.95","15.16","1.15M","-2.40%"
"10/18/2013","15.81","15.85","16.14","15.58","1.40M","0.70%"
"10/17/2013","15.70","15.09","15.80","15.08","1.91M","3.90%"
"10/16/2013","15.11","15.00","15.26","14.91","800.60K","1.21%"
"10/15/2013","14.93","15.04","15.25","14.80","835.22K","-1.26%"
"10/14/2013","15.12","14.97","15.18","14.63","1.43M","0.07%"
"10/11/2013","15.11","15.12","15.37","14.86","1.12M","0.13%"
"10/10/2013","15.09","14.80","15.36","14.75","1.78M","3.78%"
"10/09/2013","14.54","14.91","15.22","14.25","2.20M","-1.29%"
"10/08/2013","14.73","14.87","15.82","14.63","3.48M","0.55%"
"10/07/2013","14.65","14.15","15.18","13.85","3.54M","4.42%"
"10/04/2013","14.03","14.85","15.28","13.45","5.12M","-5.84%"
"10/03/2013","14.90","16.36","16.57","14.51","4.60M","-10.51%"
"10/02/2013","16.65","15.97","17.16","15.62","3.21M","4.45%"
"10/01/2013","15.94","14.89","15.96","14.89","2.43M","7.12%"
"09/30/2013","14.88","14.61","15.16","14.37","1.23M","0.13%"
"09/27/2013","14.86","15.04","15.14","14.71","1.00M","-1.91%"
"09/26/2013","15.15","15.03","15.20","14.90","951.44K","1.27%"
"09/25/2013","14.96","14.66","15.30","14.66","1.21M","2.12%"
"09/24/2013","14.65","14.44","15.09","14.42","1.30M","1.10%"
"09/23/2013","14.49","14.83","14.85","14.21","1.77M","-2.03%"
"09/20/2013","14.79","14.66","15.22","14.35","4.19M","3.72%"
"09/19/2013","14.26","14.15","14.42","14.01","1.69M","1.21%"
"09/18/2013","14.09","13.50","14.20","13.36","2.70M","6.26%"
"09/17/2013","13.26","13.21","13.37","13.02","1.17M","0.76%"
"09/16/2013","13.16","12.69","13.42","12.53","2.32M","6.73%"
"09/13/2013","12.33","12.32","12.37","12.04","673.07K","0.57%"
"09/12/2013","12.26","12.45","12.48","12.21","662.50K","-1.76%"
"09/11/2013","12.48","12.27","12.62","12.16","779.65K","1.63%"
"09/10/2013","12.28","12.21","12.49","12.16","819.18K","1.07%"
"09/09/2013","12.15","12.16","12.30","11.98","802.19K","0.16%"
"09/06/2013","12.13","12.30","12.42","11.88","862.73K","-1.06%"
"09/05/2013","12.26","12.33","12.53","12.24","1.07M","-0.89%"
"09/04/2013","12.37","12.00","12.68","12.00","1.92M","3.34%"
"09/03/2013","11.97","11.92","11.99","11.70","1.11M","2.84%"
"08/30/2013","11.64","12.00","12.12","11.60","1.74M","-2.35%"
"08/29/2013","11.92","11.09","12.10","11.06","2.71M","6.91%"
"08/28/2013","11.15","11.49","11.68","11.05","2.59M","-5.91%"
"08/27/2013","11.85","11.47","12.17","11.36","2.78M","3.13%"
"08/26/2013","11.49","11.37","11.79","11.22","1.04M","0.88%"
"08/23/2013","11.39","11.40","11.47","11.27","905.81K","0.18%"
"08/22/2013","11.37","11.24","11.46","11.03","1.29M","1.61%"
"08/21/2013","11.19","11.05","11.50","10.90","3.02M","2.94%"
"08/20/2013","10.87","10.50","10.99","10.38","1.59M","4.22%"
"08/19/2013","10.43","10.18","10.77","10.00","1.71M","2.15%"
"08/16/2013","10.21","9.89","10.46","9.89","2.04M","4.18%"
"08/15/2013","9.80","9.33","10.12","9.28","2.40M","4.93%"
"08/14/2013","9.34","8.74","9.40","8.74","1.22M","7.36%"
"08/13/2013","8.70","8.60","8.74","8.57","391.54K","1.16%"
"08/12/2013","8.60","8.64","8.69","8.58","256.80K","-0.69%"
"08/09/2013","8.66","8.74","8.83","8.66","256.60K","-0.92%"
"08/08/2013","8.74","8.75","8.84","8.63","281.57K","0.23%"
"08/07/2013","8.72","8.70","8.79","8.63","189.85K","0.23%"
"08/06/2013","8.70","8.69","8.73","8.62","267.16K","-0.80%"
"08/05/2013","8.77","8.84","8.90","8.73","314.20K","-0.79%"
"08/02/2013","8.84","8.89","8.90","8.73","409.80K","-0.79%"
"08/01/2013","8.91","8.98","9.05","8.89","338.97K","0.34%"
"07/31/2013","8.88","9.00","9.02","8.43","491.20K","-0.56%"
"07/30/2013","8.93","9.00","9.03","8.93","363.96K","-0.33%"
"07/29/2013","8.96","8.94","9.01","8.88","222.19K","0.22%"
"07/26/2013","8.94","8.76","8.99","8.75","250.97K","1.25%"
"07/25/2013","8.83","8.91","8.96","8.77","345.62K","-1.34%"
"07/24/2013","8.95","8.93","9.01","8.90","133.09K","0.45%"
"07/23/2013","8.91","9.02","9.06","8.75","262.52K","-0.78%"
"07/22/2013","8.98","8.98","9.08","8.97","155.04K","-0.22%"
"07/19/2013","9.00","9.06","9.06","8.90","243.04K","-0.99%"
"07/18/2013","9.09","9.13","9.18","9.05","152.66K","0.00%"
"07/17/2013","9.09","9.15","9.17","8.96","425.53K","-0.22%"
"07/16/2013","9.11","9.12","9.23","9.07","143.29K","0.11%"
"07/15/2013","9.10","9.19","9.28","9.04","289.08K","-1.09%"
"07/12/2013","9.20","9.20","9.30","9.13","300.11K","-0.22%"
"07/11/2013","9.22","9.15","9.22","9.01","419.36K","2.33%"
"07/10/2013","9.01","8.95","9.03","8.86","239.24K","1.46%"
"07/09/2013","8.88","8.95","8.99","8.77","304.61K","-0.11%"
"07/08/2013","8.89","9.03","9.07","8.84","366.50K","-1.00%"
"07/05/2013","8.98","8.88","8.98","8.75","526.72K","2.86%"
"07/03/2013","8.73","8.55","8.80","8.51","178.30K","1.87%"
"07/02/2013","8.57","8.85","9.02","8.52","440.14K","-3.05%"
"07/01/2013","8.84","8.58","8.90","8.55","406.65K","3.76%"
"06/28/2013","8.52","8.59","8.70","8.43","888.55K","-1.39%"
"06/27/2013","8.64","8.62","8.73","8.59","375.17K","0.58%"
"06/26/2013","8.59","8.74","8.74","8.57","318.06K","-1.49%"
"06/25/2013","8.72","8.88","8.94","8.60","292.85K","-0.80%"
"06/24/2013","8.79","8.80","9.03","8.69","314.20K","-1.35%"
"06/21/2013","8.91","8.88","9.09","8.80","630.89K","0.56%"
"06/20/2013","8.86","9.10","9.12","8.82","370.09K","-3.80%"
"06/19/2013","9.21","9.40","9.40","9.11","469.71K","-2.02%"
"06/18/2013","9.40","9.39","9.43","9.27","650.43K","0.00%"
"06/17/2013","9.40","9.33","9.42","9.32","270.76K","1.51%"
"06/14/2013","9.26","9.44","9.47","9.20","227.72K","-1.59%"
"06/13/2013","9.41","9.38","9.47","9.33","237.51K","0.00%"
"06/12/2013","9.41","9.45","9.48","9.31","399.33K","0.43%"
"06/11/2013","9.37","9.29","9.45","9.21","239.18K","-0.32%"
"06/10/2013","9.40","9.41","9.50","9.31","256.47K","-0.32%"
"06/07/2013","9.43","9.45","9.48","9.31","268.29K","0.32%"
"06/06/2013","9.40","9.22","9.41","9.14","403.48K","1.84%"
"06/05/2013","9.23","9.45","9.50","9.13","359.36K","-2.64%"
"06/04/2013","9.48","9.51","9.59","9.39","552.05K","-0.21%"
"06/03/2013","9.50","9.51","9.62","9.28","665.87K","0.11%"
"05/31/2013","9.49","9.46","9.67","9.35","463.80K","-0.42%"
"05/30/2013","9.53","9.59","9.74","9.49","494.29K","-0.52%"
"05/29/2013","9.58","9.50","9.68","9.40","548.93K","-0.10%"
"05/28/2013","9.59","9.64","9.79","9.47","724.12K","0.42%"
"05/24/2013","9.55","9.12","9.65","9.10","1.22M","4.71%"
"05/23/2013","9.12","8.50","9.13","8.45","761.58K","6.92%"
"05/22/2013","8.53","8.94","9.09","8.51","778.59K","-4.26%"
"05/21/2013","8.91","9.20","9.21","8.87","600.20K","-3.26%"
"05/20/2013","9.21","9.02","9.53","8.99","937.11K","1.66%"
"05/17/2013","9.06","8.99","9.07","8.97","347.56K","1.00%"
"05/16/2013","8.97","8.95","9.05","8.91","342.21K","-0.33%"
"05/15/2013","9.00","9.09","9.14","8.95","369.25K","-1.10%"
"05/14/2013","9.10","8.93","9.17","8.93","466.15K","1.79%"
"05/13/2013","8.94","9.03","9.16","8.86","555.43K","-1.22%"
"05/10/2013","9.05","8.98","9.13","8.96","254.51K","0.56%"
"05/09/2013","9.00","8.98","9.17","8.91","493.05K","0.22%"
"05/08/2013","8.98","9.00","9.04","8.88","488.35K","-0.22%"
"05/07/2013","9.00","9.00","9.10","8.84","581.61K","0.00%"
"05/06/2013","9.00","8.80","9.00","8.69","533.76K","2.51%"
"05/03/2013","8.78","8.84","8.98","8.69","524.82K","0.46%"
"05/02/2013","8.74","8.66","8.84","8.57","439.47K","1.16%"
"05/01/2013","8.64","8.81","8.85","8.57","553.69K","-1.93%"
"04/30/2013","8.81","8.70","8.90","8.55","696.77K","1.03%"
"04/29/2013","8.72","8.99","8.99","8.70","664.21K","-2.57%"
"04/26/2013","8.95","8.86","9.22","8.81","1.11M","0.79%"
"04/25/2013","8.88","8.51","9.10","8.45","2.08M","6.99%"
"04/24/2013","8.30","8.14","8.37","8.09","423.95K","1.97%"
"04/23/2013","8.14","8.02","8.15","8.01","314.62K","2.01%"
"04/22/2013","7.98","8.05","8.06","7.78","372.08K","-0.62%"
"04/19/2013","8.03","7.95","8.11","7.89","379.23K","1.26%"
"04/18/2013","7.93","7.93","8.03","7.78","501.37K","0.00%"
"04/17/2013","7.93","7.90","7.97","7.69","480.16K","0.00%"
"04/16/2013","7.93","7.75","7.95","7.70","610.41K","3.66%"
"04/15/2013","7.65","8.06","8.17","7.61","652.28K","-5.44%"
"04/12/2013","8.09","8.19","8.30","8.02","424.34K","-2.06%"
"04/11/2013","8.26","8.03","8.30","7.91","566.37K","2.48%"
"04/10/2013","8.06","7.74","8.12","7.72","691.19K","4.68%"
"04/09/2013","7.70","7.73","7.74","7.52","548.36K","-0.52%"
"04/08/2013","7.74","7.67","7.78","7.50","361.08K","0.91%"
"04/05/2013","7.67","7.39","7.72","7.39","463.41K","1.99%"
"04/04/2013","7.52","7.37","7.62","7.31","617.97K","2.04%"
"04/03/2013","7.37","7.52","7.65","7.24","723.22K","-1.99%"
"04/02/2013","7.52","7.66","7.89","7.51","543.40K","-1.18%"
"04/01/2013","7.61","7.93","7.93","7.51","644.99K","-4.28%"
"03/28/2013","7.95","7.97","8.05","7.86","399.71K","0.00%"
"03/27/2013","7.95","7.95","7.99","7.80","387.17K","-0.87%"
"03/26/2013","8.02","8.04","8.10","7.97","335.56K","0.00%"
"03/25/2013","8.02","8.16","8.20","7.95","466.01K","-1.60%"
"03/22/2013","8.15","8.08","8.24","7.99","515.57K","1.37%"
"03/21/2013","8.04","7.98","8.17","7.92","360.21K","-0.25%"
"03/20/2013","8.06","7.94","8.10","7.93","460.41K","2.41%"
"03/19/2013","7.87","7.78","7.89","7.67","405.71K","1.03%"
"03/18/2013","7.79","7.70","7.89","7.67","476.58K","0.00%"
"03/15/2013","7.79","7.84","7.89","7.67","933.68K","-1.02%"
"03/14/2013","7.87","7.87","7.90","7.75","602.83K","0.51%"
"03/13/2013","7.83","7.82","7.84","7.70","644.32K","0.13%"
"03/12/2013","7.82","7.85","7.86","7.74","511.95K","-0.76%"
"03/11/2013","7.88","7.84","7.90","7.75","448.37K","0.13%"
"03/08/2013","7.87","8.05","8.06","7.80","583.74K","-1.50%"
"03/07/2013","7.99","7.89","8.00","7.86","433.51K","1.01%"
"03/06/2013","7.91","7.92","8.06","7.88","771.12K","-0.25%"
"03/05/2013","7.93","7.91","7.96","7.76","900.57K","1.02%"
"03/04/2013","7.85","7.43","7.87","7.43","1.24M","4.53%"
"03/01/2013","7.51","7.32","7.64","7.18","1.17M","0.54%"
"02/28/2013","7.47","7.27","7.52","7.25","1.55M","6.41%"
"02/27/2013","7.02","6.93","7.13","6.93","626.28K","1.30%"
"02/26/2013","6.93","7.16","7.16","6.85","1.31M","1.17%"
"02/25/2013","6.85","7.22","7.25","6.82","1.05M","-3.79%"
"02/22/2013","7.12","7.38","7.55","6.98","2.08M","3.19%"
"02/21/2013","6.90","8.59","8.79","6.70","4.26M","-19.67%"
"02/20/2013","8.59","8.51","8.78","8.37","1.26M","1.06%"
"02/19/2013","8.50","8.71","8.80","8.35","698.93K","-2.07%"
"02/15/2013","8.68","8.87","8.89","8.55","511.91K","-1.59%"
"02/14/2013","8.82","8.45","8.86","8.45","637.21K","4.01%"
"02/13/2013","8.48","8.83","8.85","8.39","684.94K","-3.31%"
"02/12/2013","8.77","8.57","8.80","8.51","797.30K","2.45%"
"02/11/2013","8.56","8.37","8.63","8.29","589.95K","2.27%"
"02/08/2013","8.37","8.09","8.49","8.06","597.17K","3.46%"
"02/07/2013","8.09","8.23","8.25","7.94","769.53K","-0.98%"
"02/06/2013","8.17","8.29","8.29","8.10","498.13K","-0.85%"
"02/05/2013","8.24","8.06","8.26","8.06","452.83K","2.49%"
"02/04/2013","8.04","8.35","8.41","8.03","563.16K","-4.40%"
"02/01/2013","8.41","8.40","8.59","8.40","516.51K","0.48%"
"01/31/2013","8.37","8.32","8.62","8.25","476.29K","0.24%"
"01/30/2013","8.35","8.84","8.94","8.26","1.12M","-5.86%"
"01/29/2013","8.87","8.84","8.99","8.77","523.62K","0.57%"
"01/28/2013","8.82","9.18","9.24","8.70","1.06M","-3.92%"
"01/25/2013","9.18","9.40","9.41","9.10","631.92K","-1.82%"
"01/24/2013","9.35","9.30","9.53","9.21","678.16K","0.21%"
"01/23/2013","9.33","9.46","9.50","9.17","685.99K","-1.37%"
"01/22/2013","9.46","9.30","9.52","9.20","937.81K","1.61%"
"01/18/2013","9.31","9.46","9.50","9.16","630.33K","-1.17%"
"01/17/2013","9.42","9.30","9.56","9.15","846.25K","1.84%"
"01/16/2013","9.25","9.35","9.38","9.17","614.03K","-1.49%"
"01/15/2013","9.39","9.21","9.41","9.10","520.89K","1.84%"
"01/14/2013","9.22","9.41","9.49","9.20","600.84K","-1.50%"
"01/11/2013","9.36","9.36","9.45","9.22","570.53K","0.21%"
"01/10/2013","9.34","9.47","9.57","9.22","1.02M","-1.06%"
"01/09/2013","9.44","9.14","9.56","9.14","1.01M","3.28%"
"01/08/2013","9.14","8.98","9.22","8.98","507.65K","1.56%"
"01/07/2013","9.00","9.24","9.30","8.86","638.78K","-2.60%"
"01/04/2013","9.24","9.34","9.43","9.10","731.37K","0.22%"
"01/03/2013","9.22","9.54","9.80","9.13","2.11M","3.13%"
"01/02/2013","8.94","9.10","9.14","8.68","916.26K","0.00%"
"12/31/2012","8.94","8.63","9.02","8.51","1.01M","3.59%"
"12/28/2012","8.63","8.60","8.90","8.58","656.97K","-0.23%"
"12/27/2012","8.65","8.63","8.71","8.39","682.96K","0.23%"
"12/26/2012","8.63","8.80","8.88","8.58","552.97K","-1.48%"
"12/24/2012","8.76","8.77","8.91","8.67","349.18K","0.81%"
"12/21/2012","8.69","8.56","9.12","8.34","2.08M","-0.69%"
"12/20/2012","8.75","8.39","8.87","8.20","1.54M","7.36%"
"12/19/2012","8.15","8.43","8.52","8.14","1.18M","-3.66%"
"12/18/2012","8.46","7.84","8.46","7.70","1.59M","10.59%"
"12/17/2012","7.65","7.67","7.98","7.61","1.36M","0.00%"
"12/14/2012","7.65","7.65","7.74","7.55","614.90K","-0.52%"
"12/13/2012","7.69","7.96","8.02","7.51","1.00M","-3.15%"
"12/12/2012","7.94","8.26","8.29","7.94","866.74K","-3.41%"
"12/11/2012","8.22","8.19","8.28","8.14","414.96K","0.24%"
"12/10/2012","8.20","8.14","8.35","8.14","307.30K","-0.85%"
"12/07/2012","8.27","8.26","8.29","8.12","334.79K","0.36%"
"12/06/2012","8.24","8.30","8.36","8.08","319.20K","1.10%"
"12/05/2012","8.15","8.32","8.35","8.01","444.00K","-1.81%"
"12/04/2012","8.30","8.10","8.33","8.00","522.28K","2.22%"
"12/03/2012","8.12","8.29","8.30","7.71","846.46K","-1.69%"
"11/30/2012","8.26","8.27","8.48","8.20","693.91K","-0.24%"
"11/29/2012","8.28","8.63","8.67","8.15","1.71M","-8.20%"
"11/28/2012","9.02","8.61","9.26","8.45","1.26M","3.44%"
"11/27/2012","8.72","8.49","8.99","8.44","1.35M","2.11%"
"11/26/2012","8.54","8.04","8.58","7.89","926.70K","5.82%"
"11/23/2012","8.07","8.14","8.20","8.01","135.84K","-0.74%"
"11/21/2012","8.13","8.05","8.25","8.01","303.22K","0.74%"
"11/20/2012","8.07","8.06","8.18","7.96","315.09K","-0.49%"
"11/19/2012","8.11","7.76","8.16","7.69","542.59K","5.32%"
"11/16/2012","7.70","7.63","7.75","7.50","482.88K","0.26%"
"11/15/2012","7.68","7.86","7.94","7.55","657.05K","-2.54%"
"11/14/2012","7.88","8.00","8.07","7.80","586.09K","-1.01%"
"11/13/2012","7.96","7.91","8.05","7.83","470.38K","0.13%"
"11/12/2012","7.95","8.03","8.06","7.87","351.77K","-1.12%"
"11/09/2012","8.04","8.02","8.22","8.01","440.78K","-0.62%"
"11/08/2012","8.09","8.16","8.25","7.97","435.67K","-0.86%"
"11/07/2012","8.16","8.14","8.24","7.81","649.97K","-0.97%"
"11/06/2012","8.24","8.15","8.41","7.97","771.58K","1.23%"
"11/05/2012","8.14","7.90","8.21","7.64","881.24K","2.78%"
"11/02/2012","7.92","8.05","8.10","7.87","586.76K","-1.74%"
"11/01/2012","8.06","7.80","8.15","7.80","931.66K","3.20%"
"10/31/2012","7.81","8.00","8.15","7.76","1.61M","-3.22%"
"10/26/2012","8.07","6.83","8.45","6.83","6.13M","26.29%"
"10/25/2012","6.39","6.54","6.54","6.38","616.24K","-1.84%"
"10/24/2012","6.51","6.52","6.65","6.46","496.10K","-0.15%"
"10/23/2012","6.52","6.38","6.52","6.31","571.11K","1.56%"
"10/22/2012","6.42","6.38","6.54","6.30","690.87K","0.63%"
"10/19/2012","6.38","6.37","6.45","6.27","466.31K","-0.78%"
"10/18/2012","6.43","6.38","6.47","6.27","513.71K","0.47%"
"10/17/2012","6.40","6.20","6.48","6.20","636.88K","3.06%"
"10/16/2012","6.21","6.10","6.24","6.08","451.46K","1.97%"
"10/15/2012","6.09","5.98","6.10","5.90","304.57K","1.67%"
"10/12/2012","5.99","5.91","6.00","5.87","236.14K","1.18%"
"10/11/2012","5.92","6.00","6.00","5.88","254.82K","-0.50%"
"10/10/2012","5.95","5.84","6.01","5.75","450.19K","1.71%"
"10/09/2012","5.85","6.00","6.08","5.83","659.72K","-2.01%"
"10/08/2012","5.97","5.90","6.02","5.88","435.81K","0.17%"
"10/05/2012","5.96","5.97","6.00","5.85","455.26K","-0.50%"
"10/04/2012","5.99","5.90","6.00","5.88","252.15K","1.35%"
"10/03/2012","5.91","6.06","6.06","5.81","981.67K","-2.31%"
"10/02/2012","6.05","6.22","6.22","5.94","731.55K","-1.63%"
"10/01/2012","6.15","6.01","6.15","6.01","329.82K","1.82%"
"09/28/2012","6.04","6.01","6.11","5.94","412.67K","0.00%"
"09/27/2012","6.04","5.92","6.07","5.89","534.53K","2.72%"
"09/26/2012","5.88","5.82","5.93","5.72","446.29K","0.68%"
"09/25/2012","5.84","5.63","5.90","5.61","739.08K","4.10%"
"09/24/2012","5.61","5.61","5.71","5.57","351.85K","-1.23%"
"09/21/2012","5.68","5.84","5.85","5.66","764.29K","-1.73%"
"09/20/2012","5.78","5.75","5.81","5.67","369.47K","0.17%"
"09/19/2012","5.77","5.99","5.99","5.75","720.47K","-3.19%"
"09/18/2012","5.96","6.29","6.40","5.90","1.84M","-0.50%"
"09/17/2012","5.99","5.70","6.12","5.66","1.35M","4.17%"
"09/14/2012","5.75","5.42","5.77","5.41","1.04M","6.09%"
"09/13/2012","5.42","5.43","5.48","5.32","485.75K","-0.55%"
"09/12/2012","5.45","5.47","5.55","5.39","652.78K","-0.37%"
"09/11/2012","5.47","5.23","5.48","5.23","465.23K","5.80%"
"09/10/2012","5.17","5.45","5.51","5.16","672.23K","-6.00%"
"09/07/2012","5.50","5.47","5.51","5.41","238.10K","1.48%"
"09/06/2012","5.42","5.40","5.53","5.39","415.45K","1.31%"
"09/05/2012","5.35","5.40","5.47","5.35","395.82K","-1.29%"
"09/04/2012","5.42","5.35","5.43","5.32","322.43K","1.31%"
"08/31/2012","5.35","5.54","5.54","5.34","459.18K","-2.73%"
"08/30/2012","5.50","5.47","5.54","5.45","394.89K","-0.90%"
"08/29/2012","5.55","5.53","5.59","5.49","373.32K","0.00%"
"08/28/2012","5.55","5.44","5.57","5.40","375.68K","1.83%"
"08/27/2012","5.45","5.29","5.51","5.29","438.93K","3.02%"
"08/24/2012","5.29","5.36","5.41","5.27","215.89K","-1.86%"
"08/23/2012","5.39","5.43","5.44","5.25","367.47K","-0.55%"
"08/22/2012","5.42","5.50","5.51","5.37","261.94K","-1.63%"
"08/21/2012","5.51","5.55","5.59","5.50","438.22K","-0.72%"
"08/20/2012","5.55","5.43","5.56","5.39","352.17K","1.65%"
"08/17/2012","5.46","5.53","5.57","5.42","307.75K","-1.44%"
"08/16/2012","5.54","5.51","5.59","5.49","510.87K","0.73%"
"08/15/2012","5.50","5.53","5.57","5.46","435.73K","0.92%"
"08/14/2012","5.45","5.56","5.62","5.40","419.79K","-1.62%"
"08/13/2012","5.54","5.56","5.59","5.39","312.65K","-0.89%"
"08/10/2012","5.59","5.67","5.70","5.58","285.48K","-1.76%"
"08/09/2012","5.69","5.64","5.70","5.60","294.97K","0.71%"
"08/08/2012","5.65","5.60","5.67","5.53","818.40K","0.71%"
"08/07/2012","5.61","5.58","5.69","5.53","1.10M","1.08%"
"08/06/2012","5.55","5.51","5.59","5.48","936.34K","1.09%"
"08/03/2012","5.49","5.60","5.63","5.48","653.66K","-0.18%"
"08/02/2012","5.50","5.30","5.59","5.26","1.16M","3.00%"
"08/01/2012","5.34","5.44","5.48","5.30","497.03K","-1.29%"
"07/31/2012","5.41","5.42","5.49","5.39","692.59K","-0.73%"
"07/30/2012","5.45","5.40","5.50","5.39","778.53K","1.30%"
"07/27/2012","5.38","5.35","5.49","5.23","606.73K","1.70%"
"07/26/2012","5.29","5.21","5.40","5.16","1.15M","8.62%"
"07/25/2012","4.87","4.79","4.93","4.76","294.61K","2.53%"
"07/24/2012","4.75","4.70","4.75","4.60","502.84K","1.50%"
"07/23/2012","4.68","4.75","4.77","4.62","294.13K","-3.31%"
"07/20/2012","4.84","4.82","4.87","4.75","306.34K","-0.41%"
"07/19/2012","4.86","5.02","5.06","4.85","248.56K","-2.99%"
"07/18/2012","5.01","5.20","5.31","4.95","307.48K","-4.21%"
"07/17/2012","5.23","5.21","5.23","5.06","139.39K","0.58%"
"07/16/2012","5.20","5.08","5.21","5.07","179.80K","1.36%"
"07/13/2012","5.13","5.06","5.19","5.00","143.61K","1.38%"
"07/12/2012","5.06","4.99","5.09","4.85","236.00K","0.60%"
"07/11/2012","5.03","5.18","5.24","5.00","239.22K","-2.52%"
"07/10/2012","5.16","5.35","5.39","5.15","161.77K","-3.37%"
"07/09/2012","5.34","5.22","5.39","5.14","200.29K","2.10%"
"07/06/2012","5.23","5.25","5.29","5.17","163.95K","-1.88%"
"07/05/2012","5.33","5.29","5.34","5.22","147.74K","0.19%"
"07/03/2012","5.32","5.20","5.32","5.20","108.97K","0.57%"
"07/02/2012","5.29","5.21","5.29","5.11","267.63K","0.95%"
"06/29/2012","5.24","5.10","5.32","5.01","464.70K","5.01%"
"06/28/2012","4.99","5.17","5.21","4.95","363.19K","-4.04%"
"06/27/2012","5.20","5.38","5.39","5.16","403.54K","-3.70%"
"06/26/2012","5.40","5.27","5.51","5.23","423.62K","3.65%"
"06/25/2012","5.21","5.20","5.25","5.15","233.95K","-1.51%"
"06/22/2012","5.29","5.31","5.34","5.22","345.22K","0.00%"
"06/21/2012","5.29","5.41","5.45","5.27","289.82K","-2.58%"
"06/20/2012","5.43","5.47","5.51","5.41","415.49K","-0.18%"
"06/19/2012","5.44","5.40","5.58","5.37","391.03K","1.30%"
"06/18/2012","5.37","5.16","5.39","5.15","457.75K","5.92%"
"06/15/2012","5.07","5.17","5.20","5.06","416.38K","-1.93%"
"06/14/2012","5.17","5.19","5.28","5.09","435.14K","-0.58%"
"06/13/2012","5.20","5.31","5.32","5.18","843.58K","-2.26%"
"06/12/2012","5.32","5.29","5.34","5.19","615.58K","1.14%"
"06/11/2012","5.26","5.30","5.37","5.25","459.88K","0.19%"
"06/08/2012","5.25","5.20","5.31","5.19","492.73K","0.57%"
"06/07/2012","5.22","5.43","5.43","5.21","280.32K","-1.88%"
"06/06/2012","5.32","5.18","5.34","5.18","423.48K","3.10%"
"06/05/2012","5.16","5.19","5.23","5.06","327.40K","-0.58%"
"06/04/2012","5.19","5.27","5.31","5.16","321.93K","-1.14%"
"06/01/2012","5.25","5.27","5.35","5.22","544.46K","-2.42%"
"05/31/2012","5.38","5.31","5.46","5.23","418.83K","1.13%"
"05/30/2012","5.32","5.40","5.43","5.32","332.80K","-2.56%"
"05/29/2012","5.46","5.48","5.55","5.36","712.57K","0.00%"
"05/25/2012","5.46","5.39","5.54","5.36","493.22K","1.11%"
"05/24/2012","5.40","5.42","5.51","5.31","577.14K","0.00%"
"05/23/2012","5.40","5.26","5.41","5.26","526.22K","2.47%"
"05/22/2012","5.27","5.34","5.40","5.26","547.09K","-0.94%"
"05/21/2012","5.32","5.15","5.39","5.09","658.21K","3.70%"
"05/18/2012","5.13","5.08","5.20","5.07","473.06K","1.58%"
"05/17/2012","5.05","5.18","5.32","5.04","795.24K","-2.13%"
"05/16/2012","5.16","5.16","5.27","5.13","386.15K","0.00%"
"05/15/2012","5.16","5.19","5.27","5.15","411.29K","-0.77%"
"05/14/2012","5.20","5.13","5.29","4.95","489.48K","0.00%"
"05/11/2012","5.20","5.17","5.34","5.11","569.20K","-0.76%"
"05/10/2012","5.24","5.06","5.25","4.98","649.27K","3.97%"
"05/09/2012","5.04","4.96","5.06","4.76","540.30K","-0.20%"
"05/08/2012","5.05","4.78","5.06","4.73","977.26K","4.55%"
"05/07/2012","4.83","4.74","4.86","4.67","412.67K","1.47%"
"05/04/2012","4.76","4.89","4.92","4.75","531.62K","-3.25%"
"05/03/2012","4.92","4.93","4.96","4.77","573.68K","0.41%"
"05/02/2012","4.90","4.68","4.94","4.60","1.26M","5.60%"
"05/01/2012","4.64","4.61","4.70","4.52","934.76K","0.87%"
"04/30/2012","4.60","4.60","4.65","4.52","1.25M","3.37%"
"04/27/2012","4.45","4.54","4.55","4.43","736.67K","2.77%"
"04/26/2012","4.33","4.45","4.58","4.29","1.07M","4.09%"
"04/25/2012","4.16","4.12","4.20","4.11","290.33K","1.22%"
"04/24/2012","4.11","4.02","4.11","4.00","181.38K","2.49%"
"04/23/2012","4.01","4.02","4.05","4.00","230.52K","-1.72%"
"04/20/2012","4.08","4.17","4.20","4.04","244.19K","-1.21%"
"04/19/2012","4.13","4.17","4.19","4.07","178.51K","-0.48%"
"04/18/2012","4.15","4.19","4.21","4.12","177.78K","-1.66%"
"04/17/2012","4.22","4.12","4.27","4.12","233.31K","3.18%"
"04/16/2012","4.09","4.09","4.15","4.05","163.21K","0.00%"
"04/13/2012","4.09","4.20","4.20","4.06","607.63K","-2.62%"
"04/12/2012","4.20","4.13","4.22","4.10","237.26K","1.94%"
"04/11/2012","4.12","4.11","4.14","4.08","319.74K","1.23%"
"04/10/2012","4.07","3.97","4.08","3.96","461.30K","2.78%"
"04/09/2012","3.96","4.03","4.10","3.96","514.85K","-3.18%"
"04/05/2012","4.09","4.15","4.20","4.04","328.87K","-2.15%"
"04/04/2012","4.18","4.26","4.28","4.16","324.75K","-3.02%"
"04/03/2012","4.31","4.34","4.43","4.30","357.86K","-0.69%"
"04/02/2012","4.34","4.35","4.41","4.29","249.95K","0.00%"
"03/30/2012","4.34","4.38","4.47","4.34","305.01K","0.00%"
"03/29/2012","4.34","4.36","4.44","4.28","320.35K","-1.36%"
"03/28/2012","4.40","4.60","4.65","4.34","629.68K","-4.35%"
"03/27/2012","4.60","4.43","4.65","4.42","851.62K","4.31%"
"03/26/2012","4.41","4.38","4.50","4.35","432.55K","1.61%"
"03/23/2012","4.34","4.56","4.56","4.28","684.74K","-4.82%"
"03/22/2012","4.56","4.22","4.59","4.19","1.93M","8.83%"
"03/21/2012","4.19","4.07","4.25","4.03","1.03M","5.28%"
"03/20/2012","3.98","4.01","4.08","3.98","334.56K","-1.73%"
"03/19/2012","4.05","4.04","4.09","4.02","284.57K","0.00%"
"03/16/2012","4.05","4.08","4.10","4.00","368.73K","-0.49%"
"03/15/2012","4.07","4.03","4.08","4.00","195.08K","0.74%"
"03/14/2012","4.04","4.11","4.14","4.01","345.89K","-1.94%"
"03/13/2012","4.12","4.09","4.14","4.05","298.71K","1.48%"
"03/12/2012","4.06","4.04","4.10","4.02","272.40K","0.25%"
"03/09/2012","4.05","4.07","4.12","4.03","440.34K","1.00%"
"03/08/2012","4.01","4.03","4.05","3.99","178.52K","0.50%"
"03/07/2012","3.99","4.02","4.04","3.98","309.06K","0.00%"
"03/06/2012","3.99","4.04","4.07","3.98","376.48K","-1.24%"
"03/05/2012","4.04","4.07","4.09","4.01","330.42K","-0.25%"
"03/02/2012","4.05","4.22","4.27","4.05","618.77K","-4.03%"
"03/01/2012","4.22","4.17","4.35","4.12","1.12M","4.71%"
"02/29/2012","4.03","4.20","4.22","4.03","824.30K","-3.36%"
"02/28/2012","4.17","4.05","4.21","4.05","437.02K","2.96%"
"02/27/2012","4.05","4.15","4.16","3.99","705.52K","-2.88%"
"02/24/2012","4.17","4.16","4.32","4.14","579.59K","-0.95%"
"02/23/2012","4.21","4.40","4.49","4.04","1.17M","-6.44%"
"02/22/2012","4.50","4.48","4.56","4.42","502.40K","1.35%"
"02/21/2012","4.44","4.54","4.60","4.42","312.24K","-1.11%"
"02/17/2012","4.49","4.27","4.50","4.22","611.88K","5.40%"
"02/16/2012","4.26","4.45","4.45","4.23","733.79K","-4.27%"
"02/15/2012","4.45","4.57","4.58","4.44","472.54K","-2.63%"
"02/14/2012","4.57","4.75","4.77","4.54","411.99K","-3.99%"
"02/13/2012","4.76","4.84","4.87","4.71","241.90K","-0.83%"
"02/10/2012","4.80","4.86","4.92","4.80","151.09K","-2.44%"
"02/09/2012","4.92","4.91","4.94","4.86","140.25K","0.61%"
"02/08/2012","4.89","4.85","4.90","4.76","165.43K","1.66%"
"02/07/2012","4.81","4.89","4.95","4.80","180.04K","-2.04%"
"02/06/2012","4.91","4.94","4.97","4.80","189.48K","-1.41%"
"02/03/2012","4.98","4.97","5.01","4.87","421.49K","1.43%"
"02/02/2012","4.91","4.97","5.05","4.86","355.09K","-0.81%"
"02/01/2012","4.95","4.78","4.96","4.76","431.31K","3.99%"
"01/31/2012","4.76","4.70","4.77","4.64","229.44K","1.93%"
"01/30/2012","4.67","4.67","4.79","4.65","348.48K","-0.64%"
"01/27/2012","4.70","4.66","4.73","4.60","421.39K","0.00%"
"01/26/2012","4.70","4.84","4.84","4.64","713.46K","-2.69%"
"01/25/2012","4.83","4.84","4.84","4.80","391.34K","-0.62%"
"01/24/2012","4.86","4.89","4.89","4.80","338.83K","-1.02%"
"01/23/2012","4.91","4.92","4.98","4.86","213.28K","-0.20%"
"01/20/2012","4.92","5.10","5.11","4.89","485.59K","-3.72%"
"01/19/2012","5.11","5.27","5.31","5.07","298.40K","-2.85%"
"01/18/2012","5.26","5.13","5.29","5.13","315.59K","3.54%"
"01/17/2012","5.08","5.13","5.32","5.07","454.82K","-1.55%"
"01/13/2012","5.16","5.16","5.18","5.08","274.44K","-1.15%"
"01/12/2012","5.22","5.16","5.23","5.11","151.02K","1.16%"
"01/11/2012","5.16","5.17","5.20","5.08","271.42K","-0.96%"
"01/10/2012","5.21","5.21","5.27","5.12","355.47K","1.17%"
"01/09/2012","5.15","5.14","5.17","5.10","245.67K","0.59%"
"01/06/2012","5.12","5.15","5.20","5.07","233.91K","-0.58%"
"01/05/2012","5.15","5.13","5.19","4.95","573.12K","0.00%"
"01/04/2012","5.15","5.27","5.33","5.15","241.18K","-2.83%"
"01/03/2012","5.30","5.24","5.34","5.23","590.22K","3.52%"
"12/30/2011","5.12","5.36","5.38","5.11","680.12K","-4.83%"
"12/29/2011","5.38","5.41","5.47","5.31","260.47K","-0.19%"
"12/28/2011","5.39","5.40","5.48","5.34","297.45K","-0.19%"
"12/27/2011","5.40","5.37","5.44","5.27","663.63K","0.19%"
"12/23/2011","5.39","5.59","5.63","5.38","462.77K","-3.58%"
"12/22/2011","5.59","5.73","5.75","5.57","271.41K","-1.93%"
"12/21/2011","5.70","5.68","5.75","5.52","467.43K","0.00%"
"12/20/2011","5.70","5.65","5.80","5.61","511.94K","3.26%"
"12/19/2011","5.52","5.70","5.95","5.50","510.24K","-2.47%"
"12/16/2011","5.66","5.75","5.79","5.61","990.52K","-0.35%"
"12/15/2011","5.68","5.82","5.83","5.66","518.99K","-1.05%"
"12/14/2011","5.74","5.74","5.85","5.62","756.37K","-0.86%"
"12/13/2011","5.79","6.17","6.21","5.76","791.43K","-5.70%"
"12/12/2011","6.14","6.24","6.28","6.10","411.76K","-3.00%"
"12/09/2011","6.33","6.23","6.39","6.23","482.10K","1.77%"
"12/08/2011","6.22","6.30","6.33","6.21","471.15K","-2.20%"
"12/07/2011","6.36","6.34","6.44","6.30","423.00K","-0.31%"
"12/06/2011","6.38","6.18","6.49","6.08","710.45K","3.74%"
"12/05/2011","6.15","6.23","6.23","6.09","361.36K","0.65%"
"12/02/2011","6.11","6.16","6.27","6.08","418.41K","-0.49%"
"12/01/2011","6.14","5.99","6.22","5.86","574.40K","1.99%"
"11/30/2011","6.02","6.00","6.08","5.97","835.93K","3.26%"
"11/29/2011","5.83","5.87","5.95","5.82","368.56K","-1.02%"
"11/28/2011","5.89","5.76","5.95","5.60","672.43K","5.75%"
"11/25/2011","5.57","5.64","5.80","5.54","223.86K","-1.59%"
"11/23/2011","5.66","5.94","5.96","5.65","560.78K","-5.19%"
"11/22/2011","5.97","5.87","6.11","5.87","809.39K","1.70%"
"11/21/2011","5.87","5.74","5.91","5.68","417.70K","0.34%"
"11/18/2011","5.85","5.78","5.89","5.72","491.87K","1.56%"
"11/17/2011","5.76","5.71","5.86","5.70","639.66K","0.88%"
"11/16/2011","5.71","5.76","5.85","5.70","299.11K","-1.55%"
"11/15/2011","5.80","5.66","5.83","5.62","260.94K","1.22%"
"11/14/2011","5.73","5.57","5.87","5.56","735.84K","3.24%"
"11/11/2011","5.55","5.51","5.56","5.41","405.48K","1.83%"
"11/10/2011","5.45","5.46","5.53","5.40","335.47K","0.55%"
"11/09/2011","5.42","5.45","5.50","5.38","484.00K","-3.21%"
"11/08/2011","5.60","5.55","5.65","5.43","414.76K","1.63%"
"11/07/2011","5.51","5.38","5.55","5.29","315.14K","1.29%"
"11/04/2011","5.44","5.40","5.50","5.30","459.09K","-0.55%"
"11/03/2011","5.47","5.20","5.49","5.13","758.73K","5.60%"
"11/02/2011","5.18","5.02","5.18","5.01","674.08K","4.65%"
"11/01/2011","4.95","4.86","5.04","4.86","546.24K","-0.40%"
"10/31/2011","4.97","4.85","5.04","4.84","692.60K","2.69%"
"10/28/2011","4.84","4.99","5.00","4.83","493.34K","-3.59%"
"10/27/2011","5.02","4.96","5.02","4.92","797.73K","2.03%"
"10/26/2011","4.92","4.89","4.92","4.77","339.53K","1.65%"
"10/25/2011","4.84","4.83","4.90","4.76","476.05K","-1.02%"
"10/24/2011","4.89","4.79","4.93","4.77","375.23K","2.09%"
"10/21/2011","4.79","4.74","4.81","4.68","397.14K","2.79%"
"10/20/2011","4.66","4.61","4.70","4.52","166.84K","1.08%"
"10/19/2011","4.61","4.67","4.70","4.58","202.21K","-1.91%"
"10/18/2011","4.70","4.52","4.73","4.47","294.97K","4.44%"
"10/17/2011","4.50","4.66","4.68","4.49","331.72K","-2.60%"
"10/14/2011","4.62","4.62","4.75","4.56","808.36K","1.32%"
"10/13/2011","4.56","4.55","4.59","4.52","216.61K","-0.87%"
"10/12/2011","4.60","4.64","4.67","4.54","363.13K","-0.22%"
"10/11/2011","4.61","4.51","4.65","4.51","437.32K","0.88%"
"10/10/2011","4.57","4.52","4.57","4.44","314.40K","3.16%"
"10/07/2011","4.43","4.47","4.53","4.36","390.55K","-0.45%"
"10/06/2011","4.45","4.20","4.45","4.20","365.15K","5.95%"
"10/05/2011","4.20","4.27","4.33","4.19","422.56K","-1.41%"
"10/04/2011","4.26","4.17","4.28","4.04","751.91K","1.19%"
"10/03/2011","4.21","4.27","4.45","4.21","460.74K","-2.32%"
"09/30/2011","4.31","4.34","4.47","4.31","456.66K","-2.49%"
"09/29/2011","4.42","4.44","4.50","4.27","386.55K","2.08%"
"09/28/2011","4.33","4.49","4.54","4.33","422.71K","-3.99%"
"09/27/2011","4.51","4.53","4.56","4.45","550.03K","1.12%"
"09/26/2011","4.46","4.35","4.47","4.29","378.99K","4.21%"
"09/23/2011","4.28","4.21","4.50","4.20","512.80K","1.42%"
"09/22/2011","4.22","4.17","4.32","4.15","588.95K","-0.47%"
"09/21/2011","4.24","4.40","4.49","4.22","359.55K","-3.64%"
"09/20/2011","4.40","4.53","4.54","4.40","275.16K","-2.44%"
"09/19/2011","4.51","4.45","4.58","4.38","232.11K","-0.44%"
"09/16/2011","4.53","4.57","4.59","4.35","375.11K","-0.22%"
"09/15/2011","4.54","4.49","4.56","4.45","251.10K","1.11%"
"09/14/2011","4.49","4.47","4.54","4.40","467.91K","0.90%"
"09/13/2011","4.45","4.33","4.47","4.33","326.85K","3.01%"
"09/12/2011","4.32","4.16","4.33","4.16","223.49K","1.89%"
"09/09/2011","4.24","4.33","4.38","4.18","372.76K","-3.42%"
"09/08/2011","4.39","4.40","4.46","4.35","310.61K","-1.35%"
"09/07/2011","4.45","4.41","4.47","4.36","323.27K","2.77%"
"09/06/2011","4.33","4.13","4.34","4.13","441.60K","2.85%"
"09/02/2011","4.21","4.22","4.29","4.20","369.76K","-2.77%"
"09/01/2011","4.33","4.44","4.53","4.31","368.40K","-2.70%"
"08/31/2011","4.45","4.52","4.60","4.39","591.56K","-0.67%"
"08/30/2011","4.48","4.46","4.52","4.42","429.35K","-0.44%"
"08/29/2011","4.50","4.34","4.50","4.27","505.70K","5.63%"
"08/26/2011","4.26","4.10","4.34","4.08","360.32K","3.40%"
"08/25/2011","4.12","4.27","4.29","4.12","493.92K","-3.29%"
"08/24/2011","4.26","4.09","4.27","4.02","453.21K","3.65%"
"08/23/2011","4.11","3.81","4.14","3.78","517.01K","8.16%"
"08/22/2011","3.80","3.86","3.94","3.76","331.18K","0.53%"
"08/19/2011","3.78","3.77","3.92","3.73","621.56K","-1.05%"
"08/18/2011","3.82","3.95","4.05","3.81","631.24K","-6.14%"
"08/17/2011","4.07","4.02","4.14","4.00","364.53K","1.50%"
"08/16/2011","4.01","3.92","4.10","3.91","375.25K","0.75%"
"08/15/2011","3.98","3.93","4.00","3.86","337.18K","2.31%"
"08/12/2011","3.89","3.88","3.91","3.77","379.87K","1.04%"
"08/11/2011","3.85","3.64","3.93","3.60","544.18K","7.24%"
"08/10/2011","3.59","3.90","3.90","3.57","513.31K","-7.71%"
"08/09/2011","3.89","3.72","3.89","3.55","848.93K","7.46%"
"08/08/2011","3.62","3.85","4.02","3.61","954.32K","-9.50%"
"08/05/2011","4.00","4.13","4.16","3.98","557.63K","-2.44%"
"08/04/2011","4.10","4.24","4.26","4.10","554.24K","-3.98%"
"08/03/2011","4.27","4.17","4.29","4.04","503.44K","2.89%"
"08/02/2011","4.15","4.23","4.34","4.14","333.12K","-2.58%"
"08/01/2011","4.26","4.16","4.28","4.13","423.75K","3.65%"
"07/29/2011","4.11","4.10","4.28","4.08","454.64K","-0.72%"
"07/28/2011","4.14","4.10","4.17","4.06","367.87K","0.73%"
"07/27/2011","4.11","4.18","4.18","4.08","371.23K","-2.38%"
"07/26/2011","4.21","4.20","4.23","4.18","196.11K","-0.47%"
"07/25/2011","4.23","4.15","4.25","4.15","200.47K","0.48%"
"07/22/2011","4.21","4.27","4.28","4.21","151.95K","-2.09%"
"07/21/2011","4.30","4.28","4.32","4.19","230.40K","0.47%"
"07/20/2011","4.28","4.19","4.28","4.14","195.95K","0.23%"
"07/19/2011","4.27","4.22","4.29","4.17","206.45K","2.40%"
"07/18/2011","4.17","4.26","4.26","4.17","235.82K","-2.80%"
"07/15/2011","4.29","4.27","4.32","4.25","220.06K","0.70%"
"07/14/2011","4.26","4.34","4.39","4.25","172.96K","-2.07%"
"07/13/2011","4.35","4.40","4.43","4.31","159.95K","-0.68%"
"07/12/2011","4.38","4.42","4.49","4.35","174.27K","-1.13%"
"07/11/2011","4.43","4.46","4.49","4.41","183.63K","-1.56%"
"07/08/2011","4.50","4.44","4.52","4.41","151.62K","-0.44%"
"07/07/2011","4.52","4.51","4.54","4.46","187.59K","0.67%"
"07/06/2011","4.49","4.48","4.53","4.43","184.25K","0.00%"
"07/05/2011","4.49","4.55","4.58","4.46","190.65K","-1.75%"
"07/01/2011","4.57","4.55","4.58","4.52","206.15K","0.44%"
"06/30/2011","4.55","4.48","4.55","4.45","248.61K","1.56%"
"06/29/2011","4.48","4.45","4.50","4.44","163.05K","-0.22%"
"06/28/2011","4.49","4.40","4.53","4.30","321.31K","2.05%"
"06/27/2011","4.40","4.31","4.40","4.24","219.91K","3.29%"
"06/24/2011","4.26","4.38","4.38","4.25","767.04K","-2.74%"
"06/23/2011","4.38","4.23","4.38","4.17","421.25K","2.34%"
"06/22/2011","4.28","4.22","4.31","4.15","357.42K","0.94%"
"06/21/2011","4.24","4.26","4.32","4.21","412.56K","0.24%"
"06/20/2011","4.23","4.20","4.29","4.20","279.05K","-0.24%"
"06/17/2011","4.24","4.29","4.33","4.17","448.36K","-0.70%"
"06/16/2011","4.27","4.23","4.32","4.15","356.81K","0.95%"
"06/15/2011","4.23","4.30","4.37","4.23","364.45K","-2.76%"
"06/14/2011","4.35","4.39","4.49","4.29","575.92K","1.16%"
"06/13/2011","4.30","4.30","4.36","4.27","437.00K","0.00%"
"06/10/2011","4.30","4.27","4.35","4.26","503.58K","0.00%"
"06/09/2011","4.30","4.29","4.34","4.28","363.47K","0.23%"
"06/08/2011","4.29","4.40","4.41","4.28","547.82K","-2.72%"
"06/07/2011","4.41","4.49","4.49","4.41","193.36K","-1.12%"
"06/06/2011","4.46","4.43","4.52","4.43","401.58K","0.68%"
"06/03/2011","4.43","4.40","4.49","4.40","317.30K","-1.12%"
"06/02/2011","4.48","4.46","4.57","4.46","357.25K","0.45%"
"06/01/2011","4.46","4.53","4.54","4.40","601.15K","-1.55%"
"05/31/2011","4.53","4.59","4.64","4.40","822.53K","-2.58%"
"05/27/2011","4.65","4.61","4.72","4.60","346.00K","1.09%"
"05/26/2011","4.60","4.49","4.60","4.41","509.52K","1.32%"
"05/25/2011","4.54","4.40","4.54","4.37","396.00K","3.65%"
"05/24/2011","4.38","4.49","4.50","4.38","447.00K","-2.23%"
"05/23/2011","4.48","4.40","4.57","4.35","383.16K","0.00%"
"05/20/2011","4.48","4.55","4.55","4.46","355.25K","-0.67%"
"05/19/2011","4.51","4.56","4.56","4.45","199.83K","-0.66%"
"05/18/2011","4.54","4.40","4.55","4.38","382.72K","3.18%"
"05/17/2011","4.40","4.49","4.56","4.36","609.18K","-2.22%"
"05/16/2011","4.50","4.50","4.59","4.45","257.43K","-0.66%"
"05/13/2011","4.53","4.68","4.68","4.52","293.26K","-2.58%"
"05/12/2011","4.65","4.45","4.68","4.43","391.58K","3.33%"
"05/11/2011","4.50","4.59","4.66","4.48","381.75K","-2.17%"
"05/10/2011","4.60","4.48","4.68","4.39","580.33K","3.60%"
"05/09/2011","4.44","4.37","4.54","4.35","540.01K","1.14%"
"05/06/2011","4.39","4.42","4.46","4.35","225.80K","0.00%"
"05/05/2011","4.39","4.33","4.42","4.29","371.51K","1.15%"
"05/04/2011","4.34","4.35","4.41","4.27","462.62K","-1.14%"
"05/03/2011","4.39","4.41","4.41","4.29","408.16K","-0.68%"
"05/02/2011","4.42","4.47","4.47","4.39","435.14K","-0.90%"
"04/29/2011","4.46","4.46","4.50","4.40","408.02K","0.22%"
"04/28/2011","4.45","4.40","4.47","4.39","533.10K","-0.22%"
"04/27/2011","4.46","4.40","4.47","4.32","580.36K","1.36%"
"04/26/2011","4.40","4.46","4.50","4.27","1.08M","-0.90%"
"04/25/2011","4.44","4.18","4.44","4.14","1.25M","12.12%"
"04/21/2011","3.96","4.14","4.24","3.94","897.37K","-3.18%"
"04/20/2011","4.09","3.96","4.10","3.96","772.16K","5.14%"
"04/19/2011","3.89","3.90","4.06","3.88","631.43K","1.04%"
"04/18/2011","3.85","3.85","3.87","3.84","294.93K","-1.28%"
"04/15/2011","3.90","3.88","3.92","3.84","194.29K","0.26%"
"04/14/2011","3.89","3.79","3.91","3.79","364.75K","2.10%"
"04/13/2011","3.81","3.90","3.90","3.79","285.35K","-0.52%"
"04/12/2011","3.83","3.87","3.92","3.80","389.58K","-1.79%"
"04/11/2011","3.90","3.88","3.97","3.88","241.59K","0.26%"
"04/08/2011","3.89","4.03","4.04","3.86","578.54K","-3.23%"
"04/07/2011","4.02","4.05","4.11","4.01","198.31K","-1.71%"
"04/06/2011","4.09","4.10","4.18","4.09","166.55K","0.00%"
"04/05/2011","4.09","4.05","4.20","4.02","431.73K","0.74%"
"04/04/2011","4.06","4.03","4.07","3.97","281.85K","0.74%"
"04/01/2011","4.03","4.09","4.19","3.98","404.61K","-0.74%"
"03/31/2011","4.06","4.02","4.10","4.02","170.82K","0.50%"
"03/30/2011","4.04","4.12","4.15","4.03","289.95K","-1.94%"
"03/29/2011","4.12","3.95","4.20","3.90","436.91K","4.04%"
"03/28/2011","3.96","4.13","4.20","3.69","1.04M","-3.41%"
"03/25/2011","4.10","4.07","4.17","4.00","606.47K","1.49%"
"03/24/2011","4.04","3.80","4.05","3.80","1.07M","7.45%"
"03/23/2011","3.76","3.73","3.78","3.72","374.85K","0.80%"
"03/22/2011","3.73","3.82","3.84","3.73","393.56K","-2.61%"
"03/21/2011","3.83","3.82","3.92","3.79","488.52K","1.32%"
"03/18/2011","3.78","3.80","3.84","3.72","1.15M","0.53%"
"03/17/2011","3.76","3.89","3.91","3.76","593.89K","-2.34%"
"03/16/2011","3.85","3.94","3.96","3.84","690.21K","-2.78%"
"03/15/2011","3.96","3.99","4.00","3.85","510.91K","-1.00%"
"03/14/2011","4.00","4.10","4.14","4.00","427.41K","-3.85%"
"03/11/2011","4.16","4.06","4.20","4.03","425.79K","1.71%"
"03/10/2011","4.09","4.10","4.18","4.04","460.47K","-2.15%"
"03/09/2011","4.18","4.08","4.20","4.06","419.81K","2.45%"
"03/08/2011","4.08","3.98","4.12","3.98","357.40K","1.49%"
"03/07/2011","4.02","4.05","4.07","4.01","421.51K","-0.99%"
"03/04/2011","4.06","4.07","4.10","4.00","398.00K","-0.73%"
"03/03/2011","4.09","4.00","4.10","3.91","730.37K","5.14%"
"03/02/2011","3.89","3.69","3.90","3.69","606.85K","5.42%"
"03/01/2011","3.69","3.78","3.80","3.68","479.42K","-2.38%"
"02/28/2011","3.78","3.72","3.86","3.72","404.42K","-1.56%"
"02/25/2011","3.84","3.77","3.86","3.75","560.16K","2.13%"
"02/24/2011","3.76","3.94","4.01","3.74","1.15M","-5.05%"
"02/23/2011","3.96","4.05","4.12","3.90","939.35K","-5.04%"
"02/22/2011","4.17","4.22","4.35","4.16","554.12K","-2.80%"
"02/18/2011","4.29","4.29","4.30","4.17","365.13K","0.47%"
"02/17/2011","4.27","4.26","4.34","4.09","378.95K","0.47%"
"02/16/2011","4.25","4.13","4.34","4.13","859.28K","3.91%"
"02/15/2011","4.09","4.10","4.17","4.06","336.61K","-0.24%"
"02/14/2011","4.10","4.03","4.22","4.00","441.96K","2.24%"
"02/11/2011","4.01","4.05","4.06","3.99","476.49K","-0.99%"
"02/10/2011","4.05","4.12","4.15","4.05","380.19K","-1.70%"
"02/09/2011","4.12","4.15","4.15","4.11","200.00K","-0.72%"
"02/08/2011","4.15","4.11","4.16","4.11","243.46K","0.48%"
"02/07/2011","4.13","4.11","4.17","4.06","346.55K","0.24%"
"02/04/2011","4.12","4.13","4.17","4.07","457.57K","-0.24%"
"02/03/2011","4.13","4.22","4.26","4.12","534.18K","-2.13%"
"02/02/2011","4.22","4.28","4.35","4.22","310.24K","-1.86%"
"02/01/2011","4.30","4.22","4.30","4.18","289.60K","2.63%"
"01/31/2011","4.19","4.25","4.26","4.17","561.09K","-0.24%"
"01/28/2011","4.20","4.21","4.27","4.19","704.55K","-0.47%"
"01/27/2011","4.22","4.16","4.24","4.16","442.18K","1.69%"
"01/26/2011","4.15","4.20","4.34","4.14","1.00M","-1.19%"
"01/25/2011","4.20","4.60","4.61","4.15","1.82M","-8.70%"
"01/24/2011","4.60","4.60","4.70","4.56","451.62K","-0.22%"
"01/21/2011","4.61","4.75","4.76","4.60","426.64K","-1.71%"
"01/20/2011","4.69","4.77","4.83","4.69","463.61K","-1.47%"
"01/19/2011","4.76","4.92","4.94","4.76","630.82K","0.21%"
"01/18/2011","4.75","4.77","4.84","4.71","357.52K","-1.25%"
"01/14/2011","4.81","4.73","4.81","4.70","303.47K","0.84%"
"01/13/2011","4.77","4.77","4.82","4.74","289.70K","-0.42%"
"01/12/2011","4.79","4.91","4.91","4.77","318.34K","-1.64%"
"01/11/2011","4.87","4.80","4.91","4.76","608.62K","1.88%"
"01/10/2011","4.78","4.74","4.83","4.68","923.10K","-0.21%"
"01/07/2011","4.79","4.79","4.88","4.72","591.87K","0.42%"
"01/06/2011","4.77","4.92","4.98","4.74","572.24K","-2.25%"
"01/05/2011","4.88","4.77","4.88","4.69","497.32K","2.31%"
"01/04/2011","4.77","4.98","5.09","4.77","901.83K","-4.60%"
"01/03/2011","5.00","4.75","5.02","4.75","807.81K","6.38%"
"12/31/2010","4.70","4.70","4.75","4.65","443.60K","-0.42%"
"12/30/2010","4.72","4.76","4.79","4.71","351.09K","-1.05%"
"12/29/2010","4.77","4.87","4.88","4.74","414.79K","-1.65%"
"12/28/2010","4.85","4.83","4.95","4.78","342.37K","0.21%"
"12/27/2010","4.84","4.71","4.87","4.65","287.84K","2.11%"
"12/23/2010","4.74","4.81","4.85","4.70","287.13K","-1.25%"
"12/22/2010","4.80","4.88","4.92","4.69","536.96K","-1.64%"
"12/21/2010","4.88","4.88","5.07","4.86","975.56K","0.21%"
"12/20/2010","4.87","4.91","5.10","4.87","841.44K","-0.20%"
"12/17/2010","4.88","4.66","4.95","4.57","1.32M","4.50%"
"12/16/2010","4.67","4.52","4.69","4.52","345.47K","3.32%"
"12/15/2010","4.52","4.60","4.66","4.48","405.31K","-1.53%"
"12/14/2010","4.59","4.67","4.85","4.57","818.88K","-1.71%"
"12/13/2010","4.67","4.57","4.82","4.56","641.97K","2.19%"
"12/10/2010","4.57","4.55","4.69","4.41","722.75K","0.44%"
"12/09/2010","4.55","4.84","4.85","4.53","1.15M","-6.76%"
"12/08/2010","4.88","4.15","4.92","4.14","3.28M","19.32%"
"12/07/2010","4.09","4.19","4.20","4.08","256.23K","-0.97%"
"12/06/2010","4.13","4.07","4.20","4.06","291.53K","0.73%"
"12/03/2010","4.10","4.07","4.14","4.04","213.76K","0.00%"
"12/02/2010","4.10","4.11","4.15","4.07","129.54K","-0.24%"
"12/01/2010","4.11","4.10","4.17","4.04","438.44K","1.99%"
"11/30/2010","4.03","4.03","4.10","4.00","380.56K","-1.23%"
"11/29/2010","4.08","4.16","4.19","4.05","192.38K","-1.92%"
"11/26/2010","4.16","4.08","4.25","4.08","113.70K","1.22%"
"11/24/2010","4.11","4.07","4.20","4.05","312.63K","1.73%"
"11/23/2010","4.04","4.05","4.09","4.00","237.56K","-1.46%"
"11/22/2010","4.10","4.25","4.29","4.07","254.54K","-3.98%"
"11/19/2010","4.27","4.22","4.30","4.21","305.33K","1.43%"
"11/18/2010","4.21","4.16","4.21","4.12","526.49K","2.18%"
"11/17/2010","4.12","4.03","4.13","4.02","384.73K","2.23%"
"11/16/2010","4.03","4.02","4.07","3.99","546.71K","-0.74%"
"11/15/2010","4.06","3.95","4.15","3.94","293.03K","3.57%"
"11/12/2010","3.92","4.00","4.07","3.91","290.93K","-2.97%"
"11/11/2010","4.04","4.12","4.15","4.00","313.73K","-3.12%"
"11/10/2010","4.17","4.20","4.21","4.13","178.08K","-0.95%"
"11/09/2010","4.21","4.11","4.27","4.08","349.29K","2.43%"
"11/08/2010","4.11","4.10","4.14","4.03","310.44K","0.00%"
"11/05/2010","4.11","4.12","4.20","4.07","272.86K","-0.24%"
"11/04/2010","4.12","3.99","4.18","3.97","621.85K","3.78%"
"11/03/2010","3.97","3.94","4.00","3.90","355.02K","1.28%"
"11/02/2010","3.92","3.94","3.99","3.90","326.67K","0.77%"
"11/01/2010","3.89","3.99","4.04","3.86","338.97K","-2.02%"
"10/29/2010","3.97","3.93","4.01","3.88","386.38K","0.51%"
"10/28/2010","3.95","4.15","4.16","3.93","710.69K","-4.36%"
"10/27/2010","4.13","4.27","4.28","3.99","941.49K","-6.77%"
"10/26/2010","4.43","4.42","4.53","4.41","266.80K","-0.45%"
"10/25/2010","4.45","4.58","4.59","4.43","236.41K","-1.77%"
"10/22/2010","4.53","4.54","4.59","4.50","258.67K","-0.22%"
"10/21/2010","4.54","4.49","4.61","4.40","591.03K","1.79%"
"10/20/2010","4.46","4.29","4.54","4.29","461.72K","4.69%"
"10/19/2010","4.26","4.42","4.57","4.24","852.25K","-5.12%"
"10/18/2010","4.49","4.18","4.49","4.16","740.17K","7.42%"
"10/15/2010","4.18","4.21","4.24","4.13","367.97K","0.72%"
"10/14/2010","4.15","4.17","4.26","4.14","389.65K","-0.24%"
"10/13/2010","4.16","4.07","4.20","4.05","420.17K","2.46%"
"10/12/2010","4.06","4.01","4.07","3.99","358.53K","1.25%"
"10/11/2010","4.01","4.04","4.10","3.99","316.41K","-1.23%"
"10/08/2010","4.06","4.11","4.13","4.05","328.67K","-1.46%"
"10/07/2010","4.12","4.03","4.12","3.98","460.11K","3.00%"
"10/06/2010","4.00","3.93","4.10","3.82","749.08K","1.27%"
"10/05/2010","3.95","3.71","3.95","3.70","867.53K","9.42%"
"10/04/2010","3.61","3.90","3.93","3.61","1.07M","-6.96%"
"10/01/2010","3.88","3.88","3.89","3.82","220.13K","0.00%"
"09/30/2010","3.88","3.87","3.89","3.82","391.46K","1.04%"
"09/29/2010","3.84","3.81","3.90","3.81","289.65K","0.52%"
"09/28/2010","3.82","3.91","3.92","3.80","454.36K","-2.30%"
"09/27/2010","3.91","3.85","3.93","3.84","274.14K","-1.76%"
"09/24/2010","3.98","3.90","4.00","3.89","315.32K","3.11%"
"09/23/2010","3.86","3.90","3.99","3.86","272.37K","-2.03%"
"09/22/2010","3.94","3.92","3.98","3.87","242.50K","-0.25%"
"09/21/2010","3.95","3.98","4.01","3.95","215.23K","-1.25%"
"09/20/2010","4.00","3.90","4.01","3.86","468.15K","3.09%"
"09/17/2010","3.88","3.95","3.96","3.80","722.31K","-0.51%"
"09/16/2010","3.90","3.91","3.97","3.89","167.47K","-0.76%"
"09/15/2010","3.93","3.97","4.01","3.89","185.53K","-1.26%"
"09/14/2010","3.98","4.03","4.04","3.95","244.38K","-1.73%"
"09/13/2010","4.05","3.96","4.06","3.93","325.21K","3.85%"
"09/10/2010","3.90","3.95","4.00","3.87","213.56K","-1.27%"
"09/09/2010","3.95","3.98","3.98","3.90","245.72K","0.51%"
"09/08/2010","3.93","3.94","3.98","3.91","228.21K","0.26%"
"09/07/2010","3.92","3.99","4.00","3.92","242.73K","-1.75%"
"09/03/2010","3.99","4.00","4.01","3.93","356.13K","0.50%"
"09/02/2010","3.97","3.90","3.98","3.87","417.28K","1.79%"
"09/01/2010","3.90","3.75","3.91","3.73","652.23K","7.44%"
"08/31/2010","3.63","3.63","3.74","3.62","322.63K","-0.27%"
"08/30/2010","3.64","3.69","3.72","3.64","329.12K","-2.15%"
"08/27/2010","3.72","3.63","3.72","3.58","352.30K","3.91%"
"08/26/2010","3.58","3.62","3.69","3.54","447.48K","-1.10%"
"08/25/2010","3.62","3.60","3.65","3.52","644.11K","-0.28%"
"08/24/2010","3.63","3.80","3.90","3.63","760.31K","-5.96%"
"08/23/2010","3.86","3.87","3.93","3.82","357.08K","0.00%"
"08/20/2010","3.86","3.82","3.90","3.80","274.04K","1.05%"
"08/19/2010","3.82","4.00","4.02","3.82","452.79K","-4.50%"
"08/18/2010","4.00","4.04","4.04","3.95","264.27K","-1.48%"
"08/17/2010","4.06","4.00","4.06","3.96","278.22K","2.78%"
"08/16/2010","3.95","3.85","3.97","3.85","436.00K","2.07%"
"08/13/2010","3.87","3.96","4.04","3.87","369.11K","-3.01%"
"08/12/2010","3.99","3.89","4.03","3.85","537.14K","1.27%"
"08/11/2010","3.94","4.00","4.03","3.92","806.05K","-2.96%"
"08/10/2010","4.06","4.02","4.15","4.00","394.80K","-0.49%"
"08/09/2010","4.08","4.10","4.10","4.02","192.76K","0.49%"
"08/06/2010","4.06","3.96","4.09","3.92","336.54K","1.25%"
"08/05/2010","4.01","4.00","4.07","4.00","298.93K","-0.74%"
"08/04/2010","4.04","4.07","4.13","4.00","374.46K","0.00%"
"08/03/2010","4.04","4.07","4.11","4.01","384.96K","-1.46%"
"08/02/2010","4.10","4.18","4.18","4.01","458.28K","0.00%"
"07/30/2010","4.10","3.87","4.14","3.87","828.21K","4.86%"
"07/29/2010","3.91","4.13","4.14","3.90","905.31K","-4.87%"
"07/28/2010","4.11","4.26","4.28","4.05","639.09K","-3.29%"
"07/27/2010","4.25","4.29","4.62","4.22","1.70M","-2.75%"
"07/26/2010","4.37","4.24","4.38","4.17","765.36K","4.05%"
"07/23/2010","4.20","4.39","4.39","4.16","1.24M","-4.55%"
"07/22/2010","4.40","4.40","4.42","4.26","891.77K","1.62%"
"07/21/2010","4.33","3.87","4.39","3.84","2.92M","12.47%"
"07/20/2010","3.85","3.73","3.86","3.72","382.87K","1.85%"
"07/19/2010","3.78","3.72","3.81","3.72","369.91K","1.34%"
"07/16/2010","3.73","3.75","3.78","3.62","616.87K","-0.80%"
"07/15/2010","3.76","3.83","3.89","3.73","439.29K","-2.08%"
"07/14/2010","3.84","4.00","4.02","3.82","431.55K","-4.00%"
"07/13/2010","4.00","3.90","4.00","3.86","632.36K","3.63%"
"07/12/2010","3.86","3.85","3.94","3.75","406.85K","-0.26%"
"07/09/2010","3.87","3.75","3.87","3.66","728.00K","2.65%"
"07/08/2010","3.77","3.82","3.85","3.68","850.17K","-0.53%"
"07/07/2010","3.79","3.76","3.84","3.70","478.22K","1.34%"
"07/06/2010","3.74","3.77","3.96","3.68","476.83K","0.81%"
"07/02/2010","3.71","3.71","3.75","3.59","514.43K","0.27%"
"07/01/2010","3.70","3.58","3.79","3.55","1.95M","-5.13%"
"06/30/2010","3.90","3.81","4.13","3.81","1.10M","2.63%"
"06/29/2010","3.80","3.90","3.95","3.79","824.15K","-4.52%"
"06/28/2010","3.98","4.02","4.07","3.96","810.26K","-2.21%"
"06/25/2010","4.07","3.96","4.07","3.88","1.30M","2.78%"
"06/24/2010","3.96","3.93","4.05","3.92","728.18K","0.51%"
"06/23/2010","3.94","3.86","3.96","3.83","958.53K","2.34%"
"06/22/2010","3.85","4.02","4.08","3.81","1.83M","-3.99%"
"06/21/2010","4.01","4.21","4.24","4.00","662.23K","-3.37%"
"06/18/2010","4.15","4.21","4.22","4.13","699.77K","-0.72%"
"06/17/2010","4.18","4.15","4.18","4.11","623.69K","0.48%"
"06/16/2010","4.16","4.15","4.18","4.05","941.04K","-0.95%"
"06/15/2010","4.20","4.23","4.25","3.98","2.34M","0.00%"
"06/14/2010","4.20","4.18","4.27","4.18","396.39K","1.69%"
"06/11/2010","4.13","4.16","4.23","4.10","424.10K","-1.20%"
"06/10/2010","4.18","4.17","4.22","4.08","866.38K","1.46%"
"06/09/2010","4.12","4.15","4.20","4.10","566.40K","0.49%"
"06/08/2010","4.10","4.15","4.19","4.07","664.96K","-0.73%"
"06/07/2010","4.13","4.29","4.35","4.12","822.41K","-3.50%"
"06/04/2010","4.28","4.21","4.32","4.18","1.05M","-0.93%"
"06/03/2010","4.32","4.32","4.40","4.15","1.01M","0.00%"
"06/02/2010","4.32","4.18","4.33","4.14","876.32K","4.60%"
"06/01/2010","4.13","4.41","4.47","4.13","1.07M","-7.61%"
"05/28/2010","4.47","4.52","4.55","4.25","1.54M","-1.32%"
"05/27/2010","4.53","4.44","4.53","4.35","428.07K","4.38%"
"05/26/2010","4.34","4.35","4.53","4.30","642.38K","0.23%"
"05/25/2010","4.33","4.21","4.37","4.11","976.39K","-0.23%"
"05/24/2010","4.34","4.53","4.62","4.34","762.43K","-3.98%"
"05/21/2010","4.52","4.45","4.64","4.45","1.07M","0.00%"
"05/20/2010","4.52","4.75","4.82","4.52","1.68M","-7.00%"
"05/19/2010","4.86","4.95","4.98","4.83","776.22K","-2.02%"
"05/18/2010","4.96","5.11","5.17","4.93","805.71K","-1.98%"
"05/17/2010","5.06","5.07","5.10","4.95","795.98K","0.40%"
"05/14/2010","5.04","5.05","5.12","4.89","1.11M","-1.18%"
"05/13/2010","5.10","4.90","5.17","4.85","1.91M","4.29%"
"05/12/2010","4.89","4.68","4.90","4.65","915.33K","4.49%"
"05/11/2010","4.68","4.60","4.76","4.56","884.61K","0.65%"
"05/10/2010","4.65","4.63","4.67","4.52","1.01M","5.44%"
"05/07/2010","4.41","4.55","4.65","4.40","1.77M","-4.34%"
"05/06/2010","4.61","4.72","4.78","4.48","2.61M","-2.95%"
"05/05/2010","4.75","4.74","4.78","4.65","1.10M","-0.21%"
"05/04/2010","4.76","4.79","4.81","4.69","1.43M","-1.65%"
"05/03/2010","4.84","4.76","4.85","4.61","1.18M","1.89%"
"04/30/2010","4.75","4.86","4.91","4.73","1.49M","-2.46%"
"04/29/2010","4.87","4.86","4.90","4.81","1.36M","0.83%"
"04/28/2010","4.83","4.99","4.99","4.80","1.57M","-2.42%"
"04/27/2010","4.95","4.92","5.07","4.80","2.86M","3.77%"
"04/26/2010","4.77","4.93","4.96","4.74","2.50M","-2.65%"
"04/23/2010","4.90","5.33","5.39","4.87","4.56M","-12.66%"
"04/22/2010","5.61","5.34","5.63","5.32","1.27M","4.28%"
"04/21/2010","5.38","5.39","5.43","5.31","626.63K","-0.19%"
"04/20/2010","5.39","5.35","5.43","5.31","990.79K","1.70%"
"04/19/2010","5.30","5.27","5.40","5.20","1.22M","1.73%"
"04/16/2010","5.21","5.37","5.40","5.21","1.01M","-2.98%"
"04/15/2010","5.37","5.44","5.46","5.27","706.14K","-1.10%"
"04/14/2010","5.43","5.39","5.43","5.33","631.20K","1.88%"
"04/13/2010","5.33","5.47","5.47","5.27","1.15M","-2.56%"
"04/12/2010","5.47","5.49","5.57","5.40","1.03M","-0.91%"
"04/09/2010","5.52","5.50","5.60","5.37","1.33M","0.73%"
"04/08/2010","5.48","5.54","5.57","5.43","1.03M","-1.08%"
"04/07/2010","5.54","5.60","5.72","5.50","1.29M","-1.42%"
"04/06/2010","5.62","5.60","5.80","5.54","1.68M","0.54%"
"04/05/2010","5.59","5.61","5.64","5.35","3.36M","-3.29%"
"04/01/2010","5.78","5.93","5.97","5.76","702.02K","-1.53%"
"03/31/2010","5.87","6.01","6.03","5.86","840.46K","-2.65%"
"03/30/2010","6.03","6.07","6.11","5.97","577.66K","-0.50%"
"03/29/2010","6.06","6.01","6.07","5.90","823.93K","1.00%"
"03/26/2010","6.00","6.32","6.37","5.87","2.31M","-4.91%"
"03/25/2010","6.31","6.70","6.74","6.29","1.29M","-4.83%"
"03/24/2010","6.63","6.58","6.72","6.52","1.25M","0.45%"
"03/23/2010","6.60","6.42","6.60","6.40","839.58K","2.48%"
"03/22/2010","6.44","6.27","6.48","6.15","787.61K","1.90%"
"03/19/2010","6.32","6.43","6.49","6.32","1.38M","-1.10%"
"03/18/2010","6.39","6.75","6.78","6.39","1.85M","-4.63%"
"03/17/2010","6.70","6.85","6.88","6.68","1.02M","-1.18%"
"03/16/2010","6.78","6.88","6.96","6.77","973.99K","-1.60%"
"03/15/2010","6.89","6.96","7.09","6.86","885.75K","-0.72%"
"03/12/2010","6.94","7.10","7.10","6.91","1.17M","-1.28%"
"03/11/2010","7.03","7.06","7.16","7.00","833.68K","-0.57%"
"03/10/2010","7.07","7.20","7.29","7.02","1.18M","-1.12%"
"03/09/2010","7.15","6.95","7.35","6.95","2.02M","2.29%"
"03/08/2010","6.99","7.06","7.10","6.87","955.50K","0.29%"
"03/05/2010","6.97","6.84","6.99","6.79","1.05M","2.80%"
"03/04/2010","6.78","6.92","7.02","6.68","1.51M","-2.16%"
"03/03/2010","6.93","7.04","7.09","6.80","1.13M","-1.28%"
"03/02/2010","7.02","7.05","7.10","6.79","1.43M","0.57%"
"03/01/2010","6.98","7.25","7.27","6.88","3.41M","-7.67%"
"02/26/2010","7.56","7.28","7.75","7.27","2.24M","4.28%"
"02/25/2010","7.25","7.03","7.29","6.95","1.33M","0.28%"
"02/24/2010","7.23","7.01","7.26","7.00","1.32M","3.73%"
"02/23/2010","6.97","7.50","7.70","6.94","4.44M","-8.65%"
"02/22/2010","7.63","7.16","7.88","7.15","3.89M","6.71%"
"02/19/2010","7.15","6.86","7.34","6.82","5.25M","8.66%"
"02/18/2010","6.58","6.47","6.61","6.32","1.90M","2.65%"
"02/17/2010","6.41","6.00","6.50","5.99","1.68M","7.73%"
"02/16/2010","5.95","5.76","5.99","5.73","693.68K","4.02%"
"02/12/2010","5.72","5.62","5.72","5.57","544.48K","-0.87%"
"02/11/2010","5.77","5.65","5.84","5.56","450.51K","1.76%"
"02/10/2010","5.67","5.73","5.77","5.58","330.65K","0.18%"
"02/09/2010","5.66","5.57","5.71","5.55","414.77K","2.72%"
"02/08/2010","5.51","5.49","5.67","5.47","395.84K","0.73%"
"02/05/2010","5.47","5.62","5.65","5.33","931.36K","-2.84%"
"02/04/2010","5.63","5.78","5.80","5.63","721.27K","-3.76%"
"02/03/2010","5.85","5.93","6.00","5.81","771.60K","-2.01%"
"02/02/2010","5.97","5.91","5.98","5.83","505.63K","1.36%"
"02/01/2010","5.89","5.71","5.91","5.66","587.09K","4.43%"
"01/29/2010","5.64","5.91","6.00","5.56","1.26M","-4.41%"
"01/28/2010","5.90","5.96","5.96","5.80","573.02K","-0.34%"
"01/27/2010","5.92","5.80","5.95","5.78","842.64K","1.72%"
"01/26/2010","5.82","5.76","5.87","5.65","1.07M","0.34%"
"01/25/2010","5.80","5.77","5.93","5.64","811.30K","1.05%"
"01/22/2010","5.74","5.88","6.09","5.58","1.24M","-2.38%"
"01/21/2010","5.88","6.25","6.28","5.86","1.28M","-5.92%"
"01/20/2010","6.25","6.29","6.36","6.11","746.82K","-1.11%"
"01/19/2010","6.32","6.32","6.69","6.29","1.67M","0.48%"
"01/15/2010","6.29","6.42","6.43","5.99","1.66M","-1.56%"
"01/14/2010","6.39","6.28","6.69","6.26","2.51M","1.91%"
"01/13/2010","6.27","6.08","6.40","6.00","1.99M","5.73%"
"01/12/2010","5.93","6.13","6.43","5.91","2.55M","-4.20%"
"01/11/2010","6.19","5.62","6.36","5.52","4.67M","11.33%"
"01/08/2010","5.56","5.64","5.80","5.43","1.78M","-1.77%"
"01/07/2010","5.66","5.74","6.05","5.46","4.13M","-3.08%"
"01/06/2010","5.84","5.05","5.95","5.03","8.49M","24.26%"
"01/05/2010","4.70","4.62","4.72","4.62","319.74K","1.08%"
"01/04/2010","4.65","4.46","4.66","4.41","762.62K","6.16%"