"Date","Price","Open","High","Low","Vol.","Change %"
"05/29/2026","975.55","957.99","981.00","947.11","12.97M","5.63%"
"05/28/2026","923.52","929.83","949.49","904.78","49.69M","-0.53%"
"05/27/2026","928.41","955.66","956.16","888.15","72.30M","3.63%"
"05/26/2026","895.88","820.50","916.80","820.29","76.56M","19.29%"
"05/22/2026","751.00","756.82","780.20","747.20","36.00M","-1.46%"
"05/21/2026","762.10","736.36","764.90","732.20","42.46M","4.11%"
"05/20/2026","731.99","734.96","735.68","700.66","48.83M","4.76%"
"05/19/2026","698.74","665.58","725.95","652.21","61.79M","2.52%"
"05/18/2026","681.54","750.46","757.00","663.25","60.04M","-5.95%"
"05/15/2026","724.66","732.57","749.59","719.00","48.52M","-6.62%"
"05/14/2026","776.01","787.62","812.00","775.63","42.14M","-3.44%"
"05/13/2026","803.63","813.16","814.95","779.47","54.88M","4.83%"
"05/12/2026","766.58","774.70","782.76","706.60","73.74M","-3.61%"
"05/11/2026","795.33","792.98","818.67","768.00","70.97M","6.50%"
"05/08/2026","746.81","676.45","747.21","676.21","65.13M","15.49%"
"05/07/2026","646.63","649.83","683.09","635.42","47.53M","-2.99%"
"05/06/2026","666.59","660.37","667.67","627.58","55.73M","4.12%"
"05/05/2026","640.20","609.78","651.74","605.47","64.27M","11.06%"
"05/04/2026","576.45","560.60","592.80","557.76","46.04M","6.31%"
"05/01/2026","542.21","511.78","545.91","510.21","40.22M","4.84%"
"04/30/2026","517.16","529.74","535.50","502.58","36.55M","-0.25%"
"04/29/2026","518.46","526.00","531.02","508.80","36.25M","2.81%"
"04/28/2026","504.29","503.54","518.83","488.23","44.82M","-3.86%"
"04/27/2026","524.56","510.56","531.36","510.02","41.30M","5.60%"
"04/24/2026","496.72","495.92","506.99","489.36","35.38M","3.11%"
"04/23/2026","481.72","482.28","493.62","471.80","38.18M","-1.18%"
"04/22/2026","487.48","462.93","491.98","458.56","46.00M","8.48%"
"04/21/2026","449.38","451.32","457.82","441.30","27.73M","0.21%"
"04/20/2026","448.42","458.25","464.56","435.90","32.01M","-1.46%"
"04/17/2026","455.07","466.85","470.97","452.20","33.41M","-0.47%"
"04/16/2026","457.23","452.96","462.34","444.38","33.63M","0.22%"
"04/15/2026","456.23","457.63","463.95","439.32","40.37M","-2.03%"
"04/14/2026","465.66","434.35","465.78","424.86","52.53M","9.17%"
"04/13/2026","426.56","416.47","426.88","408.50","37.02M","1.42%"
"04/10/2026","420.59","420.29","423.86","410.05","36.38M","-0.22%"
"04/09/2026","421.51","407.61","423.94","398.44","43.10M","3.63%"
"04/08/2026","406.73","415.13","416.00","398.88","49.22M","7.72%"
"04/07/2026","377.58","374.13","379.25","364.10","40.22M","-0.05%"
"04/06/2026","377.76","373.80","385.08","370.61","41.41M","3.15%"
"04/02/2026","366.24","341.34","366.94","340.20","51.50M","-0.44%"
"04/01/2026","367.85","348.90","377.89","343.00","74.43M","8.88%"
"03/31/2026","337.84","321.67","337.84","311.49","73.55M","4.98%"
"03/30/2026","321.80","362.66","362.81","318.40","73.83M","-9.92%"
"03/27/2026","357.22","359.86","368.70","354.06","45.81M","0.50%"
"03/26/2026","355.46","370.02","374.25","350.00","54.52M","-6.97%"
"03/25/2026","382.09","383.00","388.92","371.38","55.33M","-3.40%"
"03/24/2026","395.53","401.28","404.98","388.91","44.98M","-2.18%"
"03/23/2026","404.35","426.14","444.27","401.52","54.81M","-4.39%"
"03/20/2026","422.90","443.92","449.10","415.36","64.22M","-4.81%"
"03/19/2026","444.27","424.97","457.22","421.11","74.59M","-3.78%"
"03/18/2026","461.73","464.76","471.34","458.30","58.97M","0.01%"
"03/17/2026","461.69","452.54","462.73","445.14","43.02M","4.50%"
"03/16/2026","441.80","446.16","454.86","437.74","43.07M","3.68%"
"03/13/2026","426.13","413.75","429.35","413.00","39.26M","5.13%"
"03/12/2026","405.35","409.99","413.73","396.67","31.72M","-3.19%"
"03/11/2026","418.69","410.77","422.75","405.79","30.19M","3.86%"
"03/10/2026","403.11","394.01","415.31","393.64","33.75M","3.54%"
"03/09/2026","389.32","363.96","390.00","357.67","35.55M","5.14%"
"03/06/2026","370.30","380.14","391.18","367.45","34.46M","-6.74%"
"03/05/2026","397.05","398.60","404.53","380.30","29.96M","-0.93%"
"03/04/2026","400.77","393.64","407.88","387.61","32.64M","5.55%"
"03/03/2026","379.68","386.55","390.09","374.55","39.01M","-7.99%"
"03/02/2026","412.67","401.47","417.61","397.00","30.05M","0.07%"
"02/27/2026","412.37","401.81","417.96","401.18","28.65M","-0.77%"
"02/26/2026","415.56","424.84","434.00","401.96","35.43M","-3.13%"
"02/25/2026","429.00","426.50","436.89","423.00","27.30M","2.63%"
"02/24/2026","418.01","429.22","436.27","411.28","33.39M","-0.70%"
"02/23/2026","420.97","422.31","431.70","415.30","25.43M","-1.68%"
"02/20/2026","428.17","415.18","430.57","415.15","29.89M","2.59%"
"02/19/2026","417.35","415.81","420.32","407.74","21.65M","-0.86%"
"02/18/2026","420.95","399.50","427.85","394.60","32.31M","5.30%"
"02/17/2026","399.78","400.95","413.66","395.30","28.55M","-2.89%"
"02/13/2026","411.66","405.19","420.88","392.71","33.81M","-0.56%"
"02/12/2026","413.97","422.25","438.77","411.16","45.64M","0.88%"
"02/11/2026","410.34","395.39","414.16","386.57","48.47M","9.94%"
"02/10/2026","373.25","375.99","382.79","366.06","35.43M","-2.67%"
"02/09/2026","383.50","380.69","391.81","370.68","31.01M","-2.84%"
"02/06/2026","394.69","377.96","396.65","372.87","37.20M","3.08%"
"02/05/2026","382.89","369.62","390.93","366.00","38.90M","0.92%"
"02/04/2026","379.40","410.59","413.00","363.90","58.07M","-9.55%"
"02/03/2026","419.44","442.16","442.30","407.53","42.76M","-4.19%"
"02/02/2026","437.80","412.18","442.43","410.00","37.77M","5.52%"
"01/30/2026","414.88","446.46","455.50","407.13","51.02M","-4.80%"
"01/29/2026","435.79","439.37","444.71","417.70","42.68M","0.12%"
"01/28/2026","435.28","422.43","438.94","417.00","42.73M","6.10%"
"01/27/2026","410.24","404.61","416.45","399.60","36.21M","5.44%"
"01/26/2026","389.09","395.50","398.00","384.30","29.19M","-2.64%"
"01/23/2026","399.65","397.16","412.43","390.74","35.40M","0.52%"
"01/22/2026","397.58","396.64","397.78","376.92","39.61M","2.18%"
"01/21/2026","389.11","372.85","394.20","366.73","56.71M","6.61%"
"01/20/2026","365.00","364.68","381.56","361.35","49.74M","0.62%"
"01/16/2026","362.75","353.10","365.81","352.04","47.90M","7.76%"
"01/15/2026","336.63","345.33","347.77","336.27","25.37M","0.98%"
"01/14/2026","333.35","334.84","339.10","328.20","20.28M","-1.41%"
"01/13/2026","338.13","346.27","351.23","335.22","23.88M","-2.24%"
"01/12/2026","345.87","340.55","348.47","339.32","23.15M","0.23%"
"01/09/2026","345.09","332.74","345.80","326.19","33.39M","5.53%"
"01/08/2026","327.02","342.90","343.66","321.36","33.90M","-3.69%"
"01/07/2026","339.55","340.71","346.30","337.18","32.78M","-1.13%"
"01/06/2026","343.43","318.28","344.55","318.06","48.73M","10.02%"
"01/05/2026","312.15","325.13","325.53","309.55","34.61M","-1.04%"
"01/02/2026","315.42","295.13","315.60","294.86","42.60M","10.51%"
"12/31/2025","285.41","293.17","293.17","284.18","17.57M","-2.47%"
"12/30/2025","292.63","294.70","298.83","292.01","23.06M","-0.59%"
"12/29/2025","294.37","280.33","294.50","278.50","26.64M","3.36%"
"12/26/2025","284.79","290.83","290.87","283.42","17.88M","-0.66%"
"12/24/2025","286.68","278.00","289.30","277.25","18.59M","3.77%"
"12/23/2025","276.27","275.92","281.86","272.32","20.77M","-0.12%"
"12/22/2025","276.59","277.15","279.99","268.29","30.96M","4.01%"
"12/19/2025","265.92","251.75","268.38","251.74","62.31M","6.99%"
"12/18/2025","248.55","256.53","263.65","245.00","65.01M","10.21%"
"12/17/2025","225.52","236.55","237.45","221.69","41.96M","-3.01%"
"12/16/2025","232.51","235.80","239.40","230.58","22.58M","-2.10%"
"12/15/2025","237.50","247.11","250.11","236.00","27.48M","-1.51%"
"12/12/2025","241.14","255.67","255.82","239.32","25.94M","-6.70%"
"12/11/2025","258.46","261.53","262.85","251.55","18.87M","-1.99%"
"12/10/2025","263.71","255.13","264.75","250.58","21.96M","4.47%"
"12/09/2025","252.42","244.49","255.51","242.83","17.07M","2.23%"
"12/08/2025","246.92","243.49","249.23","241.61","20.50M","4.09%"
"12/05/2025","237.22","228.95","240.57","226.68","21.16M","4.66%"
"12/04/2025","226.65","230.28","234.16","223.33","23.51M","-3.21%"
"12/03/2025","234.16","236.39","237.80","228.09","19.19M","-2.23%"
"12/02/2025","239.49","238.74","244.37","234.33","18.17M","-0.40%"
"12/01/2025","240.46","232.29","242.36","231.50","18.24M","1.68%"
"11/28/2025","236.48","235.62","238.10","233.47","12.91M","2.70%"
"11/26/2025","230.26","229.62","233.83","226.00","17.82M","2.55%"
"11/25/2025","224.53","219.22","226.19","216.00","17.44M","0.27%"
"11/24/2025","223.93","213.41","226.11","212.36","33.05M","7.99%"
"11/21/2025","207.37","204.53","212.00","192.59","36.68M","2.98%"
"11/20/2025","201.37","230.24","230.60","199.60","47.42M","-10.87%"
"11/19/2025","225.92","226.91","234.35","216.36","35.26M","-1.13%"
"11/18/2025","228.50","235.48","238.93","225.52","33.84M","-5.56%"
"11/17/2025","241.95","246.92","260.58","239.46","30.30M","-1.98%"
"11/14/2025","246.83","231.45","255.17","231.23","36.17M","4.17%"
"11/13/2025","236.95","243.60","249.50","230.16","32.32M","-3.25%"
"11/12/2025","244.90","244.90","249.19","240.84","17.26M","1.57%"
"11/11/2025","241.11","248.34","249.99","238.79","22.62M","-4.81%"
"11/10/2025","253.30","247.96","257.07","247.81","27.87M","6.46%"
"11/07/2025","237.92","234.03","242.55","226.40","30.61M","-0.17%"
"11/06/2025","238.33","237.84","246.41","234.88","32.02M","0.35%"
"11/05/2025","237.50","225.66","239.88","224.73","28.62M","8.93%"
"11/04/2025","218.03","222.14","228.67","217.40","23.70M","-7.10%"
"11/03/2025","234.70","233.88","237.62","231.80","21.20M","4.88%"
"10/31/2025","223.77","227.75","231.25","218.82","16.32M","-0.11%"
"10/30/2025","224.01","226.10","227.40","220.74","14.80M","-1.16%"
"10/29/2025","226.63","229.05","232.40","226.10","23.22M","2.13%"
"10/28/2025","221.91","218.93","222.90","217.56","14.96M","0.82%"
"10/27/2025","220.10","224.81","224.98","215.74","23.87M","0.49%"
"10/24/2025","219.02","212.39","219.82","209.98","25.82M","5.96%"
"10/23/2025","206.71","196.70","209.00","195.20","19.40M","4.15%"
"10/22/2025","198.47","202.25","205.58","192.40","21.95M","-1.89%"
"10/21/2025","202.29","204.30","205.87","200.84","13.72M","-2.17%"
"10/20/2025","206.77","209.65","214.75","205.50","23.27M","2.17%"
"10/17/2025","202.38","199.28","203.39","195.55","23.28M","-0.07%"
"10/16/2025","202.53","199.96","206.34","195.20","42.04M","5.52%"
"10/15/2025","191.94","192.48","192.88","187.42","17.79M","2.61%"
"10/14/2025","187.06","186.96","192.46","186.25","15.91M","-2.96%"
"10/13/2025","192.77","190.79","193.40","187.99","20.93M","6.15%"
"10/10/2025","181.60","192.96","193.44","179.61","26.99M","-5.58%"
"10/09/2025","192.33","192.96","196.62","189.50","19.72M","-2.14%"
"10/08/2025","196.54","188.99","196.95","188.80","26.83M","5.84%"
"10/07/2025","185.69","194.85","195.30","183.24","27.83M","-2.76%"
"10/06/2025","190.96","195.01","201.00","189.43","36.39M","1.67%"
"10/03/2025","187.83","185.21","191.85","184.92","29.40M","2.22%"
"10/02/2025","183.75","184.96","186.18","181.21","25.12M","0.88%"
"10/01/2025","182.15","165.60","182.39","165.50","41.67M","8.86%"
"09/30/2025","167.32","164.10","168.95","163.96","20.09M","2.09%"
"09/29/2025","163.90","160.00","165.80","159.97","26.51M","4.22%"
"09/26/2025","157.27","158.52","158.92","155.18","24.04M","0.28%"
"09/25/2025","156.83","157.39","158.95","154.65","32.21M","-3.02%"
"09/24/2025","161.71","165.08","166.00","158.30","57.10M","-2.82%"
"09/23/2025","166.41","165.68","168.99","165.23","43.32M","1.09%"
"09/22/2025","164.62","164.38","167.26","161.59","25.85M","1.16%"
"09/19/2025","162.73","162.75","163.70","159.38","37.31M","-3.65%"
"09/18/2025","168.89","162.99","170.45","162.60","28.21M","5.56%"
"09/17/2025","159.99","157.40","160.59","155.26","18.84M","0.74%"
"09/16/2025","158.82","157.98","159.56","157.16","16.91M","0.67%"
"09/15/2025","157.77","156.96","160.34","156.55","20.10M","0.34%"
"09/12/2025","157.23","153.55","158.28","153.21","32.29M","4.42%"
"09/11/2025","150.57","147.72","156.26","147.61","52.45M","7.55%"
"09/10/2025","140.00","140.02","142.24","138.34","25.79M","3.52%"
"09/09/2025","135.24","131.76","138.00","131.56","20.70M","2.88%"
"09/08/2025","131.46","130.55","132.26","128.40","19.49M","0.07%"
"09/05/2025","131.37","127.77","131.41","125.66","28.42M","5.76%"
"09/04/2025","124.21","118.85","124.41","118.52","18.59M","4.62%"
"09/03/2025","118.72","119.36","119.44","117.29","14.10M","0.20%"
"09/02/2025","118.48","115.86","118.56","114.25","13.77M","-0.45%"
"08/29/2025","119.01","122.60","122.77","118.06","16.77M","-2.45%"
"08/28/2025","122.00","118.88","122.57","118.73","17.30M","3.61%"
"08/27/2025","117.75","116.85","118.73","116.44","15.35M","1.07%"
"08/26/2025","116.50","116.09","118.36","115.81","12.58M","0.07%"
"08/25/2025","116.42","117.68","118.08","116.10","8.67M","-1.07%"
"08/22/2025","117.68","117.65","120.70","116.51","17.04M","1.63%"
"08/21/2025","115.79","117.00","117.73","115.61","13.17M","-1.21%"
"08/20/2025","117.21","118.70","118.91","113.46","25.79M","-3.97%"
"08/19/2025","122.05","122.94","124.24","121.31","11.49M","-1.21%"
"08/18/2025","123.55","121.35","123.68","120.66","12.21M","2.22%"
"08/15/2025","120.87","123.17","123.38","119.44","18.99M","-3.53%"
"08/14/2025","125.29","123.20","125.74","121.40","12.24M","0.82%"
"08/13/2025","124.27","127.58","128.60","123.35","18.44M","-2.72%"
"08/12/2025","127.75","124.70","128.55","123.04","25.99M","3.26%"
"08/11/2025","123.72","124.97","127.28","121.65","35.07M","4.06%"
"08/08/2025","118.89","112.17","119.33","111.67","28.96M","6.28%"
"08/07/2025","111.87","114.14","115.28","110.79","18.99M","2.84%"
"08/06/2025","108.78","107.90","108.96","106.75","13.02M","-0.26%"
"08/05/2025","109.06","109.30","110.64","106.83","17.84M","1.20%"
"08/04/2025","107.77","106.01","107.88","105.46","14.78M","2.76%"
"08/01/2025","104.88","105.49","106.50","103.38","24.00M","-3.90%"
"07/31/2025","109.14","112.19","112.27","106.94","29.22M","-4.88%"
"07/30/2025","114.74","112.60","114.89","112.41","16.38M","2.48%"
"07/29/2025","111.96","112.04","113.54","110.67","16.65M","0.64%"
"07/28/2025","111.25","111.72","112.00","109.86","12.93M","-0.01%"
"07/25/2025","111.26","110.99","111.50","108.83","16.37M","-0.42%"
"07/24/2025","111.73","111.06","112.73","110.25","20.29M","1.73%"
"07/23/2025","109.83","109.44","110.29","108.88","17.81M","0.56%"
"07/22/2025","109.22","112.86","113.00","108.13","27.92M","-3.54%"
"07/21/2025","113.23","113.58","115.92","112.67","22.19M","-1.01%"
"07/18/2025","114.39","114.24","114.80","113.28","19.35M","1.00%"
"07/17/2025","113.26","113.93","114.20","110.95","34.70M","-2.72%"
"07/16/2025","116.43","119.03","119.09","114.81","30.61M","-3.06%"
"07/15/2025","120.11","120.94","121.39","119.12","24.96M","1.26%"
"07/14/2025","118.61","120.38","120.44","117.02","32.12M","-4.75%"
"07/11/2025","124.53","122.13","124.81","121.24","15.82M","1.15%"
"07/10/2025","123.11","124.28","124.35","122.02","15.38M","0.71%"
"07/09/2025","122.24","124.82","126.15","121.28","20.46M","-1.75%"
"07/08/2025","124.42","122.44","125.45","121.95","26.24M","3.75%"
"07/07/2025","119.92","121.18","121.50","118.91","19.15M","-1.94%"
"07/03/2025","122.29","122.32","123.63","121.83","13.25M","0.45%"
"07/02/2025","121.74","120.50","123.00","118.06","29.30M","0.70%"
"07/01/2025","120.89","122.35","123.99","119.08","24.83M","-1.91%"
"06/30/2025","123.25","124.89","125.08","121.85","22.80M","-1.21%"
"06/27/2025","124.76","125.14","127.54","123.39","36.89M","-0.98%"
"06/26/2025","126.00","129.53","129.85","123.79","62.68M","-0.98%"
"06/25/2025","127.25","126.61","127.50","125.62","39.41M","-0.52%"
"06/24/2025","127.91","125.11","128.10","124.96","26.42M","4.78%"
"06/23/2025","122.08","123.67","124.51","119.81","23.40M","-1.23%"
"06/20/2025","123.60","122.77","124.16","120.38","29.29M","1.46%"
"06/18/2025","121.82","120.46","122.98","120.18","20.18M","1.23%"
"06/17/2025","120.34","119.60","123.51","119.35","20.84M","0.42%"
"06/16/2025","119.84","117.81","120.96","117.32","21.37M","3.67%"
"06/13/2025","115.60","113.80","117.10","113.66","17.45M","-0.50%"
"06/12/2025","116.18","114.11","116.48","113.52","17.08M","0.13%"
"06/11/2025","116.03","115.60","117.26","114.73","21.61M","1.66%"
"06/10/2025","114.14","111.53","114.92","111.23","22.95M","2.88%"
"06/09/2025","110.95","109.51","112.53","108.58","20.16M","2.20%"
"06/06/2025","108.56","108.08","111.05","108.04","20.71M","2.14%"
"06/05/2025","106.29","106.30","109.03","105.53","28.86M","2.94%"
"06/04/2025","103.25","102.38","103.91","101.70","14.60M","0.98%"
"06/03/2025","102.25","98.36","102.93","96.96","22.76M","4.15%"
"06/02/2025","98.18","94.58","99.24","94.40","16.85M","3.94%"
"05/30/2025","94.46","96.04","96.61","92.22","23.76M","-2.42%"
"05/29/2025","96.80","98.59","99.63","96.11","14.64M","0.64%"
"05/28/2025","96.18","96.70","97.21","95.60","10.50M","-0.21%"
"05/27/2025","96.38","95.18","96.70","94.19","17.61M","3.22%"
"05/23/2025","93.37","92.26","93.84","90.93","16.54M","-1.54%"
"05/22/2025","94.83","95.41","97.22","94.37","13.25M","-1.05%"
"05/21/2025","95.84","97.16","98.82","95.26","15.76M","-2.30%"
"05/20/2025","98.10","97.92","98.63","96.97","12.33M","-0.56%"
"05/19/2025","98.65","95.71","99.02","95.70","14.38M","0.66%"
"05/16/2025","98.00","95.90","98.19","95.70","22.61M","2.67%"
"05/15/2025","95.45","94.01","95.61","92.17","24.20M","0.14%"
"05/14/2025","95.32","96.30","97.65","94.32","28.04M","-1.66%"
"05/13/2025","96.93","92.54","97.41","92.54","28.01M","5.03%"
"05/12/2025","92.29","92.81","94.20","91.95","27.77M","7.49%"
"05/09/2025","85.86","85.57","86.27","84.68","13.02M","0.83%"
"05/08/2025","85.15","84.25","86.21","83.36","17.58M","3.06%"
"05/07/2025","82.62","80.99","82.87","80.20","14.92M","2.62%"
"05/06/2025","80.51","79.04","81.21","78.54","13.17M","0.11%"
"05/05/2025","80.42","79.41","81.15","79.05","12.51M","-0.37%"
"05/02/2025","80.72","79.58","81.67","79.10","18.90M","3.79%"
"05/01/2025","77.77","79.40","79.89","77.64","15.35M","1.07%"
"04/30/2025","76.95","73.62","77.14","73.50","19.78M","0.09%"
"04/29/2025","76.88","77.94","78.19","76.47","17.10M","-2.14%"
"04/28/2025","78.56","78.76","79.61","76.92","16.88M","-1.53%"
"04/25/2025","79.78","77.55","80.30","76.90","19.75M","3.05%"
"04/24/2025","77.42","74.57","77.59","73.60","23.88M","6.16%"
"04/23/2025","72.93","73.69","75.40","72.50","26.39M","3.87%"
"04/22/2025","70.21","67.54","70.40","67.44","20.35M","5.20%"
"04/21/2025","66.74","67.76","68.00","65.64","19.83M","-2.99%"
"04/17/2025","68.80","70.43","70.48","67.00","20.69M","-0.76%"
"04/16/2025","69.33","67.93","70.45","67.17","28.48M","-2.41%"
"04/15/2025","71.04","71.12","72.80","70.55","19.13M","0.03%"
"04/14/2025","71.02","74.67","74.78","69.97","32.63M","2.11%"
"04/11/2025","69.55","69.04","70.17","66.82","30.81M","-0.71%"
"04/10/2025","70.05","72.50","73.05","67.50","44.88M","-10.04%"
"04/09/2025","77.87","66.20","78.56","63.70","63.13M","18.81%"
"04/08/2025","65.54","71.60","72.97","63.52","40.82M","-4.14%"
"04/07/2025","68.37","63.94","72.46","61.54","50.18M","5.64%"
"04/04/2025","64.72","70.65","71.34","63.86","50.74M","-12.94%"
"04/03/2025","74.34","82.92","83.35","74.21","44.84M","-16.09%"
"04/02/2025","88.60","87.13","89.93","86.70","14.52M","-0.12%"
"04/01/2025","88.71","88.53","88.89","86.25","15.34M","2.09%"
"03/31/2025","86.89","86.00","87.09","84.10","21.09M","-1.75%"
"03/28/2025","88.44","90.47","90.89","87.60","17.12M","-2.98%"
"03/27/2025","91.16","91.09","92.21","89.61","15.66M","-1.05%"
"03/26/2025","92.13","96.00","96.64","90.97","27.22M","-2.18%"
"03/25/2025","94.18","96.18","96.38","93.25","22.19M","-2.85%"
"03/24/2025","96.94","96.10","98.42","95.33","35.41M","2.34%"
"03/21/2025","94.72","98.20","98.50","93.70","63.24M","-8.04%"
"03/20/2025","103.00","101.58","104.69","101.35","29.20M","0.92%"
"03/19/2025","102.06","100.82","103.60","100.49","16.63M","0.33%"
"03/18/2025","101.72","101.90","103.31","100.29","18.43M","-1.35%"
"03/17/2025","103.11","101.06","104.45","100.96","17.10M","2.30%"
"03/14/2025","100.79","98.75","102.78","98.75","24.62M","6.23%"
"03/13/2025","94.88","94.25","98.12","94.00","18.82M","-0.79%"
"03/12/2025","95.64","92.47","96.99","92.24","23.58M","7.40%"
"03/11/2025","89.05","87.90","91.10","86.07","21.96M","2.26%"
"03/10/2025","87.08","89.59","91.37","85.76","21.90M","-6.33%"
"03/07/2025","92.96","90.29","93.34","89.49","19.13M","4.13%"
"03/06/2025","89.27","90.93","93.29","89.03","18.71M","-5.37%"
"03/05/2025","94.34","92.15","95.05","90.43","14.01M","3.44%"
"03/04/2025","91.20","90.20","93.59","86.80","23.61M","0.73%"
"03/03/2025","90.54","95.81","96.20","89.39","20.28M","-3.30%"
"02/28/2025","93.63","91.00","94.46","89.87","23.36M","1.97%"
"02/27/2025","91.82","97.84","99.89","91.49","22.39M","-6.03%"
"02/26/2025","97.71","96.00","99.72","95.50","21.34M","4.82%"
"02/25/2025","93.22","95.50","95.93","92.75","18.61M","-2.30%"
"02/24/2025","95.41","100.21","100.70","95.28","14.88M","-3.47%"
"02/21/2025","98.84","103.64","103.66","97.75","18.65M","-4.21%"
"02/20/2025","103.18","103.98","104.85","102.34","14.49M","-1.13%"
"02/19/2025","104.36","105.75","107.19","103.62","17.88M","-2.28%"
"02/18/2025","106.79","102.64","107.88","102.04","29.64M","7.31%"
"02/14/2025","99.52","98.41","100.70","98.00","21.28M","4.04%"
"02/13/2025","95.66","92.06","96.07","92.02","16.58M","4.34%"
"02/12/2025","91.68","89.60","92.64","87.35","22.87M","-2.55%"
"02/11/2025","94.08","94.25","95.84","93.56","12.12M","-1.93%"
"02/10/2025","95.93","93.18","96.26","93.17","16.22M","3.93%"
"02/07/2025","92.30","95.59","95.93","91.59","15.60M","-2.37%"
"02/06/2025","94.54","94.88","96.61","93.58","16.14M","1.00%"
"02/05/2025","93.60","90.39","93.65","90.22","15.68M","3.24%"
"02/04/2025","90.66","89.05","91.45","88.80","12.83M","0.82%"
"02/03/2025","89.92","88.65","91.40","88.02","18.61M","-1.45%"
"01/31/2025","91.24","91.65","94.27","91.14","20.54M","-1.36%"
"01/30/2025","92.50","90.66","93.16","90.30","22.50M","3.92%"
"01/29/2025","89.01","89.88","90.45","87.76","25.34M","0.86%"
"01/28/2025","88.25","92.61","93.45","88.04","34.79M","-3.14%"
"01/27/2025","91.11","94.86","96.10","88.36","50.70M","-11.71%"
"01/24/2025","103.19","105.50","105.72","102.72","19.74M","-1.57%"
"01/23/2025","104.84","104.79","106.18","103.35","22.68M","-4.02%"
"01/22/2025","109.23","109.17","110.67","107.76","20.00M","-0.14%"
"01/21/2025","109.38","105.43","110.24","105.23","23.53M","3.43%"
"01/17/2025","105.75","104.64","105.88","102.50","18.91M","3.07%"
"01/16/2025","102.60","104.32","104.80","101.87","16.24M","-0.57%"
"01/15/2025","103.19","99.44","103.93","99.35","27.57M","5.99%"
"01/14/2025","97.36","97.05","97.41","95.38","18.61M","2.42%"
"01/13/2025","95.06","95.84","96.00","92.88","22.70M","-4.31%"
"01/10/2025","99.34","98.11","100.78","96.87","20.51M","-0.07%"
"01/08/2025","99.41","102.82","103.47","98.30","33.52M","-2.45%"
"01/07/2025","101.91","103.41","106.74","101.16","53.57M","2.67%"
"01/06/2025","99.26","95.57","101.52","95.48","42.90M","10.45%"
"01/03/2025","89.87","87.95","90.19","87.51","17.48M","2.91%"
"01/02/2025","87.33","84.98","87.65","84.74","18.86M","3.77%"
"12/31/2024","84.16","85.44","86.40","84.09","18.69M","-1.35%"
"12/30/2024","85.31","86.99","87.05","84.58","22.02M","-3.75%"
"12/27/2024","88.63","89.00","89.49","87.58","19.42M","-1.32%"
"12/26/2024","89.82","88.50","90.63","88.10","14.51M","0.60%"
"12/24/2024","89.28","89.58","89.70","88.23","13.02M","-0.49%"
"12/23/2024","89.72","90.00","91.10","88.40","26.04M","-0.44%"
"12/20/2024","90.12","85.41","90.25","83.54","49.58M","3.48%"
"12/19/2024","87.09","90.07","91.00","84.61","91.40M","-16.18%"
"12/18/2024","103.90","110.25","112.04","102.73","63.02M","-4.33%"
"12/17/2024","108.60","109.75","110.49","107.68","35.81M","0.31%"
"12/16/2024","108.26","105.61","111.13","104.54","42.74M","5.62%"
"12/13/2024","102.50","100.76","103.20","99.67","23.93M","4.34%"
"12/12/2024","98.24","101.40","101.98","97.76","19.33M","-3.74%"
"12/11/2024","102.06","99.50","102.66","98.30","15.25M","4.03%"
"12/10/2024","98.10","104.96","105.00","97.27","23.55M","-4.59%"
"12/09/2024","102.82","100.65","104.50","100.37","14.14M","1.63%"
"12/06/2024","101.17","100.88","102.19","100.03","12.38M","0.30%"
"12/05/2024","100.87","103.88","104.25","100.61","13.45M","-2.26%"
"12/04/2024","103.20","100.77","103.41","99.80","16.31M","3.37%"
"12/03/2024","99.84","101.12","103.68","99.63","23.48M","1.31%"
"12/02/2024","98.55","97.60","100.09","97.53","16.53M","0.61%"
"11/29/2024","97.95","97.24","98.20","96.10","13.73M","-0.25%"
"11/27/2024","98.20","100.94","101.04","96.64","17.05M","-3.54%"
"11/26/2024","101.80","104.00","104.72","100.31","19.28M","-2.57%"
"11/25/2024","104.48","103.85","106.40","103.81","22.84M","1.79%"
"11/22/2024","102.64","102.36","103.71","101.65","12.06M","-0.12%"
"11/21/2024","102.76","100.10","103.29","98.06","18.92M","4.46%"
"11/20/2024","98.37","97.97","98.53","96.53","10.49M","0.65%"
"11/19/2024","97.73","97.00","98.18","96.51","14.16M","0.23%"
"11/18/2024","97.51","96.54","98.07","95.53","14.25M","1.21%"
"11/15/2024","96.34","97.55","98.20","95.64","18.52M","-2.86%"
"11/14/2024","99.18","101.29","102.29","98.56","18.46M","-0.74%"
"11/13/2024","99.92","102.80","103.34","99.82","18.42M","-4.02%"
"11/12/2024","104.10","105.00","105.09","102.07","21.86M","-4.19%"
"11/11/2024","108.65","110.94","111.51","106.77","14.48M","-2.90%"
"11/08/2024","111.90","112.14","114.30","110.57","13.05M","-1.33%"
"11/07/2024","113.41","112.56","113.86","111.37","13.57M","1.41%"
"11/06/2024","111.83","108.38","112.32","107.00","20.30M","6.01%"
"11/05/2024","105.49","102.00","105.62","101.79","12.07M","3.70%"
"11/04/2024","101.73","101.50","103.79","101.00","15.77M","2.01%"
"11/01/2024","99.73","100.00","100.61","99.37","13.62M","0.08%"
"10/31/2024","99.65","102.20","102.49","99.07","19.83M","-4.26%"
"10/30/2024","104.08","106.26","106.80","103.64","14.32M","-3.79%"
"10/29/2024","108.18","106.58","108.75","105.60","15.16M","1.68%"
"10/28/2024","106.39","106.78","108.18","106.32","12.38M","-1.41%"
"10/25/2024","107.91","108.34","109.88","107.72","12.26M","0.99%"
"10/24/2024","106.85","106.78","107.53","105.54","13.21M","1.71%"
"10/23/2024","105.05","106.56","107.10","103.54","15.17M","-2.57%"
"10/22/2024","107.82","108.24","108.51","106.37","13.76M","-1.16%"
"10/21/2024","109.08","111.10","111.14","107.69","14.83M","-1.86%"
"10/18/2024","111.15","111.75","112.90","109.86","16.70M","-0.80%"
"10/17/2024","112.05","111.34","114.14","111.01","26.58M","2.57%"
"10/16/2024","109.24","106.02","109.63","105.61","20.45M","4.72%"
"10/15/2024","104.32","107.86","109.49","102.71","23.42M","-3.71%"
"10/14/2024","108.34","107.81","108.71","106.80","15.02M","1.33%"
"10/11/2024","106.92","105.04","107.65","104.99","19.13M","1.16%"
"10/10/2024","105.69","101.37","106.58","100.85","27.61M","3.92%"
"10/09/2024","101.70","102.25","102.29","100.32","18.44M","-0.82%"
"10/08/2024","102.54","102.18","102.94","101.26","18.86M","-0.36%"
"10/07/2024","102.91","102.16","104.59","100.81","21.75M","0.65%"
"10/04/2024","102.25","103.65","104.24","101.40","21.95M","0.42%"
"10/03/2024","101.82","99.47","102.53","99.40","22.18M","1.97%"
"10/02/2024","99.85","100.59","102.12","99.33","26.33M","-0.46%"
"10/01/2024","100.31","103.40","104.20","98.94","34.31M","-3.28%"
"09/30/2024","103.71","106.08","106.75","102.26","39.63M","-3.53%"
"09/27/2024","107.50","110.50","110.97","107.03","42.96M","-2.17%"
"09/26/2024","109.88","113.10","114.80","107.53","107.97M","14.73%"
"09/25/2024","95.77","94.16","96.18","93.93","54.76M","1.88%"
"09/24/2024","94.00","94.73","95.00","92.76","23.04M","0.46%"
"09/23/2024","93.57","92.68","94.80","92.58","23.39M","2.94%"
"09/20/2024","90.90","88.40","90.97","88.33","28.71M","1.85%"
"09/19/2024","89.25","89.35","90.39","87.58","25.21M","2.18%"
"09/18/2024","87.35","87.99","89.20","86.71","20.13M","-1.56%"
"09/17/2024","88.73","88.06","89.57","87.54","17.74M","1.78%"
"09/16/2024","87.18","87.24","88.24","85.92","26.49M","-4.43%"
"09/13/2024","91.22","88.09","91.47","87.87","21.27M","4.60%"
"09/12/2024","87.21","87.10","88.03","84.12","30.98M","-3.79%"
"09/11/2024","90.65","88.20","90.83","86.08","20.88M","4.38%"
"09/10/2024","86.85","86.97","87.19","84.87","17.02M","0.67%"
"09/09/2024","86.27","87.85","87.96","85.01","20.53M","-0.13%"
"09/06/2024","86.38","89.37","89.65","85.26","23.59M","-3.37%"
"09/05/2024","89.39","88.10","90.70","87.76","13.89M","0.11%"
"09/04/2024","89.29","88.36","90.73","87.81","16.36M","0.80%"
"09/03/2024","88.58","93.63","93.88","88.31","28.90M","-7.96%"
"08/30/2024","96.24","96.92","98.41","94.99","18.82M","0.70%"
"08/29/2024","95.57","96.56","97.98","94.99","18.98M","0.75%"
"08/28/2024","94.86","97.36","97.68","92.70","25.56M","-3.07%"
"08/27/2024","97.86","97.09","98.49","96.67","17.23M","-1.06%"
"08/26/2024","98.91","100.67","102.19","97.61","26.75M","-3.83%"
"08/23/2024","102.85","103.04","104.41","100.31","25.47M","-1.35%"
"08/22/2024","104.26","108.95","111.00","103.96","17.97M","-3.76%"
"08/21/2024","108.33","108.16","108.40","106.21","13.66M","0.31%"
"08/20/2024","107.99","108.33","109.19","106.16","16.08M","-0.59%"
"08/19/2024","108.63","107.25","108.72","104.76","15.74M","0.59%"
"08/16/2024","107.99","106.83","109.47","105.35","18.38M","0.97%"
"08/15/2024","106.95","103.51","108.05","102.75","29.13M","6.51%"
"08/14/2024","100.41","101.00","101.95","98.07","22.46M","3.05%"
"08/13/2024","97.44","96.61","97.78","94.91","23.57M","2.96%"
"08/12/2024","94.64","93.10","96.53","92.63","18.89M","1.68%"
"08/09/2024","93.08","91.79","94.53","91.45","21.63M","1.10%"
"08/08/2024","92.07","88.48","92.85","88.03","24.76M","6.07%"
"08/07/2024","86.80","93.38","93.58","86.58","29.48M","-2.47%"
"08/06/2024","89.00","89.20","90.86","87.15","26.46M","-1.57%"
"08/05/2024","90.42","87.63","92.25","84.91","36.98M","-2.46%"
"08/02/2024","92.70","97.16","97.69","91.07","36.04M","-8.68%"
"08/01/2024","101.51","107.18","107.86","99.95","31.64M","-7.57%"
"07/31/2024","109.82","109.85","111.34","107.75","26.50M","7.08%"
"07/30/2024","102.56","109.00","109.25","102.17","23.92M","-4.90%"
"07/29/2024","107.85","110.54","111.03","107.14","13.52M","-1.43%"
"07/26/2024","109.41","110.00","110.63","107.78","18.55M","1.82%"
"07/25/2024","107.45","106.80","110.70","105.04","29.07M","-2.57%"
"07/24/2024","110.28","111.47","114.04","110.00","25.26M","-3.47%"
"07/23/2024","114.25","115.13","116.33","113.83","14.71M","-0.89%"
"07/22/2024","115.28","115.36","115.58","113.64","23.84M","0.89%"
"07/19/2024","114.26","116.69","117.21","113.85","18.04M","-2.72%"
"07/18/2024","117.45","120.50","121.64","114.09","30.40M","-1.72%"
"07/17/2024","119.50","122.58","123.03","119.23","31.41M","-6.27%"
"07/16/2024","127.49","130.42","130.97","127.24","21.31M","-2.58%"
"07/15/2024","130.87","133.91","135.35","130.03","20.42M","-2.01%"
"07/12/2024","133.55","131.75","134.43","130.72","20.73M","2.55%"
"07/11/2024","130.23","136.36","136.43","130.07","25.40M","-4.52%"
"07/10/2024","136.39","133.10","136.50","132.70","22.46M","4.00%"
"07/09/2024","131.14","131.75","135.21","130.88","21.90M","0.34%"
"07/08/2024","130.69","131.29","133.27","130.09","20.50M","-0.69%"
"07/05/2024","131.60","136.82","137.13","130.91","30.10M","-3.82%"
"07/03/2024","136.82","132.66","136.82","132.43","14.51M","3.19%"
"07/02/2024","132.59","129.91","132.71","129.42","20.78M","0.81%"
"07/01/2024","131.52","130.50","132.08","127.27","24.75M","-0.01%"
"06/28/2024","131.53","132.82","135.42","130.75","38.14M","-0.53%"
"06/27/2024","132.23","135.79","137.39","131.08","68.17M","-7.12%"
"06/26/2024","142.36","143.04","144.07","139.54","55.49M","0.88%"
"06/25/2024","141.12","140.07","141.13","137.75","32.37M","1.52%"
"06/24/2024","139.01","142.44","142.83","137.89","32.41M","-0.38%"
"06/21/2024","139.54","137.65","142.60","135.70","51.19M","-3.22%"
"06/20/2024","144.19","157.01","157.41","142.91","41.28M","-6.03%"
"06/18/2024","153.45","151.74","157.54","151.51","42.19M","3.80%"
"06/17/2024","147.83","145.58","148.75","142.14","23.91M","4.58%"
"06/14/2024","141.36","141.80","142.49","139.65","14.03M","-1.24%"
"06/13/2024","143.14","142.79","144.22","140.26","16.31M","1.70%"
"06/12/2024","140.75","138.51","141.71","136.83","16.97M","4.21%"
"06/11/2024","135.07","135.32","135.85","131.78","14.12M","0.19%"
"06/10/2024","134.82","129.71","135.66","129.71","14.67M","2.96%"
"06/07/2024","130.94","130.21","132.54","129.62","12.14M","0.67%"
"06/06/2024","130.07","133.84","134.13","129.18","15.51M","-2.72%"
"06/05/2024","133.71","128.80","133.87","127.65","22.30M","5.58%"
"06/04/2024","126.64","127.35","127.86","125.42","13.00M","-1.19%"
"06/03/2024","128.17","128.13","128.84","125.14","16.13M","2.54%"
"05/31/2024","125.00","126.35","127.32","121.01","24.15M","-1.02%"
"05/30/2024","126.29","130.30","131.67","125.70","12.67M","-4.02%"
"05/29/2024","131.58","130.00","133.10","129.90","11.24M","-0.82%"
"05/28/2024","132.67","131.76","133.30","129.27","14.14M","2.46%"
"05/24/2024","129.49","127.82","130.40","126.60","14.05M","2.55%"
"05/23/2024","126.27","131.77","131.95","124.66","20.75M","-0.01%"
"05/22/2024","126.28","127.79","127.87","125.24","11.19M","-0.96%"
"05/21/2024","127.50","124.20","128.82","123.28","15.72M","-1.16%"
"05/20/2024","129.00","127.13","131.02","126.64","19.12M","2.96%"
"05/17/2024","125.29","128.36","129.03","124.86","13.77M","-2.03%"
"05/16/2024","127.89","127.93","130.13","127.05","15.87M","0.06%"
"05/15/2024","127.81","126.23","127.95","125.44","14.27M","2.40%"
"05/14/2024","124.81","122.99","125.04","121.67","13.89M","1.47%"
"05/13/2024","123.00","122.93","124.11","121.65","16.64M","1.45%"
"05/10/2024","121.24","120.04","121.85","119.18","13.92M","2.91%"
"05/09/2024","117.81","119.32","119.63","117.44","11.52M","-1.27%"
"05/08/2024","119.32","118.30","120.47","118.22","10.87M","0.09%"
"05/07/2024","119.21","120.15","121.41","119.18","12.51M","-0.77%"
"05/06/2024","120.13","119.78","121.37","118.02","22.54M","4.73%"
"05/03/2024","114.70","115.03","115.48","113.45","15.56M","2.11%"
"05/02/2024","112.33","111.74","112.41","109.43","15.44M","2.40%"
"05/01/2024","109.70","110.52","113.73","108.75","16.69M","-2.89%"
"04/30/2024","112.96","114.18","116.28","112.93","14.85M","-1.22%"
"04/29/2024","114.36","113.81","114.75","112.11","14.42M","-0.42%"
"04/26/2024","114.84","112.00","115.06","111.60","20.63M","2.92%"
"04/25/2024","111.58","109.37","113.06","108.07","18.34M","-0.18%"
"04/24/2024","111.78","112.72","113.95","109.23","20.51M","-0.60%"
"04/23/2024","112.46","109.71","112.89","108.91","17.89M","3.06%"
"04/22/2024","109.12","107.60","110.23","106.63","19.82M","2.20%"
"04/19/2024","106.77","109.66","110.88","105.72","33.79M","-4.61%"
"04/18/2024","111.93","116.00","117.61","111.48","32.15M","-3.78%"
"04/17/2024","116.33","122.02","124.42","116.20","25.55M","-4.47%"
"04/16/2024","121.77","119.53","122.55","118.36","17.45M","0.33%"
"04/15/2024","121.37","123.63","124.78","120.61","17.73M","-0.94%"
"04/12/2024","122.52","125.25","125.99","121.83","24.81M","-3.91%"
"04/11/2024","127.51","122.90","127.56","122.08","21.75M","4.35%"
"04/10/2024","122.20","120.00","124.48","119.93","22.24M","-0.35%"
"04/09/2024","122.63","124.89","126.14","121.27","19.24M","-0.26%"
"04/08/2024","122.95","129.05","129.70","122.61","27.96M","-0.51%"
"04/05/2024","123.58","124.40","125.69","121.20","23.33M","-0.41%"
"04/04/2024","124.09","130.18","130.54","123.65","36.01M","-3.06%"
"04/03/2024","128.01","122.20","128.28","121.33","40.13M","4.29%"
"04/02/2024","122.75","122.71","123.68","120.92","25.03M","-1.25%"
"04/01/2024","124.30","119.19","127.38","119.00","44.31M","5.44%"
"03/28/2024","117.89","119.44","119.63","117.35","21.05M","-1.14%"
"03/27/2024","119.25","119.30","120.11","117.08","29.32M","0.38%"
"03/26/2024","118.80","119.00","122.46","118.17","44.30M","1.43%"
"03/25/2024","117.13","110.24","121.41","110.16","55.77M","6.28%"
"03/22/2024","110.21","109.31","111.34","107.05","37.28M","0.33%"
"03/21/2024","109.85","113.36","113.50","108.78","89.55M","14.13%"
"03/20/2024","96.25","94.99","96.68","93.59","39.81M","2.39%"
"03/19/2024","94.00","92.58","94.16","91.00","21.05M","0.23%"
"03/18/2024","93.78","96.82","97.08","93.69","23.14M","0.57%"
"03/15/2024","93.25","92.48","94.70","92.02","29.58M","1.99%"
"03/14/2024","91.43","93.30","93.45","90.30","16.72M","-2.90%"
"03/13/2024","94.16","95.32","95.34","93.10","16.73M","-3.35%"
"03/12/2024","97.42","95.33","97.50","93.64","14.99M","3.08%"
"03/11/2024","94.51","95.90","96.46","93.53","15.67M","-3.19%"
"03/08/2024","97.62","99.88","101.85","97.32","22.38M","-1.37%"
"03/07/2024","98.98","98.93","99.69","97.47","24.84M","3.58%"
"03/06/2024","95.56","95.05","96.43","94.56","14.23M","1.15%"
"03/05/2024","94.47","94.25","95.36","93.28","12.89M","-1.36%"
"03/04/2024","95.77","96.93","97.38","94.62","20.91M","0.65%"
"03/01/2024","95.15","91.92","96.06","91.92","23.45M","5.01%"
"02/29/2024","90.61","90.64","90.83","88.82","17.03M","1.00%"
"02/28/2024","89.71","90.46","90.79","89.30","14.19M","-2.33%"
"02/27/2024","91.85","91.89","92.75","90.49","21.42M","2.67%"
"02/26/2024","89.46","89.68","92.35","88.90","28.92M","4.02%"
"02/23/2024","86.00","86.55","86.82","85.05","10.23M","0.10%"
"02/22/2024","85.91","85.00","86.31","83.88","17.51M","5.42%"
"02/21/2024","81.49","80.79","81.50","79.94","9.94M","0.97%"
"02/20/2024","80.71","79.33","80.77","79.15","12.63M","1.52%"
"02/16/2024","79.50","80.96","81.34","79.25","15.55M","-2.61%"
"02/15/2024","81.63","82.24","82.71","81.51","11.53M","-0.24%"
"02/14/2024","81.83","82.18","83.18","81.49","12.87M","0.37%"
"02/13/2024","81.53","82.47","83.55","80.76","21.21M","-4.87%"
"02/12/2024","85.70","85.53","86.90","85.39","10.37M","0.16%"
"02/09/2024","85.56","85.06","85.62","83.96","12.16M","0.80%"
"02/08/2024","84.88","85.51","86.03","84.53","12.52M","-0.34%"
"02/07/2024","85.17","84.14","85.28","82.47","16.37M","0.67%"
"02/06/2024","84.60","86.83","87.19","83.72","12.99M","-2.74%"
"02/05/2024","86.98","86.74","87.22","85.61","8.41M","0.58%"
"02/02/2024","86.48","85.07","86.61","84.94","10.45M","1.02%"
"02/01/2024","85.61","86.07","86.19","84.61","10.46M","-0.16%"
"01/31/2024","85.75","84.96","86.92","84.79","11.40M","-0.48%"
"01/30/2024","86.16","88.08","88.79","85.76","12.98M","-3.27%"
"01/29/2024","89.07","88.50","89.57","88.01","12.11M","1.16%"
"01/26/2024","88.05","87.24","88.50","86.29","14.93M","-1.29%"
"01/25/2024","89.20","89.15","90.04","88.50","15.89M","1.27%"
"01/24/2024","88.08","88.41","88.57","86.61","19.75M","0.63%"
"01/23/2024","87.53","89.00","89.18","86.88","16.85M","-1.92%"
"01/22/2024","89.24","88.27","89.95","88.01","14.37M","1.98%"
"01/19/2024","87.51","86.06","87.79","85.62","18.16M","3.17%"
"01/18/2024","84.82","85.22","85.82","84.04","15.08M","1.85%"
"01/17/2024","83.28","83.69","83.97","82.63","10.25M","-1.57%"
"01/16/2024","84.61","82.54","85.21","82.33","13.71M","2.69%"
"01/12/2024","82.39","82.75","83.04","81.71","10.19M","-1.20%"
"01/11/2024","83.39","82.80","83.45","81.82","10.58M","1.23%"
"01/10/2024","82.38","82.96","83.02","81.66","10.75M","-1.14%"
"01/09/2024","83.33","83.13","84.19","82.90","12.14M","-1.91%"
"01/08/2024","84.95","83.89","85.51","83.83","16.22M","1.80%"
"01/05/2024","83.45","81.48","83.53","81.01","15.48M","0.89%"
"01/04/2024","82.71","83.47","84.26","82.61","19.13M","0.55%"
"01/03/2024","82.26","81.20","82.59","80.58","12.92M","-0.10%"
"01/02/2024","82.34","84.00","84.08","81.75","13.60M","-3.52%"
"12/29/2023","85.34","85.84","86.14","85.03","8.55M","-0.77%"
"12/28/2023","86.00","86.75","86.75","85.84","9.61M","-0.76%"
"12/27/2023","86.66","87.48","87.49","86.22","9.19M","-0.46%"
"12/26/2023","87.06","86.69","87.87","86.43","11.20M","0.66%"
"12/22/2023","86.49","86.15","87.49","85.62","22.53M","1.18%"
"12/21/2023","85.48","85.00","86.02","83.11","53.97M","8.63%"
"12/20/2023","78.69","81.46","81.62","78.63","29.08M","-4.24%"
"12/19/2023","82.17","81.67","82.27","81.17","14.32M","0.75%"
"12/18/2023","81.56","81.59","81.86","80.81","12.42M","0.18%"
"12/15/2023","81.41","82.89","82.99","81.11","19.55M","-0.95%"
"12/14/2023","82.19","80.81","82.40","80.79","17.34M","3.01%"
"12/13/2023","79.79","78.30","80.26","78.03","11.63M","2.09%"
"12/12/2023","78.16","77.42","78.26","77.10","10.26M","0.48%"
"12/11/2023","77.79","77.19","78.51","76.96","18.55M","3.78%"
"12/08/2023","74.96","73.48","75.35","73.43","12.01M","1.78%"
"12/07/2023","73.65","74.02","74.21","72.99","10.64M","0.71%"
"12/06/2023","73.13","75.30","75.40","72.93","8.88M","-0.76%"
"12/05/2023","73.69","73.47","73.97","73.04","8.80M","-0.81%"
"12/04/2023","74.29","75.42","75.60","73.33","11.66M","-2.16%"
"12/01/2023","75.93","76.01","76.54","75.09","14.35M","-0.25%"
"11/30/2023","76.12","76.82","77.00","74.97","21.70M","-0.74%"
"11/29/2023","76.69","77.45","79.02","76.38","14.06M","0.75%"
"11/28/2023","76.12","75.08","76.24","73.99","19.23M","-1.79%"
"11/27/2023","77.51","76.87","78.29","76.66","11.01M","0.83%"
"11/24/2023","76.87","76.68","77.01","76.37","4.35M","-0.30%"
"11/22/2023","77.10","77.20","78.45","76.85","8.58M","0.51%"
"11/21/2023","76.71","77.85","77.93","76.31","12.02M","-2.43%"
"11/20/2023","78.62","77.34","78.90","77.13","11.43M","1.37%"
"11/17/2023","77.56","76.60","77.94","76.47","9.38M","1.16%"
"11/16/2023","76.67","76.89","77.48","76.48","12.99M","-0.61%"
"11/15/2023","77.14","77.50","77.50","76.31","9.95M","-0.04%"
"11/14/2023","77.17","76.00","77.45","75.91","12.97M","3.20%"
"11/13/2023","74.78","74.15","75.20","73.39","9.12M","-0.77%"
"11/10/2023","75.36","74.44","75.81","73.57","12.31M","2.43%"
"11/09/2023","73.57","73.55","76.10","73.50","22.44M","1.78%"
"11/08/2023","72.28","72.62","72.78","71.71","9.92M","-0.71%"
"11/07/2023","72.80","72.48","73.13","71.71","8.25M","-0.16%"
"11/06/2023","72.92","72.58","72.99","72.02","10.07M","0.47%"
"11/03/2023","72.58","71.30","73.19","71.15","14.46M","3.04%"
"11/02/2023","70.44","70.32","71.03","69.75","11.93M","1.50%"
"11/01/2023","69.40","67.00","69.66","67.00","16.78M","3.78%"
"10/31/2023","66.87","66.08","67.07","65.26","8.27M","1.21%"
"10/30/2023","66.07","66.36","67.55","65.17","10.67M","0.64%"
"10/27/2023","65.65","64.92","66.27","64.88","9.98M","1.74%"
"10/26/2023","64.53","66.45","67.44","63.88","16.70M","-2.96%"
"10/25/2023","66.50","68.49","69.20","65.90","11.92M","-2.31%"
"10/24/2023","68.07","67.29","68.35","67.13","8.45M","1.78%"
"10/23/2023","66.88","66.82","68.16","66.23","9.49M","-0.51%"
"10/20/2023","67.22","67.56","68.52","67.14","11.51M","-0.46%"
"10/19/2023","67.53","69.68","69.78","67.18","18.11M","-2.33%"
"10/18/2023","69.14","68.01","69.55","67.98","11.20M","0.20%"
"10/17/2023","69.00","68.07","69.63","67.62","11.84M","-0.12%"
"10/16/2023","69.08","69.01","70.03","68.14","11.29M","-0.19%"
"10/13/2023","69.21","69.87","70.06","69.09","10.29M","-0.77%"
"10/12/2023","69.75","70.39","70.72","69.29","11.41M","-0.66%"
"10/11/2023","70.21","69.72","70.27","68.93","11.17M","1.65%"
"10/10/2023","69.07","69.49","70.11","68.89","9.01M","-0.59%"
"10/09/2023","69.48","69.61","69.95","68.57","8.59M","-0.69%"
"10/06/2023","69.96","68.71","70.32","68.00","15.11M","1.32%"
"10/05/2023","69.05","68.61","69.54","68.34","14.05M","1.38%"
"10/04/2023","68.11","68.31","68.50","67.12","12.91M","0.41%"
"10/03/2023","67.83","67.17","69.65","67.11","12.48M","-0.19%"
"10/02/2023","67.96","68.24","69.28","67.06","14.88M","-0.10%"
"09/29/2023","68.03","66.36","68.73","66.36","24.32M","4.34%"
"09/28/2023","65.20","65.97","67.09","63.83","46.75M","-4.41%"
"09/27/2023","68.21","68.12","68.85","66.75","20.85M","0.40%"
"09/26/2023","67.94","67.97","69.04","67.59","12.75M","-0.93%"
"09/25/2023","68.58","68.29","69.18","67.61","14.90M","-0.44%"
"09/22/2023","68.88","68.59","69.75","67.79","15.49M","1.44%"
"09/21/2023","67.90","69.00","69.29","67.83","14.98M","-2.55%"
"09/20/2023","69.68","70.95","72.31","69.65","15.53M","-1.46%"
"09/19/2023","70.71","70.62","71.06","69.97","10.40M","0.30%"
"09/18/2023","70.50","70.65","71.05","69.91","12.74M","0.89%"
"09/15/2023","69.88","71.29","71.63","69.64","16.42M","-2.66%"
"09/14/2023","71.79","71.67","72.23","71.28","11.17M","1.33%"
"09/13/2023","70.85","71.05","71.86","70.36","14.53M","0.77%"
"09/12/2023","70.31","69.96","71.69","69.79","11.06M","0.40%"
"09/11/2023","70.03","70.83","70.86","69.31","9.31M","-0.21%"
"09/08/2023","70.18","69.76","70.61","69.61","9.81M","0.44%"
"09/07/2023","69.87","69.45","70.29","69.10","12.04M","-0.77%"
"09/06/2023","70.41","70.13","70.66","69.64","9.19M","0.17%"
"09/05/2023","70.29","69.91","71.16","69.53","11.14M","-0.14%"
"09/01/2023","70.39","70.21","70.62","69.55","10.77M","0.64%"
"08/31/2023","69.94","67.97","70.54","67.97","18.42M","2.72%"
"08/30/2023","68.09","67.19","68.70","66.52","16.89M","2.11%"
"08/29/2023","66.68","64.90","67.03","64.87","9.95M","2.10%"
"08/28/2023","65.31","65.72","66.11","64.66","9.90M","2.50%"
"08/25/2023","63.72","63.46","64.39","62.63","9.41M","0.05%"
"08/24/2023","63.69","66.14","66.24","63.37","12.66M","-2.30%"
"08/23/2023","65.19","63.57","65.62","63.17","10.75M","2.81%"
"08/22/2023","63.41","64.30","65.08","63.28","8.88M","-0.86%"
"08/21/2023","63.96","63.68","64.19","62.86","11.31M","0.58%"
"08/18/2023","63.59","62.31","63.85","61.75","9.58M","0.05%"
"08/17/2023","63.56","64.49","64.71","63.40","9.93M","-1.03%"
"08/16/2023","64.22","65.00","65.23","64.09","9.90M","-1.70%"
"08/15/2023","65.33","67.59","67.63","65.32","13.81M","-4.32%"
"08/14/2023","68.28","64.37","68.48","64.20","21.95M","6.07%"
"08/11/2023","64.37","64.90","65.31","64.07","11.82M","-1.64%"
"08/10/2023","65.44","67.06","67.46","64.93","12.78M","-1.89%"
"08/09/2023","66.70","67.78","67.97","66.62","10.04M","-1.40%"
"08/08/2023","67.65","68.70","68.76","66.96","14.77M","-2.49%"
"08/07/2023","69.38","69.85","70.23","68.83","10.54M","-0.76%"
"08/04/2023","69.91","69.50","70.93","69.13","11.26M","1.06%"
"08/03/2023","69.18","67.57","69.39","67.16","11.08M","1.48%"
"08/02/2023","68.17","69.75","69.85","67.34","14.01M","-3.66%"
"08/01/2023","70.76","71.00","71.08","69.89","13.15M","-0.88%"
"07/31/2023","71.39","71.12","71.77","70.87","11.19M","0.27%"
"07/28/2023","71.20","71.58","72.13","70.65","11.94M","0.18%"
"07/27/2023","71.07","70.48","72.34","69.96","25.07M","5.48%"
"07/26/2023","67.38","65.00","67.88","65.00","14.92M","2.59%"
"07/25/2023","65.68","65.40","66.00","65.08","8.61M","0.31%"
"07/24/2023","65.48","65.36","66.64","65.22","10.28M","-0.26%"
"07/21/2023","65.65","65.29","66.16","64.34","24.54M","1.48%"
"07/20/2023","64.69","64.40","65.54","64.25","12.75M","-0.42%"
"07/19/2023","64.96","65.63","65.76","64.80","9.46M","0.03%"
"07/18/2023","64.94","64.37","65.12","63.75","10.40M","-0.34%"
"07/17/2023","65.16","63.80","65.67","63.34","11.33M","1.69%"
"07/14/2023","64.08","64.30","65.54","63.68","13.86M","-0.70%"
"07/13/2023","64.53","64.18","64.64","63.55","11.38M","1.16%"
"07/12/2023","63.79","64.47","64.70","63.13","13.95M","0.30%"
"07/11/2023","63.60","62.60","63.67","62.31","13.46M","1.79%"
"07/10/2023","62.48","60.83","62.83","60.58","16.95M","3.02%"
"07/07/2023","60.65","61.43","61.49","60.63","15.03M","-0.95%"
"07/06/2023","61.23","60.99","61.79","60.50","15.62M","-1.34%"
"07/05/2023","62.06","63.50","63.75","62.02","16.55M","-2.88%"
"07/03/2023","63.90","63.44","64.32","63.26","12.92M","1.25%"
"06/30/2023","63.11","64.50","65.10","62.90","31.55M","-1.90%"
"06/29/2023","64.33","67.84","67.95","63.55","51.14M","-4.09%"
"06/28/2023","67.07","65.65","67.73","65.39","27.10M","0.42%"
"06/27/2023","66.79","65.27","66.84","63.79","18.31M","2.05%"
"06/26/2023","65.45","65.63","66.70","65.41","13.82M","0.26%"
"06/23/2023","65.28","65.45","65.96","64.84","12.66M","-1.46%"
"06/22/2023","66.25","65.53","66.66","65.51","8.65M","0.68%"
"06/21/2023","65.80","66.75","67.20","65.34","10.43M","-1.64%"
"06/20/2023","66.90","67.32","67.62","65.77","13.27M","-1.12%"
"06/16/2023","67.66","70.15","70.50","66.06","32.26M","-1.69%"
"06/15/2023","68.82","68.59","69.52","68.36","11.84M","-0.43%"
"06/14/2023","69.12","67.54","69.21","67.52","11.09M","1.84%"
"06/13/2023","67.87","68.56","68.88","67.60","11.91M","0.62%"
"06/12/2023","67.45","65.84","67.54","65.79","14.74M","3.09%"
"06/09/2023","65.43","65.93","66.40","64.46","14.65M","0.17%"
"06/08/2023","65.32","66.50","66.52","64.01","25.86M","-2.59%"
"06/07/2023","67.06","68.41","68.67","66.94","14.61M","-0.71%"
"06/06/2023","67.54","67.03","68.84","66.82","12.48M","-0.34%"
"06/05/2023","67.77","69.50","69.50","67.51","12.44M","-2.02%"
"06/02/2023","69.17","69.99","70.54","68.29","13.47M","0.12%"
"06/01/2023","69.09","68.94","69.79","68.10","18.15M","1.30%"
"05/31/2023","68.20","68.89","69.85","67.92","30.40M","-4.87%"
"05/30/2023","71.69","74.39","74.77","71.58","24.45M","-3.03%"
"05/26/2023","73.93","69.88","74.59","69.80","33.41M","6.21%"
"05/25/2023","69.61","69.75","69.88","67.51","29.02M","4.63%"
"05/24/2023","66.53","64.95","66.73","64.88","15.81M","0.79%"
"05/23/2023","66.01","65.85","67.56","65.71","15.90M","-0.33%"
"05/22/2023","66.23","65.75","66.75","64.76","37.49M","-2.85%"
"05/19/2023","68.17","67.57","68.39","66.43","16.81M","0.89%"
"05/18/2023","67.57","65.98","68.59","65.08","30.69M","4.08%"
"05/17/2023","64.92","64.58","65.32","63.44","15.95M","1.87%"
"05/16/2023","63.73","64.55","65.22","63.30","15.27M","-1.41%"
"05/15/2023","64.64","62.23","64.87","61.80","22.23M","6.11%"
"05/12/2023","60.92","61.99","62.19","60.15","12.13M","-1.12%"
"05/11/2023","61.61","60.59","61.81","60.06","15.54M","2.70%"
"05/10/2023","59.99","61.92","62.31","59.79","14.55M","-1.54%"
"05/09/2023","60.93","59.88","61.39","59.55","11.90M","0.10%"
"05/08/2023","60.87","61.25","61.35","60.31","11.51M","-0.59%"
"05/05/2023","61.23","60.61","61.74","60.10","12.31M","1.19%"
"05/04/2023","60.51","60.55","60.96","59.90","13.36M","-0.66%"
"05/03/2023","60.91","61.49","62.18","60.81","10.82M","-1.60%"
"05/02/2023","61.90","62.23","62.58","61.24","12.24M","-0.72%"
"05/01/2023","62.35","63.89","64.10","62.31","12.82M","-3.12%"
"04/28/2023","64.36","62.43","64.43","62.30","18.09M","3.97%"
"04/27/2023","61.90","60.75","61.96","60.13","13.52M","1.44%"
"04/26/2023","61.02","59.58","61.18","59.34","25.39M","4.95%"
"04/25/2023","58.14","59.13","59.34","58.03","15.99M","-2.30%"
"04/24/2023","59.51","60.10","60.88","59.35","13.40M","-2.65%"
"04/21/2023","61.13","61.15","61.44","60.73","9.61M","-0.54%"
"04/20/2023","61.46","59.88","61.95","59.87","14.38M","1.34%"
"04/19/2023","60.65","60.98","61.21","60.38","11.65M","-2.07%"
"04/18/2023","61.93","63.33","63.45","61.48","12.18M","-0.98%"
"04/17/2023","62.54","62.22","62.77","61.97","11.55M","-0.14%"
"04/14/2023","62.63","63.18","63.22","61.76","14.95M","-0.59%"
"04/13/2023","63.00","61.51","63.37","60.79","23.29M","1.68%"
"04/12/2023","61.96","64.36","64.36","61.84","16.69M","-2.53%"
"04/11/2023","63.57","63.64","64.29","63.04","23.09M","0.47%"
"04/10/2023","63.27","61.18","63.77","61.00","43.28M","8.04%"
"04/06/2023","58.56","56.95","59.15","56.80","21.50M","2.70%"
"04/05/2023","57.02","56.82","57.11","56.01","19.46M","-0.44%"
"04/04/2023","57.27","59.67","60.10","56.95","21.30M","-3.93%"
"04/03/2023","59.61","59.81","59.81","57.87","23.61M","-1.21%"
"03/31/2023","60.34","60.35","61.66","59.90","35.42M","-4.36%"
"03/30/2023","63.09","64.03","64.10","62.48","23.04M","-0.71%"
"03/29/2023","63.54","60.91","64.42","60.87","51.94M","7.19%"
"03/28/2023","59.28","59.80","59.87","57.81","20.50M","-0.85%"
"03/27/2023","59.79","61.19","61.42","59.17","15.90M","-2.24%"
"03/24/2023","61.16","60.51","61.40","60.50","18.74M","-0.29%"
"03/23/2023","61.34","59.18","61.78","59.13","23.90M","5.45%"
"03/22/2023","58.17","58.40","60.41","58.09","16.95M","-0.78%"
"03/21/2023","58.63","58.38","59.52","57.60","14.61M","1.72%"
"03/20/2023","57.64","56.70","57.87","56.08","10.61M","1.73%"
"03/17/2023","56.66","56.80","57.72","56.22","26.66M","0.16%"
"03/16/2023","56.57","53.69","56.71","53.61","14.79M","4.51%"
"03/15/2023","54.13","53.33","54.27","52.88","14.64M","-0.26%"
"03/14/2023","54.27","54.97","55.42","53.70","14.66M","0.69%"
"03/13/2023","53.90","53.97","54.55","52.76","17.37M","-1.88%"
"03/10/2023","54.93","55.66","56.51","54.53","14.18M","-1.21%"
"03/09/2023","55.60","56.64","57.56","55.54","10.20M","-2.27%"
"03/08/2023","56.89","55.84","56.92","55.35","11.52M","2.39%"
"03/07/2023","55.56","56.50","56.73","55.31","13.28M","-2.23%"
"03/06/2023","56.83","57.28","58.65","56.54","14.47M","0.09%"
"03/03/2023","56.78","56.46","56.87","55.44","13.77M","0.62%"
"03/02/2023","56.43","55.50","56.69","54.72","16.63M","-1.59%"
"03/01/2023","57.34","57.86","58.55","57.22","9.14M","-0.83%"
"02/28/2023","57.82","57.64","58.74","57.40","10.49M","-0.14%"
"02/27/2023","57.90","59.17","59.56","57.83","8.51M","-0.48%"
"02/24/2023","58.18","57.70","58.37","57.35","9.87M","-0.97%"
"02/23/2023","58.75","59.14","59.75","57.44","16.09M","3.11%"
"02/22/2023","56.98","57.73","58.57","56.83","12.26M","-1.08%"
"02/21/2023","57.60","58.34","59.71","57.49","12.67M","-2.39%"
"02/17/2023","59.01","59.84","60.18","58.51","10.87M","-1.73%"
"02/16/2023","60.05","60.78","61.35","59.85","12.68M","-2.89%"
"02/15/2023","61.84","61.33","61.94","60.46","10.46M","-0.37%"
"02/14/2023","62.07","59.52","62.31","59.03","12.50M","3.24%"
"02/13/2023","60.12","59.82","60.28","58.84","11.47M","0.50%"
"02/10/2023","59.82","60.50","60.76","59.25","11.43M","-0.60%"
"02/09/2023","60.18","61.20","61.82","59.69","10.09M","-0.12%"
"02/08/2023","60.25","61.44","62.33","60.23","9.51M","-3.03%"
"02/07/2023","62.13","60.09","62.38","59.70","12.71M","3.58%"
"02/06/2023","59.98","60.94","61.18","59.74","11.48M","-3.89%"
"02/03/2023","62.41","62.00","63.79","61.90","12.19M","-1.20%"
"02/02/2023","63.17","63.56","63.92","61.86","15.88M","0.91%"
"02/01/2023","62.60","60.62","63.23","60.38","20.90M","3.81%"
"01/31/2023","60.30","59.10","60.34","58.65","23.86M","-2.28%"
"01/30/2023","61.71","62.76","63.28","61.69","16.17M","-3.38%"
"01/27/2023","63.87","62.14","64.34","61.96","15.90M","1.70%"
"01/26/2023","62.80","62.58","63.05","61.29","12.22M","2.05%"
"01/25/2023","61.54","60.67","61.67","60.42","10.79M","0.46%"
"01/24/2023","61.26","61.20","61.72","60.87","10.18M","-0.91%"
"01/23/2023","61.82","58.92","61.91","58.86","20.18M","5.75%"
"01/20/2023","58.46","57.47","58.57","56.76","13.83M","3.73%"
"01/19/2023","56.36","55.71","57.08","55.28","12.03M","-0.27%"
"01/18/2023","56.51","57.51","58.05","56.36","10.04M","-0.60%"
"01/17/2023","56.85","57.16","58.60","56.55","10.96M","-0.14%"
"01/13/2023","56.93","56.73","56.97","56.12","12.52M","-0.59%"
"01/12/2023","57.27","58.11","58.24","56.43","14.89M","-1.36%"
"01/11/2023","58.06","57.35","58.47","56.92","12.14M","1.49%"
"01/10/2023","57.21","56.16","57.28","55.86","10.57M","1.51%"
"01/09/2023","56.36","56.82","57.51","55.65","15.72M","-0.72%"
"01/06/2023","56.77","55.43","57.29","54.03","21.07M","3.77%"
"01/05/2023","54.71","53.89","55.39","53.89","18.03M","0.94%"
"01/04/2023","54.20","53.05","54.52","52.73","25.08M","7.60%"
"01/03/2023","50.37","50.56","50.96","49.55","12.42M","0.78%"
"12/30/2022","49.98","49.44","50.02","49.13","11.99M","-1.32%"
"12/29/2022","50.65","49.40","50.92","49.34","13.20M","3.11%"
"12/28/2022","49.12","49.84","51.08","48.83","12.52M","-1.80%"
"12/27/2022","50.02","49.61","50.31","48.52","15.16M","-0.36%"
"12/23/2022","50.20","49.00","50.55","48.99","17.43M","1.56%"
"12/22/2022","49.43","49.50","49.97","48.43","40.96M","-3.44%"
"12/21/2022","51.19","50.92","51.74","50.74","20.40M","1.01%"
"12/20/2022","50.68","51.34","51.97","50.45","16.94M","-2.01%"
"12/19/2022","51.72","52.17","52.29","51.10","16.47M","-0.67%"
"12/16/2022","52.07","51.74","52.54","51.62","22.95M","0.06%"
"12/15/2022","52.04","53.56","53.72","51.85","17.79M","-4.67%"
"12/14/2022","54.59","55.24","56.10","54.06","11.24M","-1.18%"
"12/13/2022","55.24","57.19","57.89","54.65","14.21M","-0.20%"
"12/12/2022","55.35","53.52","55.38","53.33","13.25M","0.87%"
"12/09/2022","54.87","54.68","55.85","54.52","9.93M","-0.60%"
"12/08/2022","55.20","54.56","55.69","54.05","13.61M","2.56%"
"12/07/2022","53.82","53.12","54.24","52.44","11.37M","0.26%"
"12/06/2022","53.68","53.86","54.63","53.24","17.99M","-0.67%"
"12/05/2022","54.04","54.37","55.27","53.69","13.81M","-1.17%"
"12/02/2022","54.68","54.34","55.42","53.38","15.95M","-1.46%"
"12/01/2022","55.49","57.83","57.92","55.10","21.76M","-3.75%"
"11/30/2022","57.65","53.58","57.68","52.61","31.46M","4.59%"
"11/29/2022","55.12","55.71","56.51","54.77","12.87M","-1.13%"
"11/28/2022","55.75","57.32","57.76","55.47","15.52M","-4.55%"
"11/25/2022","58.41","58.67","59.13","58.39","4.36M","-0.88%"
"11/23/2022","58.93","58.24","59.06","57.75","9.00M","0.53%"
"11/22/2022","58.62","57.55","58.68","56.98","8.96M","2.55%"
"11/21/2022","57.16","58.02","58.02","56.82","9.97M","-2.42%"
"11/18/2022","58.58","59.56","59.66","58.10","9.70M","-0.27%"
"11/17/2022","58.74","57.30","58.99","56.51","14.22M","-0.22%"
"11/16/2022","58.87","60.53","61.38","58.12","25.90M","-6.70%"
"11/15/2022","63.10","63.49","64.44","62.42","16.32M","2.14%"
"11/14/2022","61.78","61.94","62.75","60.99","13.99M","-1.18%"
"11/11/2022","62.52","60.65","63.18","59.88","17.58M","3.73%"
"11/10/2022","60.27","58.60","60.38","58.06","24.98M","7.68%"
"11/09/2022","55.97","56.22","56.65","55.51","19.95M","-2.64%"
"11/08/2022","57.49","57.38","57.87","56.48","14.19M","1.64%"
"11/07/2022","56.56","56.43","56.82","55.46","11.41M","0.71%"
"11/04/2022","56.16","55.26","56.91","54.81","18.88M","5.01%"
"11/03/2022","53.48","52.71","54.37","51.91","12.77M","0.06%"
"11/02/2022","53.45","54.74","56.27","53.42","17.31M","-2.57%"
"11/01/2022","54.86","55.09","55.44","54.11","11.73M","1.40%"
"10/31/2022","54.10","53.91","54.93","53.17","15.93M","0.11%"
"10/28/2022","54.04","51.83","54.44","51.46","19.17M","3.51%"
"10/27/2022","52.21","55.37","56.23","52.12","27.34M","-5.84%"
"10/26/2022","55.45","56.08","57.44","54.96","23.53M","-0.75%"
"10/25/2022","55.87","56.68","57.03","55.34","17.31M","-0.66%"
"10/24/2022","56.24","56.23","56.81","55.07","15.29M","0.34%"
"10/21/2022","56.05","53.49","56.28","53.33","20.20M","4.38%"
"10/20/2022","53.70","53.50","55.10","53.17","15.71M","1.26%"
"10/19/2022","53.03","52.09","53.43","52.06","14.79M","0.91%"
"10/18/2022","52.55","55.01","55.14","51.66","19.77M","-1.78%"
"10/17/2022","53.50","54.60","54.99","52.85","18.26M","1.48%"
"10/14/2022","52.72","55.24","55.44","52.60","20.41M","-3.90%"
"10/13/2022","54.86","51.35","55.92","50.74","27.61M","4.00%"
"10/12/2022","52.75","53.60","53.77","52.39","18.13M","-1.79%"
"10/11/2022","53.71","50.64","54.78","50.33","32.81M","4.53%"
"10/10/2022","51.38","53.07","53.13","50.76","17.23M","-2.89%"
"10/07/2022","52.91","53.56","54.65","52.51","21.98M","-3.13%"
"10/06/2022","54.62","54.40","55.11","53.30","17.15M","-0.20%"
"10/05/2022","54.73","52.88","55.20","52.17","20.42M","1.43%"
"10/04/2022","53.96","53.56","54.81","52.66","24.28M","4.33%"
"10/03/2022","51.72","51.01","53.08","50.64","24.63M","3.23%"
"09/30/2022","50.10","50.54","52.06","49.81","38.92M","0.18%"
"09/29/2022","50.01","50.04","50.30","49.22","25.58M","-1.94%"
"09/28/2022","51.00","50.11","51.19","50.10","17.78M","0.83%"
"09/27/2022","50.58","49.82","50.65","49.40","17.30M","3.48%"
"09/26/2022","48.88","49.92","50.46","48.81","19.27M","-2.44%"
"09/23/2022","50.10","49.28","50.15","48.45","24.59M","0.89%"
"09/22/2022","49.66","49.80","50.37","49.35","21.32M","-0.88%"
"09/21/2022","50.10","49.74","52.51","49.72","31.12M","-1.38%"
"09/20/2022","50.80","51.53","51.59","50.59","19.37M","-2.50%"
"09/19/2022","52.10","51.97","52.77","51.88","19.25M","-1.42%"
"09/16/2022","52.85","51.89","53.01","51.49","24.90M","0.30%"
"09/15/2022","52.69","52.70","53.45","51.98","15.62M","-0.79%"
"09/14/2022","53.11","53.89","54.23","52.46","19.98M","-0.95%"
"09/13/2022","53.62","55.70","56.24","53.14","22.36M","-7.46%"
"09/12/2022","57.94","57.46","58.14","57.03","10.71M","0.87%"
"09/09/2022","57.44","56.17","57.68","56.17","13.93M","3.70%"
"09/08/2022","55.39","54.49","55.92","53.74","18.42M","0.71%"
"09/07/2022","55.00","55.31","55.72","54.01","17.03M","-0.42%"
"09/06/2022","55.23","56.33","56.69","55.13","12.13M","-1.95%"
"09/02/2022","56.33","58.30","58.80","56.00","12.81M","-1.71%"
"09/01/2022","57.31","55.26","57.40","54.79","17.59M","1.38%"
"08/31/2022","56.53","55.99","57.15","55.81","14.17M","0.41%"
"08/30/2022","56.30","57.48","57.80","55.58","12.74M","-1.25%"
"08/29/2022","57.01","57.31","58.00","56.52","11.61M","-1.08%"
"08/26/2022","57.63","61.07","61.22","57.61","15.75M","-5.83%"
"08/25/2022","61.20","58.60","61.27","58.58","12.17M","4.96%"
"08/24/2022","58.31","57.88","58.56","57.36","9.96M","0.78%"
"08/23/2022","57.86","58.35","59.29","57.76","12.77M","-0.77%"
"08/22/2022","58.31","59.56","59.61","57.97","13.10M","-3.64%"
"08/19/2022","60.51","61.83","62.25","60.28","14.05M","-3.92%"
"08/18/2022","62.98","61.75","63.42","61.25","11.30M","2.21%"
"08/17/2022","61.62","62.81","62.81","60.76","14.73M","-3.51%"
"08/16/2022","63.86","64.12","64.56","63.22","9.28M","-1.30%"
"08/15/2022","64.70","64.70","65.12","63.89","9.69M","-0.52%"
"08/12/2022","65.04","62.66","65.42","62.23","16.19M","4.36%"
"08/11/2022","62.32","62.00","64.10","62.00","18.30M","1.50%"
"08/10/2022","61.40","60.00","61.56","59.39","17.42M","3.80%"
"08/09/2022","59.15","58.99","60.54","57.74","33.11M","-3.74%"
"08/08/2022","61.45","61.99","62.62","60.98","11.46M","-1.62%"
"08/05/2022","62.46","62.86","63.22","61.79","15.05M","-3.69%"
"08/04/2022","64.85","64.12","64.99","63.65","11.34M","0.93%"
"08/03/2022","64.25","62.50","64.53","62.44","12.29M","2.85%"
"08/02/2022","62.47","61.75","63.30","60.88","11.54M","-0.11%"
"08/01/2022","62.54","62.50","63.99","62.00","13.35M","1.10%"
"07/29/2022","61.86","61.35","62.09","60.77","14.20M","-0.34%"
"07/28/2022","62.07","62.25","62.30","60.19","10.12M","0.29%"
"07/27/2022","61.89","60.49","62.39","59.61","14.59M","3.74%"
"07/26/2022","59.66","60.31","60.69","59.55","11.04M","-0.81%"
"07/25/2022","60.15","61.35","61.83","59.70","14.48M","-1.86%"
"07/22/2022","61.29","61.28","62.92","61.01","22.20M","-3.69%"
"07/21/2022","63.64","62.60","63.68","61.93","12.92M","0.54%"
"07/20/2022","63.30","62.22","63.52","61.85","15.18M","1.44%"
"07/19/2022","62.40","61.47","62.76","61.38","19.10M","3.23%"
"07/18/2022","60.45","62.09","62.33","60.14","13.23M","-1.76%"
"07/15/2022","61.53","61.48","61.70","59.40","20.32M","3.67%"
"07/14/2022","59.35","57.94","59.66","57.32","14.80M","0.83%"
"07/13/2022","58.86","57.38","59.42","57.36","13.99M","-0.54%"
"07/12/2022","59.18","58.42","60.08","58.10","21.52M","2.37%"
"07/11/2022","57.81","58.11","58.60","57.71","13.96M","-2.25%"
"07/08/2022","59.14","58.22","60.43","58.10","19.28M","0.49%"
"07/07/2022","58.85","59.10","59.31","57.84","22.95M","2.58%"
"07/06/2022","57.37","56.85","58.12","56.46","23.57M","1.13%"
"07/05/2022","56.73","52.17","56.89","52.09","33.77M","5.74%"
"07/01/2022","53.65","53.29","53.96","51.40","43.68M","-2.95%"
"06/30/2022","55.28","54.99","56.40","54.22","29.57M","-1.32%"
"06/29/2022","56.02","57.23","57.52","55.32","17.35M","-3.18%"
"06/28/2022","57.86","58.98","60.59","57.81","19.40M","-1.57%"
"06/27/2022","58.78","59.58","60.04","58.37","16.16M","0.58%"
"06/24/2022","58.44","57.15","59.00","57.13","15.65M","3.95%"
"06/23/2022","56.22","56.61","56.83","54.96","13.37M","-0.21%"
"06/22/2022","56.34","55.96","57.14","55.60","13.52M","-0.81%"
"06/21/2022","56.80","56.81","57.92","56.34","15.50M","1.88%"
"06/17/2022","55.75","55.90","56.32","53.60","24.14M","1.35%"
"06/16/2022","55.01","57.00","57.00","54.25","22.71M","-6.95%"
"06/15/2022","59.12","59.33","60.08","57.55","19.73M","0.72%"
"06/14/2022","58.70","59.36","59.87","57.72","17.04M","-0.24%"
"06/13/2022","58.84","60.02","60.96","58.58","24.28M","-6.04%"
"06/10/2022","62.62","64.84","65.56","62.28","26.65M","-5.15%"
"06/09/2022","66.02","67.94","68.69","66.00","15.07M","-3.76%"
"06/08/2022","68.60","69.84","70.40","67.76","16.36M","-3.05%"
"06/07/2022","70.76","68.65","70.87","68.12","14.33M","0.44%"
"06/06/2022","70.45","70.74","72.14","70.01","13.20M","0.73%"
"06/03/2022","69.94","71.69","71.69","69.11","30.31M","-7.20%"
"06/02/2022","75.37","73.13","75.41","73.13","11.37M","2.47%"
"06/01/2022","73.55","74.50","75.39","72.55","13.60M","-0.39%"
"05/31/2022","73.84","73.47","74.48","71.93","15.45M","0.71%"
"05/27/2022","73.32","71.76","73.43","71.64","13.08M","3.85%"
"05/26/2022","70.60","66.39","71.04","66.35","14.90M","4.02%"
"05/25/2022","67.87","65.93","68.85","65.90","16.24M","1.88%"
"05/24/2022","66.62","68.36","68.41","66.01","18.76M","-4.27%"
"05/23/2022","69.59","68.77","70.20","68.52","12.36M","1.00%"
"05/20/2022","68.90","70.60","70.69","66.11","20.31M","-0.72%"
"05/19/2022","69.40","70.76","71.70","69.05","17.56M","-2.32%"
"05/18/2022","71.05","73.18","74.22","70.09","20.64M","-4.61%"
"05/17/2022","74.48","72.25","74.73","72.15","17.67M","5.69%"
"05/16/2022","70.47","71.51","72.04","70.32","13.39M","-2.02%"
"05/13/2022","71.92","69.10","72.63","68.02","22.87M","6.22%"
"05/12/2022","67.71","66.00","68.90","65.87","27.02M","1.12%"
"05/11/2022","66.96","68.66","70.88","66.82","17.24M","-2.83%"
"05/10/2022","68.91","69.57","70.59","67.61","17.66M","1.44%"
"05/09/2022","67.93","69.20","71.40","67.48","21.77M","-3.44%"
"05/06/2022","70.35","70.55","71.91","68.89","15.16M","-1.32%"
"05/05/2022","71.29","72.31","72.56","70.36","16.60M","-3.16%"
"05/04/2022","73.62","71.77","73.90","70.16","17.20M","3.31%"
"05/03/2022","71.26","70.47","71.96","70.20","13.54M","0.93%"
"05/02/2022","70.60","68.16","70.74","67.58","15.34M","3.53%"
"04/29/2022","68.19","69.10","71.33","68.02","16.84M","-2.84%"
"04/28/2022","70.18","67.65","70.81","67.06","21.06M","5.58%"
"04/27/2022","66.47","66.13","68.48","65.86","17.12M","-0.91%"
"04/26/2022","67.08","68.68","69.16","67.04","18.63M","-4.34%"
"04/25/2022","70.12","68.42","70.17","67.93","20.07M","1.02%"
"04/22/2022","69.41","70.64","70.98","69.31","18.68M","-2.13%"
"04/21/2022","70.92","73.97","74.49","70.65","17.65M","-3.11%"
"04/20/2022","73.20","73.81","76.23","72.89","19.04M","0.65%"
"04/19/2022","72.73","70.96","73.41","70.77","15.14M","2.22%"
"04/18/2022","71.15","70.25","72.10","70.05","17.48M","1.45%"
"04/14/2022","70.13","72.56","72.81","70.09","18.54M","-3.11%"
"04/13/2022","72.38","72.36","73.75","71.86","18.89M","0.58%"
"04/12/2022","71.96","72.79","73.59","71.57","18.66M","-0.10%"
"04/11/2022","72.03","70.55","72.91","70.09","21.13M","-0.15%"
"04/08/2022","72.14","72.50","72.85","70.83","20.56M","-1.56%"
"04/07/2022","73.28","73.67","74.68","72.13","22.66M","-0.68%"
"04/06/2022","73.78","73.18","74.89","71.47","28.08M","-1.11%"
"04/05/2022","74.61","76.71","78.02","74.30","21.17M","-3.94%"
"04/04/2022","77.67","76.90","78.18","76.51","24.32M","1.96%"
"04/01/2022","76.18","78.43","78.91","74.06","33.54M","-2.20%"
"03/31/2022","77.89","77.67","79.96","76.83","34.59M","-1.60%"
"03/30/2022","79.16","84.30","86.24","78.60","70.09M","-3.52%"
"03/29/2022","82.05","82.10","82.55","79.26","41.29M","2.74%"
"03/28/2022","79.86","78.59","80.18","77.27","26.61M","2.25%"
"03/25/2022","78.10","78.26","78.30","75.13","22.49M","-0.14%"
"03/24/2022","78.21","75.90","78.54","75.32","23.35M","3.38%"
"03/23/2022","75.65","77.86","78.22","75.07","28.06M","-4.39%"
"03/22/2022","79.12","77.70","79.73","77.51","16.77M","0.98%"
"03/21/2022","78.35","78.99","79.89","75.53","30.88M","-1.33%"
"03/18/2022","79.41","79.10","81.20","78.06","28.60M","-1.38%"
"03/17/2022","80.52","78.20","80.58","77.20","21.61M","1.07%"
"03/16/2022","79.67","76.47","79.71","76.15","35.74M","8.97%"
"03/15/2022","73.11","70.05","73.53","68.34","22.85M","5.35%"
"03/14/2022","69.40","71.75","72.48","68.96","24.89M","-4.70%"
"03/11/2022","72.82","76.65","76.70","72.64","22.79M","-3.83%"
"03/10/2022","75.72","77.74","77.74","73.81","21.69M","-4.68%"
"03/09/2022","79.44","79.97","80.49","77.54","19.65M","2.95%"
"03/08/2022","77.16","76.25","80.25","73.93","28.34M","1.93%"
"03/07/2022","75.70","81.76","82.97","75.63","26.72M","-7.58%"
"03/04/2022","81.91","87.42","87.42","80.51","28.22M","-8.15%"
"03/03/2022","89.18","91.62","92.19","88.39","22.10M","-4.42%"
"03/02/2022","93.30","87.17","94.07","87.03","28.40M","8.16%"
"03/01/2022","86.26","88.56","89.84","84.66","20.79M","-2.93%"
"02/28/2022","88.86","88.45","89.75","87.16","17.27M","-1.38%"
"02/25/2022","90.10","87.96","90.48","87.28","15.01M","1.43%"
"02/24/2022","88.83","84.13","88.94","83.79","24.47M","1.74%"
"02/23/2022","87.31","91.47","91.87","87.07","19.14M","-3.60%"
"02/22/2022","90.57","89.84","93.97","88.67","24.83M","-0.25%"
"02/18/2022","90.80","94.53","94.68","88.89","19.53M","-3.13%"
"02/17/2022","93.73","95.04","96.00","93.49","17.94M","-2.43%"
"02/16/2022","96.06","94.44","96.49","93.57","15.57M","0.06%"
"02/15/2022","96.00","91.01","96.50","91.01","27.08M","6.83%"
"02/14/2022","89.86","91.99","93.17","88.71","23.50M","0.11%"
"02/11/2022","89.76","91.28","94.58","88.95","31.00M","-1.38%"
"02/10/2022","91.02","89.19","94.64","88.48","33.82M","3.29%"
"02/09/2022","88.12","84.60","88.78","83.56","22.39M","4.76%"
"02/08/2022","84.12","81.15","84.40","81.00","18.32M","4.02%"
"02/07/2022","80.87","81.36","82.04","80.48","11.80M","-0.37%"
"02/04/2022","81.17","81.22","82.19","79.84","15.66M","-0.98%"
"02/03/2022","81.97","82.67","85.18","81.71","19.60M","-3.01%"
"02/02/2022","84.51","82.92","84.70","82.54","19.86M","3.76%"
"02/01/2022","81.45","82.20","82.39","80.42","15.24M","-1.00%"
"01/31/2022","82.27","78.96","82.31","78.02","21.90M","3.78%"
"01/28/2022","79.27","77.37","79.28","75.52","24.43M","0.70%"
"01/27/2022","78.72","83.51","83.69","78.39","22.69M","-3.96%"
"01/26/2022","81.97","83.25","84.79","80.61","21.02M","1.55%"
"01/25/2022","80.72","80.92","82.42","79.65","22.13M","-2.69%"
"01/24/2022","82.95","80.27","83.04","77.64","29.77M","1.24%"
"01/21/2022","81.93","84.22","85.14","81.52","29.72M","-3.69%"
"01/20/2022","85.07","90.28","90.33","84.93","24.70M","-5.48%"
"01/19/2022","90.00","93.72","94.78","89.77","19.04M","-3.09%"
"01/18/2022","92.87","95.53","95.95","92.54","19.92M","-4.61%"
"01/14/2022","97.36","94.44","97.43","94.40","18.38M","1.82%"
"01/13/2022","95.62","96.50","98.11","95.30","23.68M","0.54%"
"01/12/2022","95.11","95.16","96.23","93.78","13.34M","0.97%"
"01/11/2022","94.20","92.46","94.27","91.65","14.92M","0.33%"
"01/10/2022","93.89","94.26","95.67","91.04","20.29M","-0.59%"
"01/07/2022","94.45","96.09","97.19","93.94","14.86M","-1.25%"
"01/06/2022","95.65","95.10","96.71","94.12","22.32M","1.32%"
"01/05/2022","94.40","95.38","98.45","94.35","28.61M","-2.01%"
"01/04/2022","96.34","95.60","96.59","93.54","19.73M","0.62%"
"01/03/2022","95.75","93.90","95.83","93.48","18.72M","2.79%"
"12/31/2021","93.15","94.00","94.42","93.03","13.66M","-0.79%"
"12/30/2021","93.89","94.40","95.50","93.43","19.33M","-2.37%"
"12/29/2021","96.17","94.00","96.75","93.91","32.23M","3.48%"
"12/28/2021","92.94","93.75","93.89","92.06","13.68M","-1.58%"
"12/27/2021","94.43","93.72","94.93","92.73","17.12M","0.01%"
"12/23/2021","94.42","90.70","95.00","90.35","36.40M","4.52%"
"12/22/2021","90.34","90.00","90.48","88.92","18.59M","-0.37%"
"12/21/2021","90.68","88.99","91.14","87.35","58.36M","10.54%"
"12/20/2021","82.03","82.14","83.25","80.91","22.35M","-1.17%"
"12/17/2021","83.00","81.62","83.29","80.94","23.25M","0.37%"
"12/16/2021","82.69","85.88","86.32","82.13","16.50M","-3.47%"
"12/15/2021","85.66","83.48","85.79","82.06","13.97M","2.85%"
"12/14/2021","83.29","83.22","84.77","82.91","12.08M","-1.26%"
"12/13/2021","84.35","86.61","87.38","84.20","13.05M","-1.39%"
"12/10/2021","85.54","84.34","85.68","84.13","11.96M","0.72%"
"12/09/2021","84.93","85.30","86.54","84.63","11.96M","-1.27%"
"12/08/2021","86.02","85.43","86.34","84.03","12.91M","0.22%"
"12/07/2021","85.83","84.42","87.04","84.33","21.72M","4.10%"
"12/06/2021","82.45","81.83","83.23","80.53","15.09M","1.02%"
"12/03/2021","81.62","83.71","84.43","80.64","19.17M","-1.52%"
"12/02/2021","82.88","82.63","83.59","81.35","22.99M","-2.67%"
"12/01/2021","85.15","86.55","89.05","85.00","31.65M","1.37%"
"11/30/2021","84.00","85.58","86.92","83.95","27.30M","-2.48%"
"11/29/2021","86.14","84.38","86.27","84.15","18.89M","3.26%"
"11/26/2021","83.42","83.13","84.05","81.98","16.49M","-3.24%"
"11/24/2021","86.21","84.75","87.15","84.61","21.67M","0.94%"
"11/23/2021","85.41","85.04","87.71","84.33","31.82M","1.85%"
"11/22/2021","83.86","83.66","87.67","83.66","34.78M","1.00%"
"11/19/2021","83.03","78.93","83.86","78.93","47.22M","7.80%"
"11/18/2021","77.02","76.90","77.50","75.75","16.85M","2.07%"
"11/17/2021","75.46","76.48","76.57","75.19","11.60M","-1.76%"
"11/16/2021","76.81","76.56","77.15","75.78","11.81M","0.04%"
"11/15/2021","76.78","77.76","78.28","76.60","12.65M","-0.67%"
"11/12/2021","77.30","75.02","78.02","74.95","26.55M","3.69%"
"11/11/2021","74.55","74.02","74.96","73.62","12.19M","1.55%"
"11/10/2021","73.41","74.15","75.15","73.20","15.23M","-2.88%"
"11/09/2021","75.59","75.10","76.27","74.56","20.13M","1.38%"
"11/08/2021","74.56","73.32","75.03","73.12","18.74M","2.25%"
"11/05/2021","72.92","73.00","73.74","72.36","13.02M","0.94%"
"11/04/2021","72.24","72.37","72.48","71.04","15.94M","1.39%"
"11/03/2021","71.25","70.71","71.33","70.26","10.27M","0.69%"
"11/02/2021","70.76","70.49","70.85","70.04","9.76M","0.08%"
"11/01/2021","70.70","68.97","70.97","68.94","11.99M","2.32%"
"10/29/2021","69.10","68.39","69.55","68.04","11.44M","-0.69%"
"10/28/2021","69.58","69.29","70.35","69.18","16.97M","1.96%"
"10/27/2021","68.24","68.52","68.69","67.45","13.54M","-1.02%"
"10/26/2021","68.94","69.37","69.82","68.47","14.27M","0.26%"
"10/25/2021","68.76","69.62","71.12","68.54","23.34M","1.85%"
"10/22/2021","67.51","68.51","69.09","67.08","17.89M","-1.65%"
"10/21/2021","68.64","67.95","68.70","67.67","11.14M","0.54%"
"10/20/2021","68.27","67.20","69.20","67.01","19.46M","1.04%"
"10/19/2021","67.57","67.37","67.89","66.64","16.93M","0.46%"
"10/18/2021","67.26","67.01","67.63","66.29","11.85M","-0.62%"
"10/15/2021","67.68","68.09","68.46","67.48","11.79M","-0.18%"
"10/14/2021","67.80","67.28","68.08","66.81","15.54M","2.14%"
"10/13/2021","66.38","66.74","67.42","66.23","17.53M","-0.51%"
"10/12/2021","66.72","69.39","69.43","65.67","36.91M","-3.61%"
"10/11/2021","69.22","69.90","70.36","69.18","12.70M","-1.28%"
"10/08/2021","70.12","70.93","70.94","69.70","13.67M","-0.60%"
"10/07/2021","70.54","70.40","71.67","70.12","15.24M","0.86%"
"10/06/2021","69.94","69.80","70.38","69.03","17.90M","-0.79%"
"10/05/2021","70.50","71.21","71.21","69.61","14.51M","-0.17%"
"10/04/2021","70.62","70.60","71.57","70.36","19.53M","-0.52%"
"10/01/2021","70.99","71.34","71.57","70.10","17.81M","0.01%"
"09/30/2021","70.98","72.20","72.60","70.86","16.92M","-0.92%"
"09/29/2021","71.64","71.16","73.32","70.22","38.17M","-2.00%"
"09/28/2021","73.10","74.50","74.99","73.06","27.31M","-2.77%"
"09/27/2021","75.18","73.65","75.88","73.51","18.44M","1.53%"
"09/24/2021","74.05","73.29","74.50","73.07","14.80M","0.01%"
"09/23/2021","74.04","73.61","74.79","73.25","17.30M","0.09%"
"09/22/2021","73.97","73.04","74.58","72.64","17.00M","2.54%"
"09/21/2021","72.14","72.92","73.13","71.66","16.03M","-0.32%"
"09/20/2021","72.37","72.60","72.76","71.19","23.23M","-2.60%"
"09/17/2021","74.30","74.40","74.50","73.32","20.45M","-0.44%"
"09/16/2021","74.63","73.30","74.96","72.78","12.87M","1.10%"
"09/15/2021","73.82","72.95","73.93","71.76","15.26M","0.45%"
"09/14/2021","73.49","73.79","74.12","72.91","13.95M","-1.16%"
"09/13/2021","74.35","74.56","75.22","73.52","15.80M","1.16%"
"09/10/2021","73.50","73.77","75.63","73.46","18.24M","0.86%"
"09/09/2021","72.87","71.63","73.27","71.42","14.64M","0.83%"
"09/08/2021","72.27","73.20","73.24","71.11","17.38M","-1.86%"
"09/07/2021","73.64","73.75","74.49","73.16","12.03M","-0.23%"
"09/03/2021","73.81","74.00","74.72","73.60","9.23M","-0.24%"
"09/02/2021","73.99","73.21","74.01","72.31","14.82M","0.37%"
"09/01/2021","73.72","74.32","74.32","73.02","14.01M","0.03%"
"08/31/2021","73.70","73.68","74.62","73.32","14.81M","0.74%"
"08/30/2021","73.16","74.12","74.75","72.83","12.81M","-1.14%"
"08/27/2021","74.00","72.46","74.15","72.15","14.99M","1.69%"
"08/26/2021","72.77","73.23","73.24","71.70","20.32M","-1.72%"
"08/25/2021","74.04","72.79","77.03","72.18","36.55M","2.86%"
"08/24/2021","71.98","72.14","72.69","71.69","18.09M","0.33%"
"08/23/2021","71.74","70.84","71.88","68.90","22.26M","2.15%"
"08/20/2021","70.23","70.14","71.03","69.58","14.60M","-0.07%"
"08/19/2021","70.28","70.14","70.82","69.04","18.02M","-0.48%"
"08/18/2021","70.62","71.25","71.88","70.58","14.00M","-0.23%"
"08/17/2021","70.78","70.17","71.45","69.61","17.55M","-0.21%"
"08/16/2021","70.93","70.20","71.76","69.92","18.14M","0.01%"
"08/13/2021","70.92","70.05","71.24","69.88","25.30M","0.95%"
"08/12/2021","70.25","72.18","72.20","68.81","72.53M","-6.37%"
"08/11/2021","75.03","76.04","76.05","73.72","31.62M","-1.16%"
"08/10/2021","75.91","79.82","79.82","75.77","40.71M","-5.36%"
"08/09/2021","80.21","81.73","82.04","80.08","13.36M","-2.18%"
"08/06/2021","82.00","81.20","82.88","81.05","14.61M","0.63%"
"08/05/2021","81.49","82.14","83.07","81.16","14.82M","-0.60%"
"08/04/2021","81.98","80.45","83.09","79.54","29.18M","1.39%"
"08/03/2021","80.86","78.87","81.07","77.94","25.81M","4.15%"
"08/02/2021","77.64","79.04","79.49","77.47","14.90M","0.08%"
"07/30/2021","77.58","76.13","78.11","76.06","12.53M","0.65%"
"07/29/2021","77.08","76.08","77.12","75.95","14.53M","2.03%"
"07/28/2021","75.55","74.55","76.01","74.38","14.35M","1.79%"
"07/27/2021","74.22","74.79","74.79","72.51","23.94M","-2.73%"
"07/26/2021","76.30","75.81","77.48","75.51","12.02M","0.47%"
"07/23/2021","75.94","75.93","76.04","74.89","12.35M","0.54%"
"07/22/2021","75.53","76.23","76.25","74.46","19.04M","-2.15%"
"07/21/2021","77.19","75.35","77.24","75.34","15.95M","2.39%"
"07/20/2021","75.39","74.66","75.92","73.77","14.86M","1.09%"
"07/19/2021","74.58","73.84","74.68","73.20","23.44M","-0.57%"
"07/16/2021","75.01","77.15","77.61","74.84","19.13M","-2.48%"
"07/15/2021","76.92","78.34","78.46","76.34","16.62M","-2.00%"
"07/14/2021","78.49","79.35","80.76","78.32","15.95M","0.05%"
"07/13/2021","78.45","79.28","79.50","78.10","14.26M","-1.40%"
"07/12/2021","79.56","78.75","79.73","77.71","12.64M","1.04%"
"07/09/2021","78.74","77.41","78.95","76.73","15.44M","2.11%"
"07/08/2021","77.11","76.25","77.88","75.96","23.11M","-1.42%"
"07/07/2021","78.22","81.69","81.81","77.95","23.03M","-3.53%"
"07/06/2021","81.08","80.79","81.54","79.76","21.13M","0.93%"
"07/02/2021","80.33","80.61","80.89","78.89","22.71M","0.27%"
"07/01/2021","80.11","82.24","82.25","79.91","53.30M","-5.73%"
"06/30/2021","84.98","84.85","85.40","83.43","40.67M","2.47%"
"06/29/2021","82.93","83.54","83.84","81.87","18.53M","-0.54%"
"06/28/2021","83.38","82.63","83.60","82.16","18.37M","1.65%"
"06/25/2021","82.03","81.57","82.84","81.09","19.60M","1.80%"
"06/24/2021","80.58","80.43","80.90","79.92","15.72M","1.97%"
"06/23/2021","79.02","78.10","79.87","78.07","16.66M","1.75%"
"06/22/2021","77.66","77.61","78.28","77.04","16.77M","0.77%"
"06/21/2021","77.07","76.85","77.29","75.71","19.81M","0.16%"
"06/18/2021","76.95","78.90","79.28","76.13","39.88M","-4.58%"
"06/17/2021","80.64","79.70","81.44","79.36","16.00M","0.19%"
"06/16/2021","80.49","82.73","83.11","80.12","18.12M","-2.06%"
"06/15/2021","82.18","80.64","82.91","79.92","22.31M","2.10%"
"06/14/2021","80.49","79.50","80.94","79.37","14.30M","1.45%"
"06/11/2021","79.34","80.07","80.76","79.21","12.68M","0.08%"
"06/10/2021","79.28","79.40","80.84","78.53","22.68M","0.79%"
"06/09/2021","78.66","80.17","80.56","78.52","21.43M","-2.32%"
"06/08/2021","80.53","84.97","84.97","80.01","29.67M","-4.18%"
"06/07/2021","84.04","83.19","84.23","82.65","9.01M","0.33%"
"06/04/2021","83.76","82.97","84.37","82.85","12.59M","2.11%"
"06/03/2021","82.03","83.68","84.07","81.89","14.74M","-2.74%"
"06/02/2021","84.34","84.39","84.82","83.45","10.31M","0.23%"
"06/01/2021","84.15","84.92","85.75","83.62","11.07M","0.01%"
"05/28/2021","84.14","84.22","84.72","83.22","11.33M","0.25%"
"05/27/2021","83.93","82.46","84.75","82.33","22.29M","2.05%"
"05/26/2021","82.24","81.58","82.44","81.02","12.61M","1.24%"
"05/25/2021","81.23","83.57","83.71","79.71","26.27M","-2.01%"
"05/24/2021","82.90","81.42","83.62","81.36","15.73M","2.70%"
"05/21/2021","80.72","81.77","81.99","80.37","13.08M","-0.51%"
"05/20/2021","81.13","80.50","81.49","79.52","17.12M","1.50%"
"05/19/2021","79.93","77.21","80.27","76.16","27.30M","1.33%"
"05/18/2021","78.88","80.55","80.92","78.80","20.89M","-1.88%"
"05/17/2021","80.39","79.10","80.42","77.72","15.01M","0.87%"
"05/14/2021","79.70","78.79","80.14","77.08","18.24M","3.25%"
"05/13/2021","77.19","77.97","78.86","76.53","20.15M","0.51%"
"05/12/2021","76.80","79.14","79.97","76.41","23.47M","-4.81%"
"05/11/2021","80.68","77.27","80.76","76.82","23.23M","-0.21%"
"05/10/2021","80.85","84.95","85.00","80.80","24.86M","-5.97%"
"05/07/2021","85.98","85.91","86.32","84.99","12.75M","1.39%"
"05/06/2021","84.80","84.86","85.12","83.28","13.72M","-0.41%"
"05/05/2021","85.15","85.49","85.95","84.03","13.17M","0.88%"
"05/04/2021","84.41","84.14","85.44","82.03","17.85M","-0.72%"
"05/03/2021","85.02","86.97","87.01","83.87","16.30M","-1.22%"
"04/30/2021","86.07","86.93","88.48","85.56","14.55M","-2.26%"
"04/29/2021","88.06","87.72","88.09","85.55","16.46M","2.36%"
"04/28/2021","86.03","87.66","87.76","85.35","19.43M","-3.83%"
"04/27/2021","89.46","89.33","90.19","88.03","17.68M","1.84%"
"04/26/2021","87.84","86.47","88.30","86.11","14.76M","2.10%"
"04/23/2021","86.03","85.24","86.46","84.57","18.17M","1.56%"
"04/22/2021","84.71","88.20","88.36","83.90","34.04M","-5.34%"
"04/21/2021","89.49","87.06","89.56","86.33","14.78M","2.30%"
"04/20/2021","87.48","88.38","88.95","86.53","17.40M","-1.05%"
"04/19/2021","88.41","90.67","90.68","86.52","21.36M","-2.48%"
"04/16/2021","90.66","90.44","91.33","90.08","12.36M","0.43%"
"04/15/2021","90.27","91.75","91.96","89.44","16.02M","-0.44%"
"04/14/2021","90.67","91.66","92.53","89.51","19.12M","-1.61%"
"04/13/2021","92.15","96.29","96.82","91.40","27.10M","-3.60%"
"04/12/2021","95.59","95.19","96.96","94.75","18.82M","0.30%"
"04/09/2021","95.30","94.34","95.38","93.31","14.08M","0.01%"
"04/08/2021","95.29","95.00","96.39","93.78","17.82M","1.42%"
"04/07/2021","93.96","94.25","95.07","92.54","17.62M","0.50%"
"04/06/2021","93.49","93.84","96.10","92.66","22.85M","-0.28%"
"04/05/2021","93.75","93.93","94.67","92.47","19.80M","1.45%"
"04/01/2021","92.41","93.00","94.38","91.25","39.70M","4.76%"
"03/31/2021","88.21","87.44","89.08","86.71","25.37M","1.93%"
"03/30/2021","86.54","86.26","87.22","85.25","13.90M","-0.06%"
"03/29/2021","86.59","87.75","88.25","85.77","21.77M","-1.59%"
"03/26/2021","87.99","84.16","88.14","84.03","23.95M","4.64%"
"03/25/2021","84.09","81.14","84.43","80.49","23.63M","1.31%"
"03/24/2021","83.00","87.06","87.15","82.92","24.23M","-2.81%"
"03/23/2021","85.40","91.02","91.27","84.97","32.04M","-6.44%"
"03/22/2021","91.28","91.83","92.42","89.65","19.37M","0.85%"
"03/19/2021","90.51","90.36","92.68","88.89","24.96M","0.77%"
"03/18/2021","89.82","92.97","93.48","89.41","27.10M","-5.21%"
"03/17/2021","94.76","91.33","95.49","90.10","24.62M","3.64%"
"03/16/2021","91.43","90.75","94.68","90.11","28.54M","2.90%"
"03/15/2021","88.85","87.77","88.91","86.14","16.16M","1.23%"
"03/12/2021","87.77","87.57","88.53","86.43","21.92M","-1.72%"
"03/11/2021","89.31","87.59","90.22","86.85","20.72M","4.57%"
"03/10/2021","85.41","90.01","90.01","85.31","23.41M","-4.36%"
"03/09/2021","89.30","88.00","90.18","86.30","22.30M","5.00%"
"03/08/2021","85.05","88.57","89.72","84.87","22.71M","-4.36%"
"03/05/2021","88.93","87.53","89.32","83.29","30.33M","5.45%"
"03/04/2021","84.33","88.81","89.75","81.85","31.97M","-5.36%"
"03/03/2021","89.11","90.57","93.33","88.39","26.42M","-2.17%"
"03/02/2021","91.09","93.57","94.90","90.90","18.68M","-3.87%"
"03/01/2021","94.76","94.54","95.75","92.57","19.91M","3.53%"
"02/26/2021","91.53","89.74","92.94","88.23","22.79M","3.87%"
"02/25/2021","88.12","91.52","93.10","87.58","22.55M","-4.76%"
"02/24/2021","92.52","88.30","92.60","87.73","21.28M","4.86%"
"02/23/2021","88.23","85.24","89.20","82.44","23.20M","2.26%"
"02/22/2021","86.28","89.53","90.52","85.92","16.08M","-5.15%"
"02/19/2021","90.96","90.25","91.49","88.81","21.89M","2.74%"
"02/18/2021","88.54","86.52","88.73","85.96","19.17M","2.89%"
"02/17/2021","86.05","86.69","87.32","84.90","10.04M","-1.93%"
"02/16/2021","87.74","89.22","89.22","87.05","10.31M","-0.31%"
"02/12/2021","88.01","86.11","88.32","85.46","14.27M","1.77%"
"02/11/2021","86.48","84.40","86.64","84.00","18.75M","5.02%"
"02/10/2021","82.35","84.00","84.44","81.30","9.87M","-1.16%"
"02/09/2021","83.32","83.35","84.00","82.40","10.36M","-0.82%"
"02/08/2021","84.01","81.75","84.06","81.64","12.39M","3.59%"
"02/05/2021","81.10","81.77","82.02","80.72","10.96M","-0.18%"
"02/04/2021","81.25","79.15","81.34","78.96","11.52M","2.71%"
"02/03/2021","79.11","81.85","82.53","78.97","17.46M","-3.08%"
"02/02/2021","81.62","81.26","81.74","79.92","11.39M","1.48%"
"02/01/2021","80.43","79.59","81.09","78.48","14.90M","2.76%"
"01/29/2021","78.27","78.36","79.37","76.95","17.93M","-0.15%"
"01/28/2021","78.39","77.20","80.18","76.72","18.35M","4.39%"
"01/27/2021","75.09","77.33","77.59","74.33","23.51M","-5.56%"
"01/26/2021","79.51","81.79","81.98","79.01","13.68M","-2.18%"
"01/25/2021","81.28","83.19","83.50","78.89","19.28M","-1.22%"
"01/22/2021","82.28","84.08","84.95","82.22","14.23M","-3.21%"
"01/21/2021","85.01","84.00","85.10","82.51","14.70M","1.81%"
"01/20/2021","83.50","85.93","87.25","83.23","21.19M","-2.34%"
"01/19/2021","85.50","81.28","85.68","80.96","26.60M","5.92%"
"01/15/2021","80.72","80.92","81.88","79.53","14.32M","-0.71%"
"01/14/2021","81.30","80.01","82.21","79.55","17.64M","1.74%"
"01/13/2021","79.91","78.95","80.39","78.55","15.07M","0.57%"
"01/12/2021","79.46","79.19","79.62","77.82","18.23M","1.00%"
"01/11/2021","78.67","76.59","79.79","76.42","19.94M","1.61%"
"01/08/2021","77.42","82.54","84.16","77.07","51.27M","-2.14%"
"01/07/2021","79.11","78.06","80.08","78.05","27.95M","2.59%"
"01/06/2021","77.11","76.36","78.45","76.10","22.39M","-0.19%"
"01/05/2021","77.26","76.44","78.69","76.03","33.42M","4.33%"
"01/04/2021","74.05","76.48","78.61","73.75","31.16M","-1.50%"
"12/31/2020","75.18","72.39","75.68","72.37","23.21M","4.53%"
"12/30/2020","71.92","70.42","72.65","70.37","11.62M","2.44%"
"12/29/2020","70.21","71.00","71.40","69.14","9.40M","-0.64%"
"12/28/2020","70.66","71.79","72.11","70.47","8.35M","0.11%"
"12/24/2020","70.58","70.31","70.64","69.76","4.85M","0.90%"
"12/23/2020","69.95","70.47","71.06","69.89","8.52M","-0.70%"
"12/22/2020","70.44","71.51","71.78","69.76","11.17M","-1.44%"
"12/21/2020","71.47","70.00","71.70","69.65","13.18M","0.01%"
"12/18/2020","71.46","72.70","73.45","71.06","23.91M","-1.11%"
"12/17/2020","72.26","73.59","73.74","71.76","11.99M","-1.00%"
"12/16/2020","72.99","74.19","74.35","72.63","13.89M","-0.22%"
"12/15/2020","73.15","72.81","73.37","72.33","11.55M","2.25%"
"12/14/2020","71.54","71.40","72.20","71.03","13.57M","1.43%"
"12/11/2020","70.53","70.38","71.32","69.40","15.32M","-1.05%"
"12/10/2020","71.28","70.14","71.95","69.67","15.61M","-0.18%"
"12/09/2020","71.41","73.15","74.61","70.78","18.37M","-2.43%"
"12/08/2020","73.19","72.00","73.54","71.98","15.43M","0.80%"
"12/07/2020","72.61","73.29","73.40","71.48","17.46M","-1.00%"
"12/04/2020","73.34","71.11","74.38","70.54","31.86M","4.92%"
"12/03/2020","69.90","70.57","71.12","69.55","20.46M","1.14%"
"12/02/2020","69.11","67.61","69.39","66.76","23.30M","3.03%"
"12/01/2020","67.08","65.25","68.63","65.14","36.20M","4.67%"
"11/30/2020","64.09","64.56","65.25","63.58","20.37M","-0.22%"
"11/27/2020","64.23","63.83","64.80","63.51","7.50M","1.26%"
"11/25/2020","63.43","63.66","64.00","62.61","12.47M","-0.81%"
"11/24/2020","63.95","64.29","64.29","62.89","22.63M","-0.36%"
"11/23/2020","64.18","62.61","64.50","62.30","20.61M","4.53%"
"11/20/2020","61.40","61.48","62.63","61.35","14.12M","-0.70%"
"11/19/2020","61.83","60.03","61.97","59.65","12.72M","1.79%"
"11/18/2020","60.74","61.50","62.04","60.63","18.73M","-2.02%"
"11/17/2020","61.99","61.00","62.20","60.30","17.70M","0.21%"
"11/16/2020","61.86","59.72","61.91","59.61","31.40M","6.78%"
"11/13/2020","57.93","56.79","58.19","56.75","14.33M","2.99%"
"11/12/2020","56.25","56.60","56.97","55.89","13.79M","-0.20%"
"11/11/2020","56.36","55.97","56.94","55.85","14.77M","1.71%"
"11/10/2020","55.41","55.13","55.94","54.36","14.50M","-0.98%"
"11/09/2020","55.96","56.47","57.83","55.87","20.97M","1.45%"
"11/06/2020","55.16","54.46","55.41","54.33","13.92M","1.06%"
"11/05/2020","54.58","52.88","54.78","52.78","16.37M","5.04%"
"11/04/2020","51.96","51.73","52.50","50.93","13.55M","1.72%"
"11/03/2020","51.08","50.13","51.59","50.01","11.43M","2.76%"
"11/02/2020","49.71","50.79","50.79","49.44","13.10M","-1.25%"
"10/30/2020","50.34","50.01","50.43","49.30","15.96M","-0.28%"
"10/29/2020","50.48","49.71","50.91","49.38","12.42M","0.96%"
"10/28/2020","50.00","50.75","50.85","49.57","15.46M","-3.77%"
"10/27/2020","51.96","52.03","52.32","51.53","8.96M","-0.35%"
"10/26/2020","52.14","52.40","52.89","51.40","11.68M","-1.34%"
"10/23/2020","52.85","54.09","54.12","52.38","16.18M","-2.81%"
"10/22/2020","54.38","53.29","54.85","53.08","14.84M","2.01%"
"10/21/2020","53.31","53.30","53.96","53.18","12.92M","-0.41%"
"10/20/2020","53.53","53.14","54.19","52.75","17.34M","1.71%"
"10/19/2020","52.63","51.97","54.00","51.30","24.18M","1.98%"
"10/16/2020","51.61","52.15","52.55","51.58","14.23M","-0.64%"
"10/15/2020","51.94","50.76","51.97","50.32","14.00M","0.60%"
"10/14/2020","51.63","52.01","52.25","51.35","15.91M","-0.42%"
"10/13/2020","51.85","51.89","52.75","51.64","22.18M","2.31%"
"10/12/2020","50.68","50.58","50.84","50.08","13.11M","1.58%"
"10/09/2020","49.89","50.24","50.60","49.31","13.93M","-0.02%"
"10/08/2020","49.90","48.99","50.00","48.22","14.57M","3.08%"
"10/07/2020","48.41","48.42","48.99","48.32","13.89M","2.30%"
"10/06/2020","47.32","47.55","48.83","47.22","17.93M","-0.59%"
"10/05/2020","47.60","46.99","47.73","46.98","16.93M","2.26%"
"10/02/2020","46.55","46.86","47.52","46.50","20.28M","-2.86%"
"10/01/2020","47.92","47.10","48.18","47.05","24.46M","2.04%"
"09/30/2020","46.96","48.95","49.27","46.83","55.39M","-7.39%"
"09/29/2020","50.71","49.71","51.38","49.59","36.09M","1.99%"
"09/28/2020","49.72","49.63","49.77","48.13","18.90M","1.18%"
"09/25/2020","49.14","49.56","49.60","47.78","17.77M","-0.67%"
"09/24/2020","49.47","49.52","50.36","49.09","13.84M","-0.76%"
"09/23/2020","49.85","51.01","51.61","49.64","19.16M","0.30%"
"09/22/2020","49.70","49.27","49.78","48.78","10.85M","1.12%"
"09/21/2020","49.15","49.61","49.78","47.89","21.26M","-3.13%"
"09/18/2020","50.74","51.50","52.17","49.97","25.55M","-0.47%"
"09/17/2020","50.98","49.16","51.29","48.81","20.56M","1.53%"
"09/16/2020","50.21","49.11","51.22","48.96","23.55M","2.36%"
"09/15/2020","49.05","49.37","49.66","48.70","14.46M","0.04%"
"09/14/2020","49.03","48.35","49.59","48.30","26.72M","6.38%"
"09/11/2020","46.09","45.23","46.48","44.96","18.37M","2.72%"
"09/10/2020","44.87","45.47","45.95","44.69","13.74M","-0.62%"
"09/09/2020","45.15","45.88","45.88","44.45","17.53M","0.27%"
"09/08/2020","45.03","44.99","46.23","44.53","20.89M","-3.12%"
"09/04/2020","46.48","46.19","46.95","44.89","20.61M","0.32%"
"09/03/2020","46.33","47.76","47.83","45.85","20.63M","-3.14%"
"09/02/2020","47.83","46.42","48.19","46.28","24.64M","4.52%"
"09/01/2020","45.76","45.53","45.79","45.06","14.11M","0.55%"
"08/31/2020","45.51","45.35","45.82","45.14","13.24M","-0.39%"
"08/28/2020","45.69","44.62","45.79","44.40","13.46M","2.40%"
"08/27/2020","44.62","44.55","44.83","43.67","13.78M","-0.76%"
"08/26/2020","44.96","45.60","45.82","44.69","15.33M","-0.31%"
"08/25/2020","45.10","44.88","45.54","44.60","21.52M","3.06%"
"08/24/2020","43.76","43.12","43.81","42.89","14.97M","2.58%"
"08/21/2020","42.66","42.85","43.06","42.40","15.48M","-0.76%"
"08/20/2020","42.99","42.68","43.65","42.25","22.45M","-2.42%"
"08/19/2020","44.05","44.30","44.70","43.85","19.46M","-0.79%"
"08/18/2020","44.40","45.06","45.16","44.05","20.12M","-1.81%"
"08/17/2020","45.22","45.90","45.94","44.74","17.30M","-0.83%"
"08/14/2020","45.60","45.60","46.08","45.30","18.17M","-1.17%"
"08/13/2020","46.14","47.16","47.23","45.93","41.05M","-4.83%"
"08/12/2020","48.48","48.38","48.73","47.66","17.22M","1.51%"
"08/11/2020","47.76","49.01","49.74","47.63","21.53M","-2.83%"
"08/10/2020","49.15","48.85","49.67","48.26","15.88M","0.82%"
"08/07/2020","48.75","48.69","49.18","48.05","13.64M","0.10%"
"08/06/2020","48.70","50.00","50.03","48.32","32.20M","-4.60%"
"08/05/2020","51.05","51.09","51.28","50.63","13.26M","-0.49%"
"08/04/2020","51.30","50.35","51.48","50.29","15.70M","1.81%"
"08/03/2020","50.39","50.39","50.62","50.02","15.14M","0.67%"
"07/31/2020","50.06","50.62","50.70","49.26","17.44M","-1.35%"
"07/30/2020","50.74","49.74","50.75","49.11","17.64M","0.69%"
"07/29/2020","50.39","50.39","50.63","49.78","14.71M","0.60%"
"07/28/2020","50.09","51.26","51.27","50.04","15.61M","-2.91%"
"07/27/2020","51.59","50.60","51.71","50.49","15.99M","3.14%"
"07/24/2020","50.02","51.28","51.28","49.65","25.35M","-4.98%"
"07/23/2020","52.64","51.74","54.20","51.57","33.40M","1.92%"
"07/22/2020","51.65","51.58","51.77","51.02","11.41M","0.25%"
"07/21/2020","51.52","51.62","52.66","51.23","16.67M","0.61%"
"07/20/2020","51.21","49.66","51.32","49.53","17.60M","3.52%"
"07/17/2020","49.47","50.31","50.43","49.28","15.00M","-1.26%"
"07/16/2020","50.10","49.81","50.28","49.23","14.01M","-0.81%"
"07/15/2020","50.51","50.21","50.65","49.41","15.91M","1.61%"
"07/14/2020","49.71","48.99","49.78","47.96","17.46M","0.51%"
"07/13/2020","49.46","51.36","52.27","49.38","23.30M","-2.45%"
"07/10/2020","50.70","50.01","50.71","49.40","18.13M","1.44%"
"07/09/2020","49.98","49.94","50.38","48.75","18.51M","0.54%"
"07/08/2020","49.71","49.48","49.74","48.99","15.31M","1.26%"
"07/07/2020","49.09","50.52","50.59","49.01","19.80M","-3.59%"
"07/06/2020","50.92","50.76","51.42","50.48","16.32M","2.19%"
"07/02/2020","49.83","50.50","50.75","49.48","18.56M","0.26%"
"07/01/2020","49.70","51.52","51.56","49.61","25.22M","-3.53%"
"06/30/2020","51.52","51.68","52.46","50.99","47.85M","4.82%"
"06/29/2020","49.15","48.61","49.15","47.60","24.67M","1.36%"
"06/26/2020","48.49","49.10","49.35","48.16","16.93M","-1.42%"
"06/25/2020","49.19","48.20","49.31","47.28","14.97M","1.86%"
"06/24/2020","48.29","49.52","50.09","48.02","19.35M","-3.11%"
"06/23/2020","49.84","50.72","50.88","49.58","23.19M","-2.56%"
"06/22/2020","51.15","51.07","51.35","50.25","15.95M","0.63%"
"06/19/2020","50.83","51.42","52.73","50.79","28.08M","0.69%"
"06/18/2020","50.48","50.38","51.04","50.02","13.22M","-0.94%"
"06/17/2020","50.96","51.35","51.50","50.54","13.91M","-0.12%"
"06/16/2020","51.02","51.24","52.15","49.96","20.99M","3.61%"
"06/15/2020","49.24","47.31","49.72","47.10","18.09M","1.13%"
"06/12/2020","48.69","50.28","50.48","47.36","24.29M","0.35%"
"06/11/2020","48.52","50.30","51.07","48.20","29.90M","-7.53%"
"06/10/2020","52.47","52.92","53.28","51.58","18.77M","-1.28%"
"06/09/2020","53.15","52.67","53.50","52.45","17.84M","-1.02%"
"06/08/2020","53.70","54.54","54.57","52.24","22.85M","-0.04%"
"06/05/2020","53.72","52.66","54.82","52.59","34.11M","4.88%"
"06/04/2020","51.22","48.89","51.95","48.62","34.83M","4.70%"
"06/03/2020","48.92","48.09","49.42","47.45","34.66M","4.49%"
"06/02/2020","46.82","46.47","46.83","45.58","23.04M","1.04%"
"06/01/2020","46.34","47.42","47.66","46.33","21.90M","-3.28%"
"05/29/2020","47.91","46.62","48.02","46.21","26.35M","3.10%"
"05/28/2020","46.47","48.70","48.70","46.09","38.33M","-6.03%"
"05/27/2020","49.45","45.89","49.57","43.90","56.07M","7.97%"
"05/26/2020","45.80","46.23","46.69","45.47","24.30M","1.91%"
"05/22/2020","44.94","45.15","45.31","44.24","13.39M","-0.62%"
"05/21/2020","45.22","46.53","46.56","44.77","17.45M","-3.04%"
"05/20/2020","46.64","46.51","47.03","46.11","17.88M","3.37%"
"05/19/2020","45.12","45.73","46.22","45.03","17.39M","-1.74%"
"05/18/2020","45.92","45.85","46.15","44.95","20.33M","3.40%"
"05/15/2020","44.41","43.60","44.77","43.51","28.80M","-2.89%"
"05/14/2020","45.73","43.04","45.77","42.52","27.54M","5.05%"
"05/13/2020","43.53","45.77","45.79","42.95","35.12M","-4.73%"
"05/12/2020","45.69","48.52","48.56","45.64","26.74M","-5.21%"
"05/11/2020","48.20","47.74","48.73","47.44","17.35M","-0.10%"
"05/08/2020","48.25","47.29","48.46","47.29","17.44M","3.56%"
"05/07/2020","46.59","47.12","47.50","46.34","16.37M","1.11%"
"05/06/2020","46.08","46.07","47.12","45.92","22.01M","1.48%"
"05/05/2020","45.41","45.45","46.95","45.11","21.01M","2.14%"
"05/04/2020","44.46","44.19","44.69","43.61","21.38M","-1.33%"
"05/01/2020","45.06","46.36","46.92","44.52","28.19M","-5.91%"
"04/30/2020","47.89","49.48","49.58","47.37","28.59M","-3.89%"
"04/29/2020","49.83","46.58","50.14","46.33","35.74M","9.98%"
"04/28/2020","45.31","46.21","47.69","45.28","25.23M","0.07%"
"04/27/2020","45.28","45.00","45.39","44.58","16.67M","2.54%"
"04/24/2020","44.16","43.80","44.32","42.98","16.59M","0.89%"
"04/23/2020","43.77","43.82","44.72","43.42","22.27M","-0.32%"
"04/22/2020","43.91","43.11","44.20","42.74","21.40M","6.04%"
"04/21/2020","41.41","43.00","43.07","41.19","32.48M","-4.59%"
"04/20/2020","43.40","44.52","45.08","43.30","30.46M","-5.03%"
"04/17/2020","45.70","46.78","46.89","44.85","23.39M","0.37%"
"04/16/2020","45.53","47.02","47.20","44.66","26.59M","-1.94%"
"04/15/2020","46.43","46.40","46.66","45.63","22.39M","-2.50%"
"04/14/2020","47.62","47.00","48.38","46.62","25.74M","3.14%"
"04/13/2020","46.17","44.90","46.39","44.39","30.45M","0.09%"
"04/09/2020","46.13","49.30","49.81","45.35","39.84M","-4.47%"
"04/08/2020","48.29","47.08","48.69","46.80","27.69M","3.76%"
"04/07/2020","46.54","48.09","48.37","46.04","34.65M","0.37%"
"04/06/2020","46.37","43.35","46.69","43.34","37.90M","12.49%"
"04/03/2020","41.22","40.97","41.86","40.55","28.52M","0.32%"
"04/02/2020","41.09","39.79","41.59","39.52","31.46M","3.01%"
"04/01/2020","39.89","40.55","42.30","39.33","37.45M","-5.16%"
"03/31/2020","42.06","44.40","45.17","41.91","36.72M","-5.53%"
"03/30/2020","44.52","44.17","45.57","43.15","33.76M","2.39%"
"03/27/2020","43.48","43.09","45.27","42.32","39.79M","-2.92%"
"03/26/2020","44.79","45.00","45.75","43.34","62.56M","5.39%"
"03/25/2020","42.50","43.70","44.88","40.13","54.09M","-1.78%"
"03/24/2020","43.27","42.39","44.39","41.17","45.59M","13.12%"
"03/23/2020","38.25","36.99","39.47","35.69","45.29M","5.93%"
"03/20/2020","36.11","37.77","38.59","35.84","37.67M","-0.50%"
"03/19/2020","36.29","34.66","37.28","33.65","31.02M","4.61%"
"03/18/2020","34.69","34.10","36.55","31.13","36.52M","-7.20%"
"03/17/2020","37.38","35.49","39.13","34.02","34.87M","8.44%"
"03/16/2020","34.47","37.35","39.14","34.45","36.88M","-19.82%"
"03/13/2020","42.99","41.57","43.02","38.35","35.26M","10.77%"
"03/12/2020","38.81","39.40","42.54","38.00","40.12M","-11.23%"
"03/11/2020","43.72","46.20","46.32","42.84","38.53M","-8.65%"
"03/10/2020","47.86","48.15","48.26","45.29","31.65M","4.11%"
"03/09/2020","45.97","45.48","48.60","44.92","31.26M","-10.69%"
"03/06/2020","51.47","52.20","53.19","50.00","30.31M","-4.19%"
"03/05/2020","53.72","53.45","55.61","53.34","26.22M","-2.84%"
"03/04/2020","55.29","53.02","55.38","52.21","28.22M","6.74%"
"03/03/2020","51.80","54.60","55.40","51.10","36.89M","-5.11%"
"03/02/2020","54.59","53.20","54.69","52.10","33.27M","3.86%"
"02/28/2020","52.56","48.65","52.92","48.39","40.29M","3.91%"
"02/27/2020","50.58","50.63","52.85","49.99","36.35M","-3.42%"
"02/26/2020","52.37","52.65","54.27","51.88","28.10M","0.52%"
"02/25/2020","52.10","54.84","55.45","51.55","41.89M","-5.29%"
"02/24/2020","55.01","53.31","55.46","52.61","33.32M","-3.47%"
"02/21/2020","56.99","58.63","58.73","55.89","27.05M","-3.41%"
"02/20/2020","59.00","59.88","59.99","57.69","20.80M","-1.65%"
"02/19/2020","59.99","58.58","60.25","58.56","23.34M","3.88%"
"02/18/2020","57.75","57.07","58.04","56.62","21.55M","-1.28%"
"02/14/2020","58.50","60.16","60.56","58.26","20.92M","-1.40%"
"02/13/2020","59.33","59.01","60.62","58.86","23.68M","0.10%"
"02/12/2020","59.27","59.04","61.19","58.90","47.18M","3.53%"
"02/11/2020","57.25","57.88","58.84","56.33","26.78M","-0.14%"
"02/10/2020","57.33","56.30","57.34","56.20","15.93M","0.79%"
"02/07/2020","56.88","57.97","58.00","56.77","20.89M","-3.07%"
"02/06/2020","58.68","58.08","59.17","57.41","23.36M","3.36%"
"02/05/2020","56.77","57.02","57.26","55.82","19.80M","2.29%"
"02/04/2020","55.50","55.29","56.02","54.94","20.00M","3.20%"
"02/03/2020","53.78","53.25","54.11","53.00","20.48M","1.30%"
"01/31/2020","53.09","55.15","55.20","52.70","28.55M","-3.53%"
"01/30/2020","55.03","54.18","55.07","53.22","30.78M","-0.49%"
"01/29/2020","55.30","55.99","57.19","55.29","19.31M","-2.07%"
"01/28/2020","56.47","56.25","56.78","55.24","18.54M","1.91%"
"01/27/2020","55.41","55.15","55.99","54.62","27.31M","-4.07%"
"01/24/2020","57.76","60.00","60.02","57.24","28.56M","-2.43%"
"01/23/2020","59.20","60.33","60.56","59.03","26.15M","0.05%"
"01/22/2020","59.17","59.52","60.25","58.85","22.60M","0.34%"
"01/21/2020","58.97","57.37","59.18","57.27","24.82M","2.27%"
"01/17/2020","57.66","58.02","58.12","57.01","20.55M","-0.03%"
"01/16/2020","57.68","56.80","57.84","56.76","22.73M","2.69%"
"01/15/2020","56.17","57.03","57.12","55.84","21.64M","-2.35%"
"01/14/2020","57.52","57.80","58.30","56.46","26.55M","0.12%"
"01/13/2020","57.45","57.01","57.78","56.86","16.19M","1.38%"
"01/10/2020","56.67","57.47","57.50","56.27","19.15M","-1.12%"
"01/09/2020","57.31","58.32","58.48","56.48","22.41M","-0.37%"
"01/08/2020","57.52","58.09","58.39","57.06","29.76M","-1.29%"
"01/07/2020","58.27","55.38","58.40","55.36","50.30M","8.79%"
"01/06/2020","53.56","53.75","54.14","53.16","18.79M","-1.78%"
"01/03/2020","54.53","54.16","55.30","54.00","16.83M","-1.55%"
"01/02/2020","55.39","54.85","55.49","54.51","20.18M","2.99%"
"12/31/2019","53.78","52.91","53.90","52.78","13.30M","1.07%"
"12/30/2019","53.21","53.77","53.88","52.66","15.28M","-1.52%"
"12/27/2019","54.03","55.24","55.53","53.88","17.19M","-1.94%"
"12/26/2019","55.10","55.45","55.65","54.91","13.55M","-0.58%"
"12/24/2019","55.42","55.45","55.64","55.03","8.62M","0.04%"
"12/23/2019","55.40","55.23","56.11","55.14","23.72M","0.62%"
"12/20/2019","55.06","54.90","55.93","54.63","44.37M","0.97%"
"12/19/2019","54.53","55.01","55.29","53.90","56.30M","2.81%"
"12/18/2019","53.04","53.00","53.72","52.37","39.58M","0.08%"
"12/17/2019","53.00","53.99","54.00","52.65","28.38M","0.11%"
"12/16/2019","52.94","52.76","54.30","52.69","38.71M","3.40%"
"12/13/2019","51.20","51.02","52.32","50.70","30.05M","0.45%"
"12/12/2019","50.97","49.36","51.33","49.32","36.68M","3.47%"
"12/11/2019","49.26","47.75","49.34","47.69","22.11M","3.79%"
"12/10/2019","47.46","47.04","47.92","46.72","19.28M","2.17%"
"12/09/2019","46.45","47.56","47.77","46.43","16.57M","-3.09%"
"12/06/2019","47.93","47.44","48.33","47.32","20.49M","2.81%"
"12/05/2019","46.62","46.71","47.40","46.25","13.02M","0.69%"
"12/04/2019","46.30","46.18","46.60","45.73","16.93M","2.37%"
"12/03/2019","45.23","45.12","45.40","44.55","20.86M","-2.50%"
"12/02/2019","46.39","47.57","47.95","46.34","16.09M","-2.36%"
"11/29/2019","47.51","47.94","47.95","47.44","7.34M","-1.35%"
"11/27/2019","48.16","47.35","48.27","47.11","15.44M","3.08%"
"11/26/2019","46.72","47.65","47.67","46.54","12.92M","-1.68%"
"11/25/2019","47.52","46.10","47.55","45.94","18.83M","3.60%"
"11/22/2019","45.87","45.93","46.38","45.75","11.25M","0.70%"
"11/21/2019","45.55","45.30","46.18","45.04","14.19M","-0.04%"
"11/20/2019","45.57","46.15","46.50","45.23","24.70M","-2.17%"
"11/19/2019","46.58","48.11","48.18","46.28","18.39M","-2.59%"
"11/18/2019","47.82","47.95","48.41","47.47","12.64M","0.23%"
"11/15/2019","47.71","47.60","48.52","47.34","17.87M","1.94%"
"11/14/2019","46.80","46.12","46.83","45.77","11.83M","1.08%"
"11/13/2019","46.30","46.50","46.55","45.81","15.84M","-1.28%"
"11/12/2019","46.90","46.80","47.68","46.68","15.17M","1.38%"
"11/11/2019","46.26","46.72","46.74","45.85","14.65M","-1.97%"
"11/08/2019","47.19","47.56","48.01","46.95","18.53M","-2.50%"
"11/07/2019","48.40","48.52","49.08","48.00","19.25M","1.51%"
"11/06/2019","47.68","48.15","48.30","47.10","21.80M","-2.05%"
"11/05/2019","48.68","49.62","49.72","48.60","13.68M","-1.84%"
"11/04/2019","49.59","49.39","49.90","49.25","16.02M","2.50%"
"11/01/2019","48.38","47.48","48.54","47.25","18.31M","1.75%"
"10/31/2019","47.55","47.28","47.88","46.46","15.45M","-0.69%"
"10/30/2019","47.88","48.22","48.34","47.26","12.93M","-0.48%"
"10/29/2019","48.11","48.80","49.17","48.06","12.18M","-1.19%"
"10/28/2019","48.69","48.50","48.75","48.23","15.24M","1.37%"
"10/25/2019","48.03","47.28","48.27","46.92","19.86M","1.97%"
"10/24/2019","47.10","45.90","47.16","45.58","25.99M","5.46%"
"10/23/2019","44.66","44.05","44.81","43.95","14.13M","0.00%"
"10/22/2019","44.66","45.30","45.70","44.62","14.01M","-1.24%"
"10/21/2019","45.22","43.96","45.30","43.92","15.75M","4.03%"
"10/18/2019","43.47","44.83","44.98","43.23","26.22M","-4.46%"
"10/17/2019","45.50","45.77","46.12","45.28","12.09M","0.75%"
"10/16/2019","45.16","45.99","46.55","45.08","16.87M","-2.78%"
"10/15/2019","46.45","45.21","46.55","45.04","18.05M","3.54%"
"10/14/2019","44.86","44.96","45.33","44.80","12.50M","-0.53%"
"10/11/2019","45.10","44.39","45.81","44.28","27.60M","4.21%"
"10/10/2019","43.28","42.87","43.79","42.61","16.05M","0.93%"
"10/09/2019","42.88","43.18","43.38","42.83","13.78M","0.59%"
"10/08/2019","42.63","43.60","43.84","42.62","22.71M","-3.46%"
"10/07/2019","44.16","44.30","44.73","44.06","15.15M","-0.88%"
"10/04/2019","44.55","43.71","44.62","43.29","22.04M","2.51%"
"10/03/2019","43.46","42.00","43.49","41.76","23.88M","3.53%"
"10/02/2019","41.98","41.82","42.67","41.76","26.78M","-0.76%"
"10/01/2019","42.30","43.10","43.34","41.75","28.43M","-1.28%"
"09/30/2019","42.85","43.00","43.47","42.58","32.33M","-0.83%"
"09/27/2019","43.21","45.90","45.92","42.91","76.02M","-11.09%"
"09/26/2019","48.60","49.38","49.74","48.12","37.25M","-1.76%"
"09/25/2019","49.47","48.47","49.70","47.86","24.06M","1.98%"
"09/24/2019","48.51","49.74","49.90","48.05","25.32M","-2.20%"
"09/23/2019","49.60","49.54","50.19","49.48","16.94M","0.90%"
"09/20/2019","49.16","50.34","50.45","48.77","23.46M","-1.32%"
"09/19/2019","49.82","51.16","51.30","49.75","16.86M","-1.31%"
"09/18/2019","50.48","51.00","51.17","49.69","15.38M","-0.71%"
"09/17/2019","50.84","50.18","50.91","49.92","13.88M","1.38%"
"09/16/2019","50.15","49.53","50.24","49.02","17.50M","-0.69%"
"09/13/2019","50.50","50.51","50.95","50.06","14.73M","0.12%"
"09/12/2019","50.44","50.80","51.12","50.10","19.67M","-0.08%"
"09/11/2019","50.48","50.02","51.39","49.84","31.01M","2.21%"
"09/10/2019","49.39","49.37","49.94","48.50","23.11M","0.53%"
"09/09/2019","49.13","49.54","50.00","48.86","19.47M","0.33%"
"09/06/2019","48.97","48.86","49.50","48.70","19.57M","-0.12%"
"09/05/2019","49.03","47.90","49.64","47.89","33.09M","4.74%"
"09/04/2019","46.81","46.45","47.50","46.40","27.00M","4.05%"
"09/03/2019","44.99","44.60","45.33","44.44","17.11M","-0.62%"
"08/30/2019","45.27","45.12","45.92","45.05","16.40M","1.34%"
"08/29/2019","44.67","43.99","45.22","43.91","18.69M","3.52%"
"08/28/2019","43.15","42.10","43.26","41.66","11.55M","1.67%"
"08/27/2019","42.44","43.71","43.80","42.35","19.15M","-2.28%"
"08/26/2019","43.43","43.74","43.77","43.16","12.29M","1.09%"
"08/23/2019","42.96","43.89","44.97","42.66","27.55M","-4.06%"
"08/22/2019","44.78","44.50","45.45","44.05","20.61M","1.38%"
"08/21/2019","44.17","44.81","45.00","43.90","14.99M","-0.14%"
"08/20/2019","44.23","44.85","44.97","44.04","13.21M","-1.73%"
"08/19/2019","45.01","44.67","45.37","44.34","22.63M","3.35%"
"08/16/2019","43.55","42.64","43.88","42.55","18.16M","3.10%"
"08/15/2019","42.24","42.34","42.56","41.50","16.23M","0.48%"
"08/14/2019","42.04","42.88","43.15","41.66","24.66M","-4.82%"
"08/13/2019","44.17","42.62","45.08","42.51","33.27M","4.84%"
"08/12/2019","42.13","41.05","42.40","40.97","23.97M","1.47%"
"08/09/2019","41.52","42.04","42.24","40.87","22.90M","-2.60%"
"08/08/2019","42.63","42.09","42.76","41.67","18.57M","2.11%"
"08/07/2019","41.75","42.01","42.95","40.70","35.60M","-2.04%"
"08/06/2019","42.62","42.67","43.19","41.69","26.86M","1.62%"
"08/05/2019","41.94","42.40","42.51","41.36","35.17M","-4.85%"
"08/02/2019","44.08","42.64","44.41","42.22","31.95M","1.10%"
"08/01/2019","43.60","45.00","45.95","42.84","37.91M","-2.87%"
"07/31/2019","44.89","46.71","46.79","44.44","34.49M","-5.42%"
"07/30/2019","47.46","46.88","47.68","46.20","21.30M","1.37%"
"07/29/2019","46.82","46.87","46.97","45.85","21.94M","-1.41%"
"07/26/2019","47.49","47.94","48.13","47.09","19.68M","-0.59%"
"07/25/2019","47.77","48.40","48.70","47.59","28.13M","-0.46%"
"07/24/2019","47.99","46.95","48.23","46.82","33.17M","2.22%"
"07/23/2019","46.95","46.78","47.14","46.23","29.35M","-0.51%"
"07/22/2019","47.19","46.50","47.42","46.31","46.04M","3.67%"
"07/19/2019","45.52","45.13","46.00","44.63","39.33M","1.90%"
"07/18/2019","44.67","43.61","44.93","43.50","26.48M","3.00%"
"07/17/2019","43.37","43.00","43.75","42.60","19.54M","0.72%"
"07/16/2019","43.06","44.05","44.10","42.93","31.24M","-3.02%"
"07/15/2019","44.40","44.69","45.27","43.71","26.62M","-0.25%"
"07/12/2019","44.51","43.75","44.70","43.36","33.26M","2.37%"
"07/11/2019","43.48","43.22","43.54","42.44","30.39M","1.35%"
"07/10/2019","42.90","42.23","44.00","42.04","51.63M","3.75%"
"07/09/2019","41.35","40.13","41.41","40.08","28.25M","2.33%"
"07/08/2019","40.41","39.03","40.61","38.94","28.15M","2.51%"
"07/05/2019","39.42","38.95","39.56","38.80","18.41M","-0.43%"
"07/03/2019","39.59","39.62","39.77","39.17","13.48M","-0.03%"
"07/02/2019","39.60","39.62","40.03","39.02","29.77M","-1.27%"
"07/01/2019","40.11","41.16","41.71","39.74","61.09M","3.94%"
"06/28/2019","38.59","39.36","39.40","38.05","61.40M","1.37%"
"06/27/2019","38.07","36.85","38.33","36.51","51.61M","2.78%"
"06/26/2019","37.04","35.87","37.61","35.70","100.27M","13.34%"
"06/25/2019","32.68","33.35","33.88","32.61","39.59M","-1.54%"
"06/24/2019","33.19","33.20","34.08","33.02","27.31M","-0.18%"
"06/21/2019","33.25","33.70","33.89","32.73","38.86M","-2.64%"
"06/20/2019","34.15","34.84","35.26","34.02","21.69M","0.62%"
"06/19/2019","33.94","34.69","34.69","33.70","20.44M","-1.02%"
"06/18/2019","34.29","32.90","34.89","32.90","33.73M","5.74%"
"06/17/2019","32.43","32.54","32.85","32.14","20.05M","-0.70%"
"06/14/2019","32.66","32.45","32.84","32.24","19.71M","-2.16%"
"06/13/2019","33.38","33.08","33.64","33.01","16.59M","1.27%"
"06/12/2019","32.96","34.01","34.10","32.73","28.75M","-5.40%"
"06/11/2019","34.84","35.80","35.99","34.75","19.21M","-0.29%"
"06/10/2019","34.94","34.60","35.54","34.52","21.73M","2.79%"
"06/07/2019","33.99","33.55","34.02","33.22","21.43M","1.55%"
"06/06/2019","33.47","33.26","33.82","32.94","21.09M","0.39%"
"06/05/2019","33.34","35.20","35.40","33.04","27.07M","-3.33%"
"06/04/2019","34.49","33.36","34.56","33.10","25.08M","5.51%"
"06/03/2019","32.69","32.95","33.22","32.47","21.17M","0.25%"
"05/31/2019","32.61","32.60","33.33","32.52","18.61M","-2.13%"
"05/30/2019","33.32","33.43","34.32","33.03","20.96M","0.09%"
"05/29/2019","33.29","32.32","33.42","32.17","28.80M","1.06%"
"05/28/2019","32.94","34.15","34.31","32.88","26.76M","-3.12%"
"05/24/2019","34.00","34.16","34.36","33.59","19.71M","0.53%"
"05/23/2019","33.82","33.89","33.90","32.96","32.19M","-2.62%"
"05/22/2019","34.73","35.20","35.45","34.63","20.90M","-2.55%"
"05/21/2019","35.64","35.29","35.88","35.15","32.50M","2.95%"
"05/20/2019","34.62","34.75","35.20","34.33","34.49M","-3.99%"
"05/17/2019","36.06","36.61","37.28","35.80","31.10M","-3.35%"
"05/16/2019","37.31","37.68","37.99","37.10","29.48M","-2.86%"
"05/15/2019","38.41","37.90","38.70","37.76","17.53M","-0.26%"
"05/14/2019","38.51","38.02","38.61","37.40","24.00M","3.02%"
"05/13/2019","37.38","37.36","37.98","37.06","33.09M","-4.01%"
"05/10/2019","38.94","39.01","39.29","37.65","30.37M","-0.84%"
"05/09/2019","39.27","39.10","39.63","38.20","27.84M","-1.21%"
"05/08/2019","39.75","39.86","40.49","39.58","26.19M","-1.27%"
"05/07/2019","40.26","41.68","41.93","39.73","35.09M","-4.44%"
"05/06/2019","42.13","41.40","42.29","41.00","25.78M","-2.77%"
"05/03/2019","43.33","42.49","43.38","42.41","16.58M","1.81%"
"05/02/2019","42.56","42.00","43.20","41.63","17.05M","1.58%"
"05/01/2019","41.90","42.43","42.93","41.89","17.67M","-0.38%"
"04/30/2019","42.06","41.86","42.36","41.58","16.34M","-0.12%"
"04/29/2019","42.11","42.13","42.61","41.73","13.45M","0.02%"
"04/26/2019","42.10","41.49","42.28","40.77","26.09M","-1.52%"
"04/25/2019","42.75","43.62","44.65","42.69","28.35M","-0.65%"
"04/24/2019","43.03","42.82","43.40","42.38","19.64M","0.61%"
"04/23/2019","42.77","43.37","43.47","42.72","21.49M","-1.45%"
"04/22/2019","43.40","43.14","43.57","42.53","19.45M","0.00%"
"04/18/2019","43.40","43.20","43.53","42.79","16.19M","0.58%"
"04/17/2019","43.15","43.36","44.05","42.76","22.09M","0.91%"
"04/16/2019","42.76","42.26","42.93","42.08","19.34M","2.25%"
"04/15/2019","41.82","42.17","42.23","41.20","16.93M","-0.45%"
"04/12/2019","42.01","42.85","43.20","41.80","21.74M","-0.64%"
"04/11/2019","42.28","42.20","42.73","42.13","18.16M","0.26%"
"04/10/2019","42.17","41.69","42.44","41.51","23.25M","1.08%"
"04/09/2019","41.72","42.54","42.60","41.27","29.06M","-2.75%"
"04/08/2019","42.90","42.18","43.14","42.12","24.55M","-0.97%"
"04/05/2019","43.32","43.30","43.53","42.72","21.12M","1.00%"
"04/04/2019","42.89","42.36","43.33","42.25","37.04M","-2.30%"
"04/03/2019","43.90","43.55","44.85","43.55","39.10M","3.44%"
"04/02/2019","42.44","42.08","42.79","41.75","21.44M","0.45%"
"04/01/2019","42.25","42.27","42.76","41.72","28.07M","2.23%"
"03/29/2019","41.33","40.25","41.52","40.22","35.72M","5.06%"
"03/28/2019","39.34","39.40","39.94","39.02","24.58M","0.28%"
"03/27/2019","39.23","40.38","40.85","39.01","26.86M","-2.70%"
"03/26/2019","40.32","41.17","41.65","40.10","24.69M","-0.57%"
"03/25/2019","40.55","41.34","41.98","40.06","34.52M","-2.57%"
"03/22/2019","41.62","43.47","43.48","41.55","46.61M","-5.39%"
"03/21/2019","43.99","41.70","44.21","41.65","84.99M","9.62%"
"03/20/2019","40.13","40.50","40.75","39.62","41.71M","-0.59%"
"03/19/2019","40.37","39.93","41.05","39.89","32.41M","1.92%"
"03/18/2019","39.61","39.60","40.41","39.15","22.30M","0.18%"
"03/15/2019","39.54","38.58","39.84","38.43","30.69M","2.94%"
"03/14/2019","38.41","38.74","39.63","38.34","19.76M","-1.08%"
"03/13/2019","38.83","39.40","39.72","38.64","22.79M","-1.07%"
"03/12/2019","39.25","39.17","39.40","38.83","18.62M","0.56%"
"03/11/2019","39.03","38.91","39.55","38.83","25.16M","0.98%"
"03/08/2019","38.65","36.89","38.81","36.57","34.08M","2.17%"
"03/07/2019","37.83","37.54","38.31","37.14","31.57M","-0.26%"
"03/06/2019","37.93","39.38","39.45","37.52","44.89M","-5.15%"
"03/05/2019","39.99","40.25","40.67","39.51","28.80M","-2.61%"
"03/04/2019","41.06","41.88","42.15","40.64","27.05M","-1.25%"
"03/01/2019","41.58","41.64","42.56","41.11","26.76M","1.71%"
"02/28/2019","40.88","40.20","41.15","39.80","25.78M","-1.06%"
"02/27/2019","41.32","42.62","42.76","41.01","29.52M","-3.82%"
"02/26/2019","42.96","42.35","43.15","42.29","18.05M","0.49%"
"02/25/2019","42.75","43.80","43.99","42.70","25.23M","0.42%"
"02/22/2019","42.57","42.08","42.57","41.83","22.83M","2.50%"
"02/21/2019","41.53","42.47","42.87","41.42","24.05M","-1.61%"
"02/20/2019","42.21","42.31","43.26","42.13","28.05M","0.60%"
"02/19/2019","41.96","41.70","42.49","41.50","25.58M","-0.07%"
"02/15/2019","41.99","42.27","42.40","41.42","28.97M","-0.57%"
"02/14/2019","42.23","41.39","43.16","41.31","41.76M","1.32%"
"02/13/2019","41.68","40.85","42.28","40.80","50.10M","3.17%"
"02/12/2019","40.40","39.39","40.77","39.24","43.59M","4.72%"
"02/11/2019","38.58","38.60","38.87","37.36","30.36M","0.00%"
"02/08/2019","38.58","37.80","38.78","37.45","35.57M","-2.03%"
"02/07/2019","39.38","40.81","41.05","38.91","40.40M","-5.15%"
"02/06/2019","41.52","40.40","41.96","40.37","47.47M","5.46%"
"02/05/2019","39.37","39.24","40.33","39.17","25.09M","-0.25%"
"02/04/2019","39.47","39.55","39.61","38.51","30.85M","-0.33%"
"02/01/2019","39.60","38.31","39.86","38.23","36.84M","3.61%"
"01/31/2019","38.22","37.63","38.82","37.28","34.13M","-0.05%"
"01/30/2019","38.24","38.30","38.76","37.59","32.85M","2.27%"
"01/29/2019","37.39","38.28","38.98","37.25","30.33M","-1.81%"
"01/28/2019","38.08","36.95","38.96","36.65","44.21M","-2.26%"
"01/25/2019","38.96","38.09","39.30","37.50","61.04M","6.48%"
"01/24/2019","36.59","35.31","37.44","35.10","65.09M","6.86%"
"01/23/2019","34.24","34.11","34.69","33.44","31.01M","1.09%"
"01/22/2019","33.87","35.25","35.25","33.55","37.02M","-5.29%"
"01/18/2019","35.76","34.23","36.19","34.06","44.87M","5.55%"
"01/17/2019","33.88","33.23","34.20","32.66","29.40M","0.89%"
"01/16/2019","33.58","34.04","34.33","33.53","24.89M","-1.21%"
"01/15/2019","33.99","35.02","35.23","33.65","30.63M","-1.96%"
"01/14/2019","34.67","34.72","34.92","34.26","34.61M","-3.72%"
"01/11/2019","36.01","35.42","36.73","35.01","30.47M","0.28%"
"01/10/2019","35.91","35.26","35.95","35.08","24.44M","1.33%"
"01/09/2019","35.44","34.97","36.29","34.92","54.15M","5.04%"
"01/08/2019","33.74","34.55","34.59","32.80","33.43M","-0.76%"
"01/07/2019","34.00","33.70","34.45","33.31","44.84M","3.98%"
"01/04/2019","32.70","31.66","33.04","31.55","28.56M","5.48%"
"01/03/2019","31.00","31.82","32.15","30.86","29.15M","-5.34%"
"01/02/2019","32.75","31.00","33.08","30.75","26.00M","3.21%"
"12/31/2018","31.73","31.99","32.40","31.46","21.39M","0.51%"
"12/28/2018","31.57","32.00","32.28","31.40","29.85M","-1.13%"
"12/27/2018","31.93","30.41","32.01","30.23","39.86M","3.37%"
"12/26/2018","30.89","29.34","30.91","28.39","45.71M","6.44%"
"12/24/2018","29.02","29.86","30.35","29.00","23.77M","-4.29%"
"12/21/2018","30.32","31.68","32.05","30.11","54.63M","-3.07%"
"12/20/2018","31.28","31.60","32.90","30.86","60.43M","-0.41%"
"12/19/2018","31.41","31.66","33.58","31.27","106.67M","-7.92%"
"12/18/2018","34.11","34.39","34.94","33.97","46.14M","0.68%"
"12/17/2018","33.88","34.16","35.22","33.60","30.89M","-0.94%"
"12/14/2018","34.20","34.44","35.45","34.06","28.92M","-2.34%"
"12/13/2018","35.02","36.29","36.37","34.76","23.83M","-2.80%"
"12/12/2018","36.03","35.94","36.61","35.40","26.64M","2.33%"
"12/11/2018","35.21","35.59","36.26","35.10","26.24M","1.18%"
"12/10/2018","34.80","34.83","35.72","34.53","33.98M","-1.44%"
"12/07/2018","35.31","37.62","37.62","35.21","30.62M","-6.26%"
"12/06/2018","37.67","35.66","37.68","35.13","37.49M","2.14%"
"12/04/2018","36.88","39.56","39.87","36.72","36.62M","-7.87%"
"12/03/2018","40.03","40.20","40.24","39.15","35.83M","3.81%"
"11/30/2018","38.56","37.75","38.63","36.94","28.18M","1.71%"
"11/29/2018","37.91","38.30","38.71","37.73","23.63M","-2.07%"
"11/28/2018","38.71","37.29","39.00","35.99","42.29M","4.62%"
"11/27/2018","37.00","36.09","37.45","36.02","21.40M","1.18%"
"11/26/2018","36.57","37.75","37.79","35.52","26.57M","0.47%"
"11/23/2018","36.40","35.93","37.50","35.92","11.26M","0.05%"
"11/21/2018","36.38","37.00","37.22","36.37","22.73M","0.72%"
"11/20/2018","36.12","34.10","36.99","34.05","38.73M","-1.93%"
"11/19/2018","36.83","39.20","39.32","36.67","31.04M","-6.62%"
"11/16/2018","39.44","38.45","39.71","38.33","25.45M","-1.18%"
"11/15/2018","39.91","37.95","40.17","37.62","30.05M","4.94%"
"11/14/2018","38.03","38.62","38.97","37.61","23.71M","0.48%"
"11/13/2018","37.85","37.66","38.74","37.44","25.87M","1.10%"
"11/12/2018","37.44","38.24","38.53","36.84","24.82M","-4.27%"
"11/09/2018","39.11","39.89","39.99","38.41","26.10M","-3.29%"
"11/08/2018","40.44","40.67","41.43","40.34","15.61M","-1.20%"
"11/07/2018","40.93","40.32","41.05","39.96","22.96M","2.84%"
"11/06/2018","39.80","39.74","40.56","39.56","19.32M","-0.30%"
"11/05/2018","39.92","40.10","40.24","38.77","22.90M","-0.99%"
"11/02/2018","40.32","40.19","40.94","39.64","33.65M","0.50%"
"11/01/2018","40.12","37.98","40.20","37.52","43.98M","6.36%"
"10/31/2018","37.72","36.58","38.04","35.80","44.06M","4.75%"
"10/30/2018","36.01","34.64","36.05","34.49","35.32M","3.89%"
"10/29/2018","34.66","36.14","36.20","33.82","34.18M","-2.09%"
"10/26/2018","35.40","35.28","35.91","34.30","41.26M","-3.75%"
"10/25/2018","36.78","35.59","37.16","35.06","39.63M","3.81%"
"10/24/2018","35.43","38.00","38.30","35.40","53.10M","-8.40%"
"10/23/2018","38.68","38.15","39.11","37.41","46.36M","-2.72%"
"10/22/2018","39.76","40.56","40.70","38.64","34.44M","-1.71%"
"10/19/2018","40.45","41.67","41.98","40.27","28.64M","-2.06%"
"10/18/2018","41.30","42.04","42.21","41.14","33.56M","-2.48%"
"10/17/2018","42.35","43.33","43.39","42.11","27.76M","-1.99%"
"10/16/2018","43.21","42.70","43.35","42.30","28.83M","2.05%"
"10/15/2018","42.34","42.03","42.55","41.63","27.70M","-0.31%"
"10/12/2018","42.47","43.58","43.75","41.92","32.85M","1.19%"
"10/11/2018","41.97","41.96","42.92","41.42","48.20M","0.87%"
"10/10/2018","41.61","41.50","42.75","41.32","48.45M","-1.56%"
"10/09/2018","42.27","42.81","43.04","41.98","31.58M","-1.86%"
"10/08/2018","43.07","43.28","43.85","42.61","27.43M","-1.17%"
"10/05/2018","43.58","44.08","44.63","42.81","35.37M","-1.31%"
"10/04/2018","44.16","44.50","44.75","43.51","34.58M","-2.19%"
"10/03/2018","45.15","46.28","46.41","44.71","29.51M","-1.33%"
"10/02/2018","45.76","44.90","46.69","44.88","32.40M","1.35%"
"10/01/2018","45.15","45.44","46.08","45.01","26.69M","-0.18%"
"09/28/2018","45.23","44.65","45.61","44.49","28.08M","0.53%"
"09/27/2018","44.99","44.23","45.52","44.05","26.95M","1.44%"
"09/26/2018","44.35","44.29","44.76","43.96","30.30M","-0.65%"
"09/25/2018","44.64","45.10","45.46","44.02","32.55M","-1.15%"
"09/24/2018","45.16","44.20","45.65","43.86","36.92M","0.94%"
"09/21/2018","44.74","44.40","45.60","43.80","97.05M","-2.87%"
"09/20/2018","46.06","46.40","47.22","45.91","75.14M","2.22%"
"09/19/2018","45.06","45.78","46.06","44.84","29.26M","-0.60%"
"09/18/2018","45.33","43.93","45.87","43.88","36.51M","4.02%"
"09/17/2018","43.58","43.59","44.32","43.25","28.21M","-1.63%"
"09/14/2018","44.30","44.11","44.56","43.46","40.61M","1.56%"
"09/13/2018","43.62","42.30","44.49","42.30","59.92M","4.50%"
"09/12/2018","41.74","41.24","42.18","40.68","66.92M","-4.27%"
"09/11/2018","43.60","43.65","43.75","42.35","48.98M","-2.90%"
"09/10/2018","44.90","45.25","45.38","44.39","33.08M","0.09%"
"09/07/2018","44.86","45.14","46.46","44.65","47.11M","0.47%"
"09/06/2018","44.65","48.20","48.45","44.06","94.41M","-9.87%"
"09/05/2018","49.54","51.39","51.60","49.07","39.13M","-4.60%"
"09/04/2018","51.93","52.13","52.30","50.71","28.98M","-1.12%"
"08/31/2018","52.52","52.70","53.23","52.22","29.94M","-0.45%"
"08/30/2018","52.76","51.56","53.68","51.40","32.42M","1.79%"
"08/29/2018","51.83","52.09","52.16","51.30","31.45M","-0.97%"
"08/28/2018","52.34","52.42","52.56","51.47","26.20M","0.52%"
"08/27/2018","52.07","51.35","52.45","51.17","29.13M","2.70%"
"08/24/2018","50.70","49.92","50.82","49.92","24.79M","2.01%"
"08/23/2018","49.70","50.05","50.24","49.40","26.83M","-1.07%"
"08/22/2018","50.24","50.38","50.65","49.87","26.74M","0.60%"
"08/21/2018","49.94","48.90","50.37","48.87","38.57M","3.89%"
"08/20/2018","48.07","47.40","48.61","46.47","33.02M","2.04%"
"08/17/2018","47.11","46.21","47.36","45.62","34.46M","0.02%"
"08/16/2018","47.10","48.20","48.31","46.96","33.66M","-0.82%"
"08/15/2018","47.49","49.83","49.86","47.14","57.75M","-6.18%"
"08/14/2018","50.62","51.73","51.77","50.01","32.05M","-1.40%"
"08/13/2018","51.34","51.61","52.06","51.27","24.61M","-0.06%"
"08/10/2018","51.37","51.25","51.95","51.02","31.34M","-1.70%"
"08/09/2018","52.26","52.65","52.85","51.93","34.54M","-2.12%"
"08/08/2018","53.39","52.84","53.53","52.46","18.07M","0.66%"
"08/07/2018","53.04","52.94","53.44","52.70","21.92M","0.70%"
"08/06/2018","52.67","52.22","52.81","51.50","28.78M","-0.27%"
"08/03/2018","52.81","53.30","53.40","52.26","22.96M","-1.10%"
"08/02/2018","53.40","51.70","53.55","51.38","28.71M","2.12%"
"08/01/2018","52.29","52.66","53.58","52.17","28.20M","-0.95%"
"07/31/2018","52.79","53.78","54.22","52.77","29.30M","-0.42%"
"07/30/2018","53.01","54.19","54.25","52.42","25.75M","-1.76%"
"07/27/2018","53.96","54.46","54.63","53.11","30.11M","0.37%"
"07/26/2018","53.76","53.60","54.74","53.45","28.86M","0.69%"
"07/25/2018","53.39","52.63","54.22","52.30","40.10M","0.41%"
"07/24/2018","53.17","55.00","55.40","52.94","39.01M","-2.06%"
"07/23/2018","54.29","53.51","54.58","52.22","42.78M","-1.33%"
"07/20/2018","55.02","56.08","56.14","54.83","32.62M","-2.13%"
"07/19/2018","56.22","57.25","57.55","55.67","39.39M","-2.14%"
"07/18/2018","57.45","57.25","58.15","56.92","33.73M","0.86%"
"07/17/2018","56.96","55.83","57.13","55.50","24.73M","1.44%"
"07/16/2018","56.15","56.60","57.18","56.06","25.74M","-0.35%"
"07/13/2018","56.35","55.51","56.59","55.32","28.82M","1.62%"
"07/12/2018","55.45","54.65","55.66","54.35","29.65M","2.34%"
"07/11/2018","54.18","54.39","55.00","53.77","38.70M","-2.80%"
"07/10/2018","55.74","54.66","55.90","54.35","34.85M","2.63%"
"07/09/2018","54.31","53.80","54.50","53.11","32.58M","2.03%"
"07/06/2018","53.23","52.54","53.41","51.98","31.84M","0.74%"
"07/05/2018","52.84","52.85","53.31","51.94","51.14M","2.64%"
"07/03/2018","51.48","54.55","54.79","50.10","52.19M","-5.51%"
"07/02/2018","54.48","51.52","54.53","51.32","38.93M","3.89%"
"06/29/2018","52.44","53.69","53.85","52.40","32.58M","-1.32%"
"06/28/2018","53.14","52.00","53.30","51.79","36.88M","1.68%"
"06/27/2018","52.26","55.00","55.35","52.16","53.01M","-4.27%"
"06/26/2018","54.59","54.41","54.77","53.61","42.28M","2.69%"
"06/25/2018","53.16","55.54","55.64","52.41","72.20M","-6.90%"
"06/22/2018","57.10","60.20","60.41","57.02","63.50M","-3.94%"
"06/21/2018","59.44","61.46","61.83","59.09","70.42M","0.83%"
"06/20/2018","58.95","60.13","61.12","58.80","57.50M","-0.51%"
"06/19/2018","59.25","57.64","59.46","57.11","43.49M","1.37%"
"06/18/2018","58.45","57.60","58.60","56.87","36.98M","0.38%"
"06/15/2018","58.23","58.53","59.10","57.30","45.85M","-1.61%"
"06/14/2018","59.18","60.55","60.57","58.67","43.42M","-1.45%"
"06/13/2018","60.05","60.30","61.27","60.02","33.28M","-0.83%"
"06/12/2018","60.55","61.84","61.85","59.94","43.63M","-1.37%"
"06/11/2018","61.39","61.71","62.55","61.07","42.25M","0.00%"
"06/08/2018","61.39","58.63","61.60","58.22","57.14M","2.95%"
"06/07/2018","59.63","59.85","60.27","58.56","42.26M","0.35%"
"06/06/2018","59.42","59.26","59.59","58.30","36.75M","0.02%"
"06/05/2018","59.41","59.80","60.14","58.83","41.71M","0.52%"
"06/04/2018","59.10","57.43","59.16","56.62","64.35M","0.61%"
"06/01/2018","58.74","58.81","59.34","56.88","74.76M","2.00%"
"05/31/2018","57.59","60.25","60.25","57.16","101.88M","-7.96%"
"05/30/2018","62.57","63.70","64.66","60.92","84.74M","-0.08%"
"05/29/2018","62.62","61.36","63.98","61.35","75.59M","2.07%"
"05/25/2018","61.35","60.85","62.10","60.61","54.72M","-0.23%"
"05/24/2018","61.49","60.18","61.99","59.56","74.72M","2.53%"
"05/23/2018","59.97","59.05","60.00","58.15","64.07M","1.59%"
"05/22/2018","59.03","59.05","60.50","58.30","111.26M","6.40%"
"05/21/2018","55.48","56.17","56.47","54.53","70.86M","3.91%"
"05/18/2018","53.39","53.60","54.65","52.85","46.09M","-2.39%"
"05/17/2018","54.70","56.01","56.44","53.93","54.83M","-3.19%"
"05/16/2018","56.50","55.59","56.91","55.48","59.01M","4.61%"
"05/15/2018","54.01","53.80","54.17","52.69","43.31M","1.91%"
"05/14/2018","53.00","52.99","53.71","52.86","33.38M","2.28%"
"05/11/2018","51.82","52.38","52.80","51.68","27.65M","-1.60%"
"05/10/2018","52.66","51.80","52.68","51.60","37.15M","3.23%"
"05/09/2018","51.01","49.06","51.03","48.99","36.49M","5.02%"
"05/08/2018","48.57","48.53","48.86","47.88","25.21M","0.19%"
"05/07/2018","48.48","48.26","49.11","48.11","34.00M","1.89%"
"05/04/2018","47.58","46.32","47.70","46.14","28.63M","2.06%"
"05/03/2018","46.62","45.74","46.87","45.33","30.49M","1.59%"
"05/02/2018","45.89","45.91","46.74","45.68","31.64M","-1.92%"
"05/01/2018","46.79","45.59","46.87","45.41","34.15M","1.76%"
"04/30/2018","45.98","47.06","47.69","45.31","54.74M","-3.24%"
"04/27/2018","47.52","51.11","51.39","47.19","50.05M","-5.23%"
"04/26/2018","50.14","49.28","50.18","48.83","39.04M","5.34%"
"04/25/2018","47.60","47.56","48.34","46.08","43.78M","1.04%"
"04/24/2018","47.11","49.66","50.26","46.44","61.92M","-3.90%"
"04/23/2018","49.02","50.81","50.88","48.81","43.69M","-3.16%"
"04/20/2018","50.62","51.50","52.07","50.15","38.51M","-1.56%"
"04/19/2018","51.42","52.90","54.10","50.98","52.63M","-4.80%"
"04/18/2018","54.01","51.45","54.27","50.68","55.39M","3.35%"
"04/17/2018","52.26","51.85","52.70","51.74","33.33M","1.18%"
"04/16/2018","51.65","52.25","52.48","51.32","30.88M","-1.11%"
"04/13/2018","52.23","53.40","53.49","51.58","43.60M","-0.68%"
"04/12/2018","52.59","51.12","52.92","51.10","46.66M","4.18%"
"04/11/2018","50.48","50.28","51.80","50.11","38.94M","0.00%"
"04/10/2018","50.48","49.25","50.75","48.63","50.49M","5.25%"
"04/09/2018","47.96","49.13","49.83","47.92","50.53M","-1.03%"
"04/06/2018","48.46","47.72","50.48","47.26","79.39M","-2.77%"
"04/05/2018","49.84","52.06","52.20","49.19","89.20M","-6.65%"
"04/04/2018","53.39","49.62","53.50","49.26","60.27M","3.57%"
"04/03/2018","51.55","50.80","51.77","50.32","52.44M","2.98%"
"04/02/2018","50.06","51.54","51.72","49.56","59.88M","-3.99%"
"03/29/2018","52.14","52.16","52.68","51.14","61.46M","1.26%"
"03/28/2018","51.49","51.93","53.35","50.70","62.99M","-1.74%"
"03/27/2018","52.40","55.06","55.47","51.68","67.79M","-5.69%"
"03/26/2018","55.56","56.26","56.71","52.72","70.26M","2.49%"
"03/23/2018","54.21","57.69","58.80","53.68","118.37M","-7.99%"
"03/22/2018","58.92","60.07","60.30","58.11","74.27M","-3.52%"
"03/21/2018","61.07","61.35","61.72","60.60","51.22M","-0.13%"
"03/20/2018","61.15","60.10","61.25","59.80","53.89M","1.68%"
"03/19/2018","60.14","60.36","60.99","58.75","71.37M","-0.73%"
"03/16/2018","60.58","60.00","60.69","59.21","69.32M","2.96%"
"03/15/2018","58.84","59.77","60.15","58.23","50.96M","-1.57%"
"03/14/2018","59.78","59.32","60.06","57.56","80.31M","0.59%"
"03/13/2018","59.43","62.17","63.42","58.52","142.32M","0.10%"
"03/12/2018","59.37","56.50","61.17","56.35","138.65M","8.76%"
"03/09/2018","54.59","55.76","55.83","53.62","65.50M","-1.14%"
"03/08/2018","55.22","54.59","55.47","54.30","51.69M","2.32%"
"03/07/2018","53.97","53.34","55.00","53.12","61.67M","0.43%"
"03/06/2018","53.74","53.40","54.64","53.21","73.10M","3.29%"
"03/05/2018","52.03","48.80","52.36","48.72","70.98M","5.95%"
"03/02/2018","49.11","46.36","49.25","45.95","52.49M","3.13%"
"03/01/2018","47.62","48.77","48.81","46.77","61.28M","-2.44%"
"02/28/2018","48.81","48.80","49.46","48.35","45.03M","0.47%"
"02/27/2018","48.58","47.66","48.99","47.42","44.73M","1.25%"
"02/26/2018","47.98","46.97","48.23","46.70","41.97M","3.12%"
"02/23/2018","46.53","45.18","46.80","45.02","48.48M","5.15%"
"02/22/2018","44.25","44.78","44.83","44.04","24.36M","-0.65%"
"02/21/2018","44.54","45.37","45.55","44.52","31.62M","-0.80%"
"02/20/2018","44.90","44.02","45.27","43.90","36.22M","1.56%"
"02/16/2018","44.21","43.29","45.11","43.13","49.40M","1.63%"
"02/15/2018","43.50","43.73","43.92","42.26","35.07M","0.12%"
"02/14/2018","43.45","41.93","43.63","41.93","36.77M","1.92%"
"02/13/2018","42.63","42.05","42.92","41.98","30.30M","1.04%"
"02/12/2018","42.19","41.01","42.68","40.88","47.94M","4.40%"
"02/09/2018","40.41","41.05","41.19","37.52","65.19M","1.02%"
"02/08/2018","40.00","42.52","43.03","40.00","53.79M","-4.78%"
"02/07/2018","42.01","43.26","43.56","41.74","51.35M","-4.26%"
"02/06/2018","43.88","40.55","43.93","40.55","66.97M","11.37%"
"02/05/2018","39.40","40.14","41.53","39.01","45.80M","-3.48%"
"02/02/2018","40.82","42.00","42.21","40.61","40.66M","-3.93%"
"02/01/2018","42.49","43.04","44.09","42.10","35.71M","-2.81%"
"01/31/2018","43.72","42.98","43.96","42.77","45.11M","4.92%"
"01/30/2018","41.67","41.99","42.80","41.47","38.86M","-3.74%"
"01/29/2018","43.29","43.25","43.42","42.38","29.46M","-0.87%"
"01/26/2018","43.67","43.22","43.80","43.03","27.18M","1.53%"
"01/25/2018","43.01","44.23","44.72","42.86","40.52M","-0.16%"
"01/24/2018","43.08","43.76","43.95","42.74","31.31M","-1.98%"
"01/23/2018","43.95","43.25","44.66","42.73","41.33M","2.50%"
"01/22/2018","42.88","42.47","42.88","41.68","37.88M","0.30%"
"01/19/2018","42.75","43.95","44.20","42.65","41.47M","-2.82%"
"01/18/2018","43.99","44.21","44.65","43.91","25.15M","-0.61%"
"01/17/2018","44.26","43.21","44.38","42.98","38.08M","3.12%"
"01/16/2018","42.92","43.14","43.86","42.42","38.17M","0.26%"
"01/12/2018","42.81","42.82","43.35","42.67","28.46M","-0.02%"
"01/11/2018","42.82","43.52","44.00","42.62","39.40M","-1.13%"
"01/10/2018","43.31","41.95","43.37","41.39","53.35M","0.79%"
"01/09/2018","42.97","45.27","45.55","42.77","62.98M","-5.66%"
"01/08/2018","45.55","45.31","46.09","44.91","32.22M","-0.55%"
"01/05/2018","45.80","46.13","46.66","45.38","47.38M","-2.30%"
"01/04/2018","46.88","45.99","46.98","45.01","52.23M","4.22%"
"01/03/2018","44.98","44.50","45.05","44.05","43.38M","3.00%"
"01/02/2018","43.67","41.54","43.72","41.19","37.10M","6.20%"
"12/29/2017","41.12","41.82","41.84","40.77","44.64M","-1.65%"
"12/28/2017","41.81","42.83","43.05","41.75","29.00M","-1.58%"
"12/27/2017","42.48","42.22","43.07","42.03","24.18M","0.54%"
"12/26/2017","42.25","43.19","43.20","41.52","41.97M","-4.24%"
"12/22/2017","44.12","44.18","44.94","43.94","30.37M","-0.68%"
"12/21/2017","44.42","45.55","45.58","44.35","50.49M","-2.91%"
"12/20/2017","45.75","46.65","46.80","44.86","84.34M","4.02%"
"12/19/2017","43.98","44.09","44.34","43.30","51.05M","0.62%"
"12/18/2017","43.71","43.37","43.73","42.99","35.08M","3.09%"
"12/15/2017","42.40","42.30","42.56","41.88","58.72M","0.38%"
"12/14/2017","42.24","42.29","42.73","41.88","24.58M","0.45%"
"12/13/2017","42.05","42.22","43.10","41.97","28.57M","0.45%"
"12/12/2017","41.86","42.69","42.85","41.71","28.49M","-2.67%"
"12/11/2017","43.01","43.42","43.75","42.33","32.82M","-0.46%"
"12/08/2017","43.21","44.04","44.58","42.87","44.72M","0.02%"
"12/07/2017","43.20","42.18","43.23","41.91","43.19M","3.90%"
"12/06/2017","41.58","40.82","41.74","40.30","39.74M","0.90%"
"12/05/2017","41.21","39.77","42.05","39.42","56.54M","3.28%"
"12/04/2017","39.90","41.95","42.29","39.07","73.64M","-4.98%"
"12/01/2017","41.99","41.73","42.55","40.01","73.14M","-0.94%"
"11/30/2017","42.39","44.16","44.53","41.86","63.90M","-3.09%"
"11/29/2017","43.74","47.50","47.60","43.27","81.37M","-8.74%"
"11/28/2017","47.93","48.45","48.86","47.82","30.63M","-0.25%"
"11/27/2017","48.05","47.96","48.39","47.09","44.47M","-3.28%"
"11/24/2017","49.68","49.32","49.88","49.03","14.20M","1.10%"
"11/22/2017","49.14","49.85","49.89","48.62","28.71M","-0.53%"
"11/21/2017","49.40","48.36","49.63","48.15","35.76M","3.69%"
"11/20/2017","47.64","46.51","47.86","46.40","26.97M","3.21%"
"11/17/2017","46.16","46.54","46.55","45.73","22.61M","-0.04%"
"11/16/2017","46.18","45.73","46.29","45.29","24.19M","1.81%"
"11/15/2017","45.36","45.19","45.74","44.62","22.43M","-0.96%"
"11/14/2017","45.80","45.58","46.00","44.80","29.90M","0.44%"
"11/13/2017","45.60","44.50","45.87","44.19","30.52M","1.83%"
"11/10/2017","44.78","43.76","44.84","43.71","33.84M","2.94%"
"11/09/2017","43.50","43.69","43.69","42.58","32.50M","-1.34%"
"11/08/2017","44.09","43.85","44.14","43.45","19.52M","0.32%"
"11/07/2017","43.95","43.58","44.24","43.33","32.42M","1.62%"
"11/06/2017","43.25","43.85","44.01","42.45","28.84M","-1.05%"
"11/03/2017","43.71","44.77","45.00","43.35","27.69M","-1.42%"
"11/02/2017","44.34","44.08","44.75","43.72","25.81M","-0.09%"
"11/01/2017","44.38","44.79","45.33","43.78","38.84M","0.16%"
"10/31/2017","44.31","42.25","44.57","42.20","61.97M","6.39%"
"10/30/2017","41.65","40.73","41.86","40.68","29.12M","1.96%"
"10/27/2017","40.85","40.59","40.94","40.04","31.09M","0.62%"
"10/26/2017","40.60","41.17","41.18","40.31","27.45M","-1.12%"
"10/25/2017","41.06","41.31","41.59","40.31","31.06M","-1.30%"
"10/24/2017","41.60","41.74","42.01","41.43","26.30M","0.10%"
"10/23/2017","41.56","41.85","42.19","41.40","26.84M","0.14%"
"10/20/2017","41.50","42.00","42.17","41.44","36.29M","0.46%"
"10/19/2017","41.31","41.18","41.50","39.80","47.68M","-0.82%"
"10/18/2017","41.65","41.04","41.95","40.81","43.53M","3.12%"
"10/17/2017","40.39","41.14","41.40","40.25","41.23M","-2.65%"
"10/16/2017","41.49","40.88","41.57","40.51","33.70M","2.70%"
"10/13/2017","40.40","40.78","41.17","40.32","35.37M","-0.44%"
"10/12/2017","40.58","41.21","41.75","40.29","66.79M","-2.48%"
"10/11/2017","41.61","40.84","42.07","40.80","53.02M","-0.88%"
"10/10/2017","41.98","41.45","42.00","40.45","48.21M","2.49%"
"10/09/2017","40.96","39.72","40.99","39.62","27.28M","3.25%"
"10/06/2017","39.67","39.00","39.67","38.81","25.15M","0.76%"
"10/05/2017","39.37","39.80","39.86","39.25","22.50M","-0.48%"
"10/04/2017","39.56","40.14","40.43","38.91","37.91M","-2.01%"
"10/03/2017","40.37","39.93","40.54","39.85","27.32M","0.90%"
"10/02/2017","40.01","39.60","40.37","39.36","54.24M","1.73%"
"09/29/2017","39.33","37.98","39.36","37.81","48.71M","3.61%"
"09/28/2017","37.96","37.15","38.46","36.82","52.57M","2.35%"
"09/27/2017","37.09","36.26","37.15","35.92","84.59M","8.51%"
"09/26/2017","34.18","35.23","35.37","34.09","55.11M","-1.98%"
"09/25/2017","34.87","36.04","36.15","34.54","35.61M","-3.33%"
"09/22/2017","36.07","35.60","36.22","35.60","21.56M","0.45%"
"09/21/2017","35.91","35.93","36.25","35.40","22.46M","-0.17%"
"09/20/2017","35.97","36.03","36.60","35.34","42.24M","0.06%"
"09/19/2017","35.95","35.50","36.10","35.50","26.39M","1.47%"
"09/18/2017","35.43","35.13","35.80","35.02","41.33M","2.25%"
"09/15/2017","34.65","34.64","35.00","34.38","37.42M","0.20%"
"09/14/2017","34.58","34.43","34.85","34.30","23.01M","-0.03%"
"09/13/2017","34.59","34.56","34.80","34.02","41.59M","0.87%"
"09/12/2017","34.29","33.69","34.54","33.56","38.69M","2.54%"
"09/11/2017","33.44","32.90","33.44","32.81","31.01M","3.05%"
"09/08/2017","32.45","32.80","33.02","32.31","19.65M","-1.04%"
"09/07/2017","32.79","32.47","32.90","32.45","25.35M","1.67%"
"09/06/2017","32.25","32.07","32.70","32.06","29.29M","0.56%"
"09/05/2017","32.07","32.45","32.74","31.65","28.96M","-1.63%"
"09/01/2017","32.60","32.13","32.88","32.13","26.03M","1.97%"
"08/31/2017","31.97","31.61","32.02","31.48","25.69M","1.14%"
"08/30/2017","31.61","31.65","31.68","31.38","17.47M","0.41%"
"08/29/2017","31.48","30.75","31.53","30.70","23.15M","1.29%"
"08/28/2017","31.08","30.43","31.21","30.42","22.53M","2.61%"
"08/25/2017","30.29","30.30","30.39","30.05","13.93M","0.23%"
"08/24/2017","30.22","30.55","30.63","30.11","18.06M","-0.76%"
"08/23/2017","30.45","29.97","30.74","29.87","21.20M","0.00%"
"08/22/2017","30.45","29.85","30.54","29.77","18.82M","3.01%"
"08/21/2017","29.56","30.53","30.60","29.28","26.25M","-2.70%"
"08/18/2017","30.38","29.96","30.60","29.76","31.18M","2.57%"
"08/17/2017","29.62","30.32","30.53","29.61","26.15M","-3.49%"
"08/16/2017","30.69","30.02","30.86","29.96","37.88M","3.40%"
"08/15/2017","29.68","29.50","29.80","29.14","23.97M","1.50%"
"08/14/2017","29.24","28.82","29.36","28.72","25.25M","4.39%"
"08/11/2017","28.01","27.44","28.04","26.85","23.38M","1.89%"
"08/10/2017","27.49","28.30","28.38","27.43","26.15M","-3.81%"
"08/09/2017","28.58","28.51","28.89","28.36","14.18M","-0.90%"
"08/08/2017","28.84","28.61","29.34","28.61","21.90M","0.87%"
"08/07/2017","28.59","27.93","28.61","27.80","16.59M","2.40%"
"08/04/2017","27.92","27.86","28.30","27.27","23.95M","0.32%"
"08/03/2017","27.83","28.39","28.40","27.61","30.29M","-2.79%"
"08/02/2017","28.63","28.96","29.43","28.22","27.23M","1.02%"
"08/01/2017","28.34","28.22","28.93","27.83","28.22M","0.78%"
"07/31/2017","28.12","29.43","29.55","27.87","41.11M","-3.96%"
"07/28/2017","29.28","29.96","29.98","28.96","31.85M","-3.17%"
"07/27/2017","30.24","30.27","31.30","29.66","38.97M","1.44%"
"07/26/2017","29.81","29.85","30.05","29.68","26.39M","-0.30%"
"07/25/2017","29.90","30.80","30.83","29.65","51.22M","-5.59%"
"07/24/2017","31.67","32.00","32.01","31.50","17.42M","-1.06%"
"07/21/2017","32.01","31.90","32.10","31.62","21.15M","0.03%"
"07/20/2017","32.00","31.93","32.02","31.42","23.18M","0.57%"
"07/19/2017","31.82","32.05","32.35","31.65","19.98M","-0.25%"
"07/18/2017","31.90","31.64","31.91","31.40","14.04M","0.57%"
"07/17/2017","31.72","31.67","31.86","31.44","22.32M","-0.22%"
"07/14/2017","31.79","31.35","31.95","31.26","28.89M","2.12%"
"07/13/2017","31.13","31.55","31.85","30.84","23.77M","-1.02%"
"07/12/2017","31.45","31.77","31.78","31.16","22.26M","0.26%"
"07/11/2017","31.37","30.55","31.39","30.51","28.53M","2.85%"
"07/10/2017","30.50","30.16","30.59","29.75","24.91M","0.99%"
"07/07/2017","30.20","30.22","30.50","29.98","22.02M","0.33%"
"07/06/2017","30.10","29.94","30.48","29.92","27.14M","-1.34%"
"07/05/2017","30.51","29.55","30.56","29.55","40.44M","4.70%"
"07/03/2017","29.14","30.09","30.28","28.56","36.83M","-2.41%"
"06/30/2017","29.86","32.12","32.15","29.71","73.31M","-5.12%"
"06/29/2017","31.47","32.29","32.39","30.64","53.95M","-2.39%"
"06/28/2017","32.24","32.07","32.28","31.44","28.42M","1.83%"
"06/27/2017","31.66","32.51","32.66","31.61","33.22M","-2.58%"
"06/26/2017","32.50","32.45","32.96","31.95","34.75M","2.43%"
"06/23/2017","31.73","31.89","32.08","31.64","45.32M","-0.50%"
"06/22/2017","31.89","32.04","32.40","31.76","23.05M","-0.37%"
"06/21/2017","32.01","31.18","32.15","31.06","30.58M","3.83%"
"06/20/2017","30.83","31.40","31.57","30.73","25.79M","-1.19%"
"06/19/2017","31.20","30.51","31.25","30.33","24.91M","4.49%"
"06/16/2017","29.86","30.63","31.00","29.82","42.88M","-2.29%"
"06/15/2017","30.56","30.47","30.97","30.08","33.67M","-1.61%"
"06/14/2017","31.06","31.78","31.79","30.85","28.93M","-1.52%"
"06/13/2017","31.54","31.75","32.24","30.77","33.77M","1.09%"
"06/12/2017","31.20","30.06","31.68","29.21","46.55M","1.96%"
"06/09/2017","30.60","32.67","32.93","29.55","53.06M","-5.70%"
"06/08/2017","32.45","32.84","32.86","31.88","29.16M","-0.15%"
"06/07/2017","32.50","31.70","32.55","31.70","32.64M","2.95%"
"06/06/2017","31.57","31.04","31.77","30.87","33.13M","1.15%"
"06/05/2017","31.21","31.30","31.75","31.07","24.36M","0.00%"
"06/02/2017","31.21","30.80","31.38","30.53","20.21M","1.46%"
"06/01/2017","30.76","30.75","30.83","30.28","20.53M","-0.03%"
"05/31/2017","30.77","31.01","31.10","30.32","26.40M","0.23%"
"05/30/2017","30.70","29.94","30.87","29.88","34.69M","3.16%"
"05/26/2017","29.76","29.27","29.77","28.88","17.78M","1.12%"
"05/25/2017","29.43","29.20","29.66","29.19","20.71M","1.52%"
"05/24/2017","28.99","28.47","29.12","28.44","22.35M","2.47%"
"05/23/2017","28.29","28.08","28.31","27.56","21.80M","0.82%"
"05/22/2017","28.06","28.20","28.25","27.64","18.03M","0.86%"
"05/19/2017","27.82","27.78","28.16","27.73","19.17M","1.24%"
"05/18/2017","27.48","27.15","27.89","27.09","26.86M","1.78%"
"05/17/2017","27.00","28.34","28.51","26.96","38.03M","-6.96%"
"05/16/2017","29.02","28.92","29.08","28.57","14.94M","0.66%"
"05/15/2017","28.83","29.08","29.19","28.73","21.90M","-0.35%"
"05/12/2017","28.93","29.10","29.12","28.68","15.90M","-0.34%"
"05/11/2017","29.03","29.17","29.31","28.69","22.49M","-0.99%"
"05/10/2017","29.32","28.92","29.41","28.80","29.27M","1.77%"
"05/09/2017","28.81","28.11","28.90","28.06","31.07M","2.67%"
"05/08/2017","28.06","27.56","28.07","27.28","32.33M","-0.50%"
"05/05/2017","28.20","27.80","28.22","27.62","15.64M","1.48%"
"05/04/2017","27.79","27.94","28.16","27.72","15.54M","-0.75%"
"05/03/2017","28.00","27.55","28.10","27.55","15.06M","0.83%"
"05/02/2017","27.77","28.28","28.28","27.45","25.34M","-1.84%"
"05/01/2017","28.29","27.85","28.38","27.72","23.94M","2.24%"
"04/28/2017","27.67","28.02","28.20","27.51","28.11M","0.14%"
"04/27/2017","27.63","27.17","27.65","27.09","24.63M","3.14%"
"04/26/2017","26.79","26.58","27.07","26.39","24.67M","-0.74%"
"04/25/2017","26.99","26.71","27.02","26.36","22.88M","1.58%"
"04/24/2017","26.57","27.74","27.76","26.52","44.04M","-2.75%"
"04/21/2017","27.32","28.00","28.03","27.16","28.36M","-2.29%"
"04/20/2017","27.96","27.50","28.08","27.50","23.63M","2.57%"
"04/19/2017","27.26","27.45","27.55","27.05","21.23M","0.44%"
"04/18/2017","27.14","27.00","27.34","26.90","14.41M","0.04%"
"04/17/2017","27.13","26.91","27.22","26.83","14.11M","1.46%"
"04/13/2017","26.74","26.55","27.23","26.36","26.08M","0.19%"
"04/12/2017","26.69","27.42","27.43","26.66","24.62M","-1.80%"
"04/11/2017","27.18","27.50","27.54","26.68","38.62M","-1.66%"
"04/10/2017","27.64","28.45","28.49","27.58","27.42M","-3.09%"
"04/07/2017","28.52","28.45","28.86","28.35","20.33M","-0.35%"
"04/06/2017","28.62","28.25","28.78","28.02","19.42M","1.27%"
"04/05/2017","28.26","28.64","28.91","28.23","22.39M","-1.15%"
"04/04/2017","28.59","28.47","28.68","28.16","13.96M","-0.17%"
"04/03/2017","28.64","28.95","29.04","28.30","21.63M","-0.90%"
"03/31/2017","28.90","29.10","29.36","28.90","32.34M","-0.24%"
"03/30/2017","28.97","28.40","29.00","28.33","25.09M","1.65%"
"03/29/2017","28.50","28.60","28.68","28.35","23.06M","-0.66%"
"03/28/2017","28.69","28.73","29.06","28.62","24.78M","-0.24%"
"03/27/2017","28.76","28.10","29.18","28.07","48.19M","1.16%"
"03/24/2017","28.43","29.71","29.87","28.16","107.48M","7.40%"
"03/23/2017","26.47","26.36","26.49","26.04","47.12M","1.57%"
"03/22/2017","26.06","25.73","26.15","25.63","25.09M","2.12%"
"03/21/2017","25.52","26.30","26.44","25.43","28.40M","-2.63%"
"03/20/2017","26.21","25.99","26.61","25.81","26.92M","1.59%"
"03/17/2017","25.80","25.86","25.91","25.40","19.13M","-0.92%"
"03/16/2017","26.04","26.20","26.23","25.83","19.15M","-0.31%"
"03/15/2017","26.12","25.15","26.15","24.93","29.78M","2.11%"
"03/14/2017","25.58","25.59","25.70","25.25","14.59M","-0.47%"
"03/13/2017","25.70","25.39","25.82","25.29","23.77M","2.07%"
"03/10/2017","25.18","25.27","25.75","24.81","28.92M","0.12%"
"03/09/2017","25.15","25.23","25.49","24.85","21.79M","-0.91%"
"03/08/2017","25.38","25.64","25.83","25.04","24.92M","-1.01%"
"03/07/2017","25.64","25.56","25.75","25.28","20.31M","-0.27%"
"03/06/2017","25.71","25.50","25.92","25.17","25.53M","0.55%"
"03/03/2017","25.57","25.20","25.68","24.98","37.97M","3.52%"
"03/02/2017","24.70","24.88","25.25","24.38","45.94M","0.61%"
"03/01/2017","24.55","24.16","24.58","24.07","27.99M","4.74%"
"02/28/2017","23.44","23.79","23.95","23.32","21.45M","-1.35%"
"02/27/2017","23.76","23.36","23.77","23.15","18.00M","2.24%"
"02/24/2017","23.24","22.96","23.26","22.64","22.02M","-1.02%"
"02/23/2017","23.48","23.92","23.97","23.23","20.17M","-1.14%"
"02/22/2017","23.75","23.86","24.06","23.65","16.01M","-0.08%"
"02/21/2017","23.77","23.62","23.98","23.58","20.26M","1.80%"
"02/17/2017","23.35","23.01","23.38","23.01","22.11M","1.61%"
"02/16/2017","22.98","23.04","23.34","22.85","23.82M","-0.17%"
"02/15/2017","23.02","23.07","23.26","22.79","28.22M","-0.43%"
"02/14/2017","23.12","23.36","23.37","22.68","60.69M","-3.26%"
"02/13/2017","23.90","24.07","24.20","23.82","16.88M","-0.62%"
"02/10/2017","24.05","24.71","24.76","23.90","28.58M","-1.64%"
"02/09/2017","24.45","24.75","24.89","24.42","27.89M","0.99%"
"02/08/2017","24.21","24.25","24.38","23.91","21.56M","-1.59%"
"02/07/2017","24.60","24.59","24.69","24.21","19.88M","1.07%"
"02/06/2017","24.34","24.53","24.73","24.21","18.90M","-1.06%"
"02/03/2017","24.60","24.90","25.24","24.50","25.05M","-0.77%"
"02/02/2017","24.79","24.53","25.31","24.46","45.50M","0.16%"
"02/01/2017","24.75","24.43","24.85","24.31","28.73M","2.65%"
"01/31/2017","24.11","23.95","24.15","23.68","22.71M","-0.29%"
"01/30/2017","24.18","23.82","24.24","23.43","30.51M","0.88%"
"01/27/2017","23.97","23.53","24.10","23.45","18.63M","1.91%"
"01/26/2017","23.52","23.80","23.99","23.29","19.38M","-0.17%"
"01/25/2017","23.56","23.40","23.98","23.19","33.38M","3.11%"
"01/24/2017","22.85","22.27","23.09","22.26","29.46M","4.39%"
"01/23/2017","21.89","21.96","22.31","21.74","16.07M","-0.32%"
"01/20/2017","21.96","21.90","22.33","21.89","19.98M","1.15%"
"01/19/2017","21.71","21.50","22.30","21.49","31.26M","-2.73%"
"01/18/2017","22.32","21.68","22.34","21.53","19.49M","2.67%"
"01/17/2017","21.74","21.88","22.07","21.58","20.05M","-1.98%"
"01/13/2017","22.18","22.27","22.31","21.98","14.03M","-0.58%"
"01/12/2017","22.31","22.46","22.48","21.70","27.59M","-2.11%"
"01/11/2017","22.79","22.61","22.88","22.56","20.91M","1.38%"
"01/10/2017","22.48","22.36","22.69","22.30","20.64M","0.63%"
"01/09/2017","22.34","21.94","22.55","21.94","21.54M","1.36%"
"01/06/2017","22.04","22.27","22.28","21.98","17.78M","-0.32%"
"01/05/2017","22.11","22.40","22.57","21.96","19.76M","-1.12%"
"01/04/2017","22.36","22.67","22.84","22.25","20.43M","-0.84%"
"01/03/2017","22.55","22.07","22.74","22.05","24.96M","2.87%"
"12/30/2016","21.92","22.35","22.40","21.75","20.27M","-1.57%"
"12/29/2016","22.27","22.58","22.80","22.15","19.89M","-2.24%"
"12/28/2016","22.78","23.40","23.41","22.76","24.03M","-2.23%"
"12/27/2016","23.30","23.35","23.64","23.21","24.21M","0.17%"
"12/23/2016","23.26","23.07","23.49","23.06","27.78M","0.30%"
"12/22/2016","23.19","22.91","23.49","22.77","85.87M","12.68%"
"12/21/2016","20.58","20.75","20.83","20.34","32.03M","-0.34%"
"12/20/2016","20.65","20.73","20.80","20.47","23.02M","1.47%"
"12/19/2016","20.35","20.43","20.70","20.19","23.56M","0.39%"
"12/16/2016","20.27","20.53","21.00","20.19","36.64M","-0.10%"
"12/15/2016","20.29","20.10","20.50","19.98","19.45M","1.35%"
"12/14/2016","20.02","19.93","20.33","19.78","19.49M","-0.55%"
"12/13/2016","20.13","20.14","20.47","19.80","26.25M","0.55%"
"12/12/2016","20.02","20.30","20.51","19.49","28.68M","-2.34%"
"12/09/2016","20.50","20.73","20.85","20.13","23.98M","-0.77%"
"12/08/2016","20.66","20.75","20.99","20.29","36.26M","1.08%"
"12/07/2016","20.44","19.50","20.54","19.30","44.74M","7.24%"
"12/06/2016","19.06","18.62","19.09","18.58","22.27M","2.42%"
"12/05/2016","18.61","19.00","19.00","18.39","26.64M","-0.96%"
"12/02/2016","18.79","18.46","19.20","18.30","25.89M","1.68%"
"12/01/2016","18.48","19.70","19.83","18.18","40.71M","-5.38%"
"11/30/2016","19.53","19.58","19.76","19.36","26.03M","0.57%"
"11/29/2016","19.42","19.92","20.20","19.38","37.92M","-2.85%"
"11/28/2016","19.99","20.18","20.28","19.95","22.21M","-0.70%"
"11/25/2016","20.13","19.95","20.44","19.79","16.31M","1.10%"
"11/23/2016","19.91","19.63","19.93","19.47","20.04M","0.86%"
"11/22/2016","19.74","19.64","19.80","19.45","22.22M","1.28%"
"11/21/2016","19.49","19.39","19.67","19.34","22.74M","1.46%"
"11/18/2016","19.21","18.90","19.33","18.85","29.12M","0.16%"
"11/17/2016","19.18","18.35","19.34","18.25","45.96M","5.15%"
"11/16/2016","18.24","17.94","18.33","17.93","21.63M","0.77%"
"11/15/2016","18.10","17.66","18.17","17.66","25.15M","2.20%"
"11/14/2016","17.71","17.77","17.98","17.53","26.31M","0.23%"
"11/11/2016","17.67","17.08","17.68","16.90","31.04M","4.00%"
"11/10/2016","16.99","17.35","17.76","16.75","30.28M","-1.22%"
"11/09/2016","17.20","16.95","17.35","16.75","33.87M","-1.21%"
"11/08/2016","17.41","17.30","17.55","17.06","18.06M","0.17%"
"11/07/2016","17.38","17.02","17.43","17.02","21.67M","4.20%"
"11/04/2016","16.68","16.46","17.02","16.45","18.03M","0.36%"
"11/03/2016","16.62","16.66","16.81","16.56","17.26M","-0.36%"
"11/02/2016","16.68","16.95","17.02","16.50","24.95M","-1.77%"
"11/01/2016","16.98","17.20","17.41","16.58","27.15M","-1.05%"
"10/31/2016","17.16","17.54","17.76","17.16","23.27M","-0.23%"
"10/28/2016","17.20","17.60","17.67","17.10","20.83M","-1.88%"
"10/27/2016","17.53","17.82","17.90","17.40","21.20M","-0.62%"
"10/26/2016","17.64","17.30","17.93","17.20","23.61M","0.57%"
"10/25/2016","17.54","17.10","17.61","17.10","27.44M","2.81%"
"10/24/2016","17.06","17.07","17.16","16.97","13.84M","0.71%"
"10/21/2016","16.94","17.00","17.07","16.80","18.71M","-1.51%"
"10/20/2016","17.20","17.05","17.50","17.05","17.13M","-0.06%"
"10/19/2016","17.21","17.00","17.25","16.85","18.63M","-1.15%"
"10/18/2016","17.41","17.21","17.66","17.20","20.19M","2.47%"
"10/17/2016","16.99","17.02","17.16","16.93","12.66M","-0.82%"
"10/14/2016","17.13","17.03","17.41","16.99","23.54M","1.66%"
"10/13/2016","16.85","16.56","17.00","16.17","28.59M","0.42%"
"10/12/2016","16.78","16.88","17.04","16.67","17.90M","-0.47%"
"10/11/2016","16.86","17.40","17.47","16.53","38.07M","-3.66%"
"10/10/2016","17.50","17.72","17.84","17.49","18.86M","-0.62%"
"10/07/2016","17.61","17.72","17.80","17.30","23.85M","-0.68%"
"10/06/2016","17.73","17.64","17.89","17.54","21.61M","0.17%"
"10/05/2016","17.70","17.55","18.33","17.28","67.74M","-0.56%"
"10/04/2016","17.80","17.98","18.04","17.66","54.50M","0.39%"
"10/03/2016","17.73","17.99","18.02","17.60","26.86M","-0.28%"
"09/30/2016","17.78","17.75","18.00","17.57","21.36M","1.37%"
"09/29/2016","17.54","17.45","17.77","17.34","31.87M","0.57%"
"09/28/2016","17.44","18.16","18.16","17.15","42.72M","-3.11%"
"09/27/2016","18.00","17.53","18.08","17.35","28.62M","3.69%"
"09/26/2016","17.36","17.35","17.60","17.18","19.57M","-0.69%"
"09/23/2016","17.48","17.45","17.74","17.43","17.95M","-0.63%"
"09/22/2016","17.59","17.89","18.05","17.41","25.28M","-0.40%"
"09/21/2016","17.66","17.25","17.70","17.23","31.38M","4.37%"
"09/20/2016","16.92","17.05","17.27","16.72","17.78M","-0.18%"
"09/19/2016","16.95","17.63","17.77","16.85","24.00M","-3.03%"
"09/16/2016","17.48","18.08","18.08","17.34","37.45M","0.17%"
"09/15/2016","17.45","16.90","17.46","16.85","24.32M","3.07%"
"09/14/2016","16.93","16.88","17.08","16.65","18.64M","1.07%"
"09/13/2016","16.75","16.92","17.14","16.46","24.35M","-2.33%"
"09/12/2016","17.15","16.61","17.20","16.37","28.24M","2.02%"
"09/09/2016","16.81","17.33","17.74","16.69","31.39M","-3.67%"
"09/08/2016","17.45","17.18","17.86","16.88","39.21M","1.69%"
"09/07/2016","17.16","17.21","17.35","17.02","23.02M","0.88%"
"09/06/2016","17.01","16.80","17.08","16.75","23.00M","1.86%"
"09/02/2016","16.70","16.96","16.97","16.57","16.10M","0.36%"
"09/01/2016","16.64","16.61","16.80","16.30","15.72M","0.91%"
"08/31/2016","16.49","16.70","16.74","16.14","21.96M","-1.49%"
"08/30/2016","16.74","17.00","17.01","16.51","23.62M","-1.01%"
"08/29/2016","16.91","16.92","17.25","16.61","34.47M","2.42%"
"08/26/2016","16.51","16.34","16.80","16.29","24.24M","1.91%"
"08/25/2016","16.20","15.90","16.55","15.88","34.84M","4.45%"
"08/24/2016","15.51","16.20","16.24","15.38","26.69M","-4.14%"
"08/23/2016","16.18","16.27","16.54","16.14","23.74M","-0.06%"
"08/22/2016","16.19","16.15","16.43","15.91","22.15M","-0.37%"
"08/19/2016","16.25","16.16","16.45","16.03","35.06M","3.04%"
"08/18/2016","15.77","15.55","15.80","15.51","16.59M","1.61%"
"08/17/2016","15.52","15.53","15.76","15.46","22.55M","0.19%"
"08/16/2016","15.49","15.58","15.59","15.23","21.87M","-0.26%"
"08/15/2016","15.53","15.09","15.70","15.08","29.11M","4.02%"
"08/12/2016","14.93","14.46","14.99","14.43","24.91M","3.47%"
"08/11/2016","14.43","14.25","14.48","14.21","14.45M","1.62%"
"08/10/2016","14.20","14.48","14.50","14.03","15.00M","-1.93%"
"08/09/2016","14.48","14.56","14.70","14.40","12.57M","0.42%"
"08/08/2016","14.42","14.53","14.72","14.38","16.16M","-0.69%"
"08/05/2016","14.52","14.22","14.78","14.20","29.10M","3.49%"
"08/04/2016","14.03","13.61","14.20","13.60","23.40M","3.85%"
"08/03/2016","13.51","13.27","13.58","13.27","17.32M","0.82%"
"08/02/2016","13.40","13.55","13.58","13.02","23.71M","-1.18%"
"08/01/2016","13.56","13.81","13.92","13.55","16.36M","-1.31%"
"07/29/2016","13.74","13.91","13.94","13.62","21.79M","-0.51%"
"07/28/2016","13.81","14.13","14.19","13.70","25.50M","-2.68%"
"07/27/2016","14.19","14.85","14.89","14.05","35.04M","-3.27%"
"07/26/2016","14.67","14.00","14.69","13.93","38.96M","5.39%"
"07/25/2016","13.92","14.00","14.33","13.88","51.36M","6.02%"
"07/22/2016","13.13","13.21","13.23","13.02","18.76M","-0.38%"
"07/21/2016","13.18","13.48","13.50","13.08","16.73M","-3.02%"
"07/20/2016","13.59","13.33","13.62","13.24","35.67M","2.80%"
"07/19/2016","13.22","13.22","13.26","13.05","30.57M","-0.90%"
"07/18/2016","13.34","13.25","13.36","13.09","17.18M","1.60%"
"07/15/2016","13.13","13.31","13.50","13.04","18.05M","-1.20%"
"07/14/2016","13.29","13.50","13.55","13.27","18.70M","0.00%"
"07/13/2016","13.29","13.24","13.39","13.07","23.07M","0.45%"
"07/12/2016","13.23","13.00","13.46","12.98","35.23M","4.67%"
"07/11/2016","12.64","12.79","12.98","12.61","22.80M","0.16%"
"07/08/2016","12.62","12.39","12.72","12.38","27.96M","3.44%"
"07/07/2016","12.20","11.90","12.55","11.89","33.46M","4.01%"
"07/06/2016","11.73","11.76","11.85","11.50","35.75M","-1.51%"
"07/05/2016","11.91","12.38","12.45","11.80","37.30M","-4.72%"
"07/01/2016","12.50","12.58","12.90","12.31","68.85M","-9.16%"
"06/30/2016","13.76","13.34","13.78","13.22","48.49M","4.32%"
"06/29/2016","13.19","13.30","13.42","12.94","36.88M","1.54%"
"06/28/2016","12.99","12.64","13.04","12.62","34.84M","6.21%"
"06/27/2016","12.23","13.13","13.24","12.10","45.94M","-7.42%"
"06/24/2016","13.21","13.50","13.85","13.13","77.49M","-5.98%"
"06/23/2016","14.05","13.41","14.16","13.41","71.20M","10.46%"
"06/22/2016","12.72","12.78","13.04","12.67","26.97M","-0.24%"
"06/21/2016","12.75","12.54","12.83","12.42","25.06M","3.49%"
"06/20/2016","12.32","12.51","12.66","12.29","21.48M","0.98%"
"06/17/2016","12.20","11.97","12.35","11.95","20.60M","2.09%"
"06/16/2016","11.95","11.87","11.98","11.57","22.45M","-0.58%"
"06/15/2016","12.02","12.16","12.25","11.95","17.49M","0.84%"
"06/14/2016","11.92","12.07","12.32","11.73","21.91M","-1.08%"
"06/13/2016","12.05","12.00","12.36","11.94","15.57M","-0.74%"
"06/10/2016","12.14","12.32","12.37","12.04","21.44M","-2.96%"
"06/09/2016","12.51","12.47","12.70","12.23","21.88M","-0.56%"
"06/08/2016","12.58","13.08","13.09","12.51","25.87M","-3.23%"
"06/07/2016","13.00","12.83","13.15","12.81","21.41M","1.80%"
"06/06/2016","12.77","12.89","13.04","12.76","24.86M","-0.70%"
"06/03/2016","12.86","13.02","13.04","12.63","28.33M","-1.91%"
"06/02/2016","13.11","12.95","13.21","12.75","31.94M","0.15%"
"06/01/2016","13.09","12.61","13.09","12.31","35.76M","2.91%"
"05/31/2016","12.72","12.66","12.91","12.26","49.60M","3.33%"
"05/27/2016","12.31","11.97","12.43","11.82","29.84M","3.01%"
"05/26/2016","11.95","11.71","12.03","11.69","23.64M","3.02%"
"05/25/2016","11.60","11.59","11.78","11.42","29.21M","0.96%"
"05/24/2016","11.49","11.31","11.50","11.16","25.44M","3.14%"
"05/23/2016","11.14","10.84","11.17","10.82","28.37M","3.15%"
"05/20/2016","10.80","10.31","10.81","10.28","31.19M","7.25%"
"05/19/2016","10.07","10.00","10.26","9.91","18.85M","0.20%"
"05/18/2016","10.05","9.68","10.28","9.68","27.02M","3.93%"
"05/17/2016","9.67","9.65","9.92","9.49","22.11M","-0.10%"
"05/16/2016","9.68","9.61","9.69","9.51","16.25M","1.26%"
"05/13/2016","9.56","9.66","9.79","9.41","21.52M","-0.73%"
"05/12/2016","9.63","10.15","10.26","9.35","41.07M","-4.65%"
"05/11/2016","10.10","10.02","10.33","10.01","17.81M","0.10%"
"05/10/2016","10.09","9.94","10.11","9.84","19.61M","2.23%"
"05/09/2016","9.87","10.00","10.07","9.76","20.48M","-1.20%"
"05/06/2016","9.99","9.98","10.21","9.85","20.96M","-0.70%"
"05/05/2016","10.06","10.06","10.40","10.01","26.46M","0.60%"
"05/04/2016","10.00","10.25","10.49","9.80","40.87M","-3.47%"
"05/03/2016","10.36","10.49","10.62","10.25","27.85M","-2.45%"
"05/02/2016","10.62","10.80","10.86","10.43","23.79M","-1.21%"
"04/29/2016","10.75","11.63","11.69","10.64","40.16M","-7.49%"
"04/28/2016","11.62","11.53","12.40","11.52","41.19M","0.52%"
"04/27/2016","11.56","11.34","11.61","11.20","24.35M","0.43%"
"04/26/2016","11.51","10.82","11.65","10.71","47.10M","9.10%"
"04/25/2016","10.55","10.67","10.88","10.47","22.50M","-1.03%"
"04/22/2016","10.66","10.66","10.81","10.50","18.72M","0.09%"
"04/21/2016","10.65","10.80","10.89","10.60","15.63M","-0.93%"
"04/20/2016","10.75","10.63","10.77","10.50","19.27M","0.28%"
"04/19/2016","10.72","11.08","11.08","10.60","21.01M","-1.56%"
"04/18/2016","10.89","10.63","11.10","10.56","26.37M","1.87%"
"04/15/2016","10.69","10.73","10.78","10.46","25.33M","2.79%"
"04/14/2016","10.40","10.79","10.79","10.39","17.78M","-4.41%"
"04/13/2016","10.88","10.30","10.90","10.20","26.11M","6.98%"
"04/12/2016","10.17","10.51","10.54","10.05","25.68M","-2.68%"
"04/11/2016","10.45","10.75","10.92","10.44","18.26M","-2.52%"
"04/08/2016","10.72","10.64","10.89","10.57","18.95M","2.00%"
"04/07/2016","10.51","10.42","10.65","10.39","19.47M","0.38%"
"04/06/2016","10.47","10.42","10.48","10.25","18.41M","0.67%"
"04/05/2016","10.40","10.63","10.72","10.38","20.76M","-3.70%"
"04/04/2016","10.80","11.06","11.22","10.78","22.48M","-2.09%"
"04/01/2016","11.03","10.28","11.07","10.24","28.46M","5.35%"
"03/31/2016","10.47","10.31","10.49","10.01","48.13M","-0.10%"
"03/30/2016","10.48","10.51","10.95","10.40","35.17M","0.29%"
"03/29/2016","10.45","10.18","10.53","10.10","30.89M","0.67%"
"03/28/2016","10.38","10.50","10.59","10.25","22.90M","-1.14%"
"03/24/2016","10.50","10.50","10.60","10.33","22.82M","-1.41%"
"03/23/2016","10.65","11.43","11.46","10.63","29.42M","-6.91%"
"03/22/2016","11.44","11.45","11.60","11.33","13.46M","-0.78%"
"03/21/2016","11.53","11.14","11.60","11.07","18.08M","3.50%"
"03/18/2016","11.14","10.84","11.17","10.75","44.83M","2.48%"
"03/17/2016","10.87","10.72","11.00","10.60","19.98M","1.40%"
"03/16/2016","10.72","10.71","10.89","10.55","20.47M","-1.20%"
"03/15/2016","10.85","11.15","11.15","10.72","15.16M","-2.69%"
"03/14/2016","11.15","11.34","11.34","11.01","13.53M","-2.11%"
"03/11/2016","11.39","10.99","11.40","10.85","17.26M","4.69%"
"03/10/2016","10.88","10.95","11.06","10.66","17.77M","0.65%"
"03/09/2016","10.81","10.76","10.91","10.53","15.13M","1.41%"
"03/08/2016","10.66","11.44","11.45","10.65","29.65M","-7.94%"
"03/07/2016","11.58","11.46","11.78","11.05","27.78M","-2.53%"
"03/04/2016","11.88","11.80","12.29","11.60","35.28M","0.76%"
"03/03/2016","11.79","11.73","11.85","11.60","16.32M","0.94%"
"03/02/2016","11.68","11.01","11.69","10.97","18.20M","5.51%"
"03/01/2016","11.07","10.77","11.10","10.59","15.64M","4.14%"
"02/29/2016","10.63","10.65","10.89","10.52","20.72M","-0.56%"
"02/27/2016","10.69","10.69","10.69","10.69","14.71M","-0.09%"
"02/26/2016","10.70","10.79","11.00","10.57","16.42M","-0.19%"
"02/25/2016","10.72","10.67","10.74","10.21","16.15M","0.75%"
"02/24/2016","10.64","10.25","10.67","10.06","18.55M","1.43%"
"02/23/2016","10.49","11.00","11.08","10.39","22.69M","-5.07%"
"02/22/2016","11.05","11.37","11.44","10.90","20.00M","-0.99%"
"02/19/2016","11.16","11.39","11.39","10.95","17.91M","-2.87%"
"02/18/2016","11.49","11.57","11.75","11.32","21.62M","0.52%"
"02/17/2016","11.43","10.97","11.65","10.92","34.40M","5.74%"
"02/16/2016","10.81","10.36","10.87","10.31","27.49M","7.88%"
"02/12/2016","10.02","9.88","10.24","9.48","23.86M","3.41%"
"02/11/2016","9.69","9.72","9.95","9.45","27.11M","-2.12%"
"02/10/2016","9.90","10.08","10.28","9.82","22.09M","-0.80%"
"02/09/2016","9.98","10.01","10.34","9.75","30.18M","-1.87%"
"02/08/2016","10.17","10.71","10.76","9.94","27.42M","-7.55%"
"02/05/2016","11.00","11.15","11.38","10.76","22.66M","-2.05%"
"02/04/2016","11.23","10.71","11.55","10.70","26.16M","4.37%"
"02/03/2016","10.76","10.67","10.86","10.18","18.10M","1.61%"
"02/02/2016","10.59","10.80","11.07","10.48","22.09M","-3.38%"
"02/01/2016","10.96","11.00","11.10","10.51","25.82M","-0.63%"
"01/29/2016","11.03","9.99","11.05","9.94","38.45M","11.64%"
"01/28/2016","9.88","10.48","10.55","9.71","37.39M","-4.91%"
"01/27/2016","10.39","10.50","10.83","10.32","23.01M","-1.52%"
"01/26/2016","10.55","10.55","10.71","10.36","26.18M","0.67%"
"01/25/2016","10.48","11.06","11.17","10.47","23.87M","-5.33%"
"01/22/2016","11.07","11.18","11.57","10.88","35.09M","2.03%"
"01/21/2016","10.85","10.45","10.90","10.13","52.30M","7.96%"
"01/20/2016","10.05","10.38","10.39","9.31","65.21M","-6.94%"
"01/19/2016","10.80","11.28","11.37","10.71","38.13M","-2.53%"
"01/15/2016","11.08","11.35","11.66","10.91","37.16M","-7.82%"
"01/14/2016","12.02","12.08","12.26","11.53","35.81M","-0.33%"
"01/13/2016","12.06","12.78","12.97","11.91","35.32M","-5.19%"
"01/12/2016","12.72","12.72","13.24","12.40","25.67M","1.52%"
"01/11/2016","12.53","13.37","13.46","12.21","43.16M","-6.00%"
"01/08/2016","13.33","13.78","13.95","13.29","29.06M","-2.42%"
"01/07/2016","13.66","13.86","14.27","13.63","26.03M","-3.94%"
"01/06/2016","14.22","14.50","14.69","14.11","26.84M","-4.05%"
"01/05/2016","14.82","14.42","15.08","14.36","29.81M","3.42%"
"01/04/2016","14.33","13.83","14.36","13.81","22.62M","1.20%"
"12/31/2015","14.16","14.10","14.29","14.03","13.25M","0.00%"
"12/30/2015","14.16","14.27","14.44","14.10","10.94M","-1.26%"
"12/29/2015","14.34","14.35","14.51","14.23","16.10M","1.06%"
"12/28/2015","14.19","14.45","14.51","14.05","17.66M","-2.00%"
"12/24/2015","14.48","14.20","14.59","14.19","14.29M","1.26%"
"12/23/2015","14.30","13.72","14.30","13.55","59.12M","-2.12%"
"12/22/2015","14.61","14.80","14.95","14.52","27.10M","-1.08%"
"12/21/2015","14.77","14.44","14.79","14.33","22.22M","2.86%"
"12/18/2015","14.36","14.38","14.72","14.26","38.53M","0.28%"
"12/17/2015","14.32","14.65","14.77","14.25","29.02M","1.78%"
"12/16/2015","14.07","14.36","14.45","13.78","21.97M","-0.78%"
"12/15/2015","14.18","13.77","14.37","13.74","26.46M","3.81%"
"12/14/2015","13.66","14.43","14.48","13.51","35.21M","-2.71%"
"12/11/2015","14.04","14.32","14.44","13.99","23.72M","-4.23%"
"12/10/2015","14.66","14.29","14.79","14.26","14.82M","2.37%"
"12/09/2015","14.32","14.60","14.67","14.24","20.92M","-1.92%"
"12/08/2015","14.60","14.61","14.70","14.42","18.19M","-1.68%"
"12/07/2015","14.85","15.35","15.47","14.71","23.58M","-4.19%"
"12/04/2015","15.50","15.54","15.93","15.40","19.07M","-0.70%"
"12/03/2015","15.61","15.95","16.20","15.50","15.21M","-1.33%"
"12/02/2015","15.82","16.49","16.59","15.72","16.12M","-4.41%"
"12/01/2015","16.55","16.18","16.63","16.12","20.14M","3.89%"
"11/30/2015","15.93","15.59","16.01","15.50","13.50M","2.38%"
"11/27/2015","15.56","15.55","15.64","15.47","5.02M","-0.13%"
"11/25/2015","15.58","15.40","15.78","15.35","10.00M","-0.32%"
"11/24/2015","15.63","15.22","15.66","15.15","12.22M","2.02%"
"11/23/2015","15.32","15.54","15.67","15.07","14.05M","-0.71%"
"11/20/2015","15.43","16.00","16.10","15.34","24.07M","-2.77%"
"11/19/2015","15.87","15.71","16.28","15.71","18.28M","1.67%"
"11/18/2015","15.61","15.39","15.69","15.30","20.07M","2.16%"
"11/17/2015","15.28","15.03","15.73","14.94","25.25M","2.62%"
"11/16/2015","14.89","14.95","15.20","14.65","23.73M","-0.73%"
"11/13/2015","15.00","15.30","15.38","14.86","21.07M","-2.28%"
"11/12/2015","15.35","15.28","15.75","15.28","14.30M","-0.97%"
"11/11/2015","15.50","15.64","15.79","15.47","16.20M","-0.26%"
"11/10/2015","15.54","15.74","15.85","15.42","24.59M","-1.89%"
"11/09/2015","15.84","16.36","16.45","15.80","23.64M","-3.71%"
"11/06/2015","16.45","16.44","16.77","16.10","18.05M","-0.36%"
"11/05/2015","16.51","17.52","17.71","16.36","26.77M","-5.33%"
"11/04/2015","17.44","18.05","18.05","17.10","19.25M","-2.24%"
"11/03/2015","17.84","17.10","17.99","17.09","22.13M","4.39%"
"11/02/2015","17.09","16.96","17.29","16.80","18.77M","3.20%"
"10/30/2015","16.56","16.38","16.62","16.20","19.25M","2.16%"
"10/29/2015","16.21","16.69","16.74","16.19","17.07M","-4.20%"
"10/28/2015","16.92","16.80","17.11","16.58","15.15M","1.44%"
"10/27/2015","16.68","16.52","16.80","16.52","14.70M","0.60%"
"10/26/2015","16.58","17.16","17.25","16.50","14.90M","-3.83%"
"10/23/2015","17.24","16.90","17.32","16.81","22.44M","3.11%"
"10/22/2015","16.72","16.40","17.01","16.07","33.99M","1.77%"
"10/21/2015","16.43","16.49","16.93","15.93","49.19M","-3.86%"
"10/20/2015","17.09","18.90","19.05","16.61","67.59M","-10.80%"
"10/19/2015","19.16","18.37","19.22","18.32","27.54M","3.57%"
"10/16/2015","18.50","18.74","18.83","18.23","15.59M","-0.86%"
"10/15/2015","18.66","18.87","19.15","18.50","20.40M","-0.85%"
"10/14/2015","18.82","18.77","19.30","18.52","34.63M","3.52%"
"10/13/2015","18.18","17.81","18.55","17.74","21.78M","0.83%"
"10/12/2015","18.03","18.54","18.63","17.72","22.49M","-0.72%"
"10/09/2015","18.16","18.63","18.85","17.90","23.39M","-2.99%"
"10/08/2015","18.72","18.59","19.10","18.45","33.62M","0.54%"
"10/07/2015","18.62","18.39","18.92","18.22","41.91M","2.20%"
"10/06/2015","18.22","17.63","18.30","17.34","52.11M","3.70%"
"10/05/2015","17.57","16.32","17.84","16.20","63.72M","10.43%"
"10/02/2015","15.91","15.22","15.95","15.15","49.69M","7.72%"
"10/01/2015","14.77","14.99","15.04","14.50","37.46M","-1.40%"
"09/30/2015","14.98","14.73","15.33","14.70","28.07M","4.17%"
"09/29/2015","14.38","14.26","14.69","14.15","25.53M","2.28%"
"09/28/2015","14.06","14.67","14.73","13.92","30.45M","-5.70%"
"09/25/2015","14.91","15.34","15.59","14.65","28.92M","-2.80%"
"09/24/2015","15.34","14.80","15.52","14.60","32.80M","3.58%"
"09/23/2015","14.81","15.43","15.43","14.80","22.57M","-3.89%"
"09/22/2015","15.41","15.35","15.81","15.17","22.76M","-2.16%"
"09/21/2015","15.75","15.62","15.98","15.46","19.02M","1.61%"
"09/18/2015","15.50","16.08","16.19","15.36","36.70M","-5.55%"
"09/17/2015","16.41","16.68","16.81","16.31","22.83M","-1.62%"
"09/16/2015","16.68","16.46","16.70","16.31","22.36M","0.97%"
"09/15/2015","16.52","16.86","16.86","16.46","21.32M","-1.08%"
"09/14/2015","16.70","16.90","16.92","16.36","15.18M","-0.60%"
"09/11/2015","16.80","17.02","17.17","16.71","22.11M","-2.33%"
"09/10/2015","17.20","16.81","17.42","16.71","20.81M","1.42%"
"09/09/2015","16.96","17.90","17.97","16.84","32.95M","-3.25%"
"09/08/2015","17.53","17.55","17.75","17.05","26.82M","4.22%"
"09/04/2015","16.82","16.30","17.30","16.26","32.42M","1.39%"
"09/03/2015","16.59","16.39","17.21","16.25","26.38M","1.84%"
"09/02/2015","16.29","16.09","16.31","15.74","23.48M","2.97%"
"09/01/2015","15.82","15.80","16.21","15.68","27.91M","-3.60%"
"08/31/2015","16.41","15.91","16.69","15.46","32.92M","2.82%"
"08/28/2015","15.96","16.25","16.54","15.61","34.10M","1.85%"
"08/27/2015","15.67","14.63","15.93","14.63","42.97M","8.67%"
"08/26/2015","14.42","14.61","14.75","14.11","43.82M","1.05%"
"08/25/2015","14.27","15.18","15.34","14.26","38.66M","-1.18%"
"08/24/2015","14.44","13.81","15.37","13.50","54.53M","-0.62%"
"08/21/2015","14.53","14.39","15.25","14.24","43.72M","-1.42%"
"08/20/2015","14.74","15.35","15.37","14.66","54.86M","-7.30%"
"08/19/2015","15.90","16.24","16.35","15.88","36.87M","-2.93%"
"08/18/2015","16.38","17.00","17.00","16.27","32.42M","-4.88%"
"08/17/2015","17.22","16.47","17.26","16.12","33.00M","1.59%"
"08/14/2015","16.95","17.76","17.99","16.82","37.25M","-4.24%"
"08/13/2015","17.70","18.23","18.38","17.67","15.47M","-2.69%"
"08/12/2015","18.19","17.65","18.33","17.52","20.48M","1.73%"
"08/11/2015","17.88","18.63","18.63","17.68","22.96M","-4.99%"
"08/10/2015","18.82","18.58","18.96","18.32","25.23M","2.06%"
"08/07/2015","18.44","18.45","18.53","18.00","23.72M","-1.50%"
"08/06/2015","18.72","18.93","18.96","18.45","29.93M","-1.00%"
"08/05/2015","18.91","19.18","19.47","18.88","23.37M","-0.53%"
"08/04/2015","19.01","19.17","19.19","18.60","19.93M","0.05%"
"08/03/2015","19.00","18.61","19.39","18.59","32.96M","2.65%"
"07/31/2015","18.51","20.02","20.03","18.47","55.07M","-6.98%"
"07/30/2015","19.90","19.75","20.10","19.46","31.25M","0.15%"
"07/29/2015","19.87","19.98","20.57","19.67","41.56M","0.61%"
"07/28/2015","19.75","18.35","20.08","18.20","51.81M","9.00%"
"07/27/2015","18.12","18.10","18.67","17.57","27.58M","-1.20%"
"07/24/2015","18.34","18.60","18.70","18.07","21.57M","-1.93%"
"07/23/2015","18.70","18.33","18.93","18.30","32.81M","3.89%"
"07/22/2015","18.00","18.53","18.63","17.85","43.64M","-4.66%"
"07/21/2015","18.88","18.84","19.11","18.51","29.34M","-0.05%"
"07/20/2015","18.89","20.08","20.08","18.77","41.99M","-6.11%"
"07/17/2015","20.12","19.53","20.24","19.37","34.08M","2.60%"
"07/16/2015","19.61","19.25","19.74","19.09","34.72M","3.81%"
"07/15/2015","18.89","19.49","19.65","18.77","41.98M","-3.67%"
"07/14/2015","19.61","19.76","19.84","19.00","103.88M","11.36%"
"07/13/2015","17.61","17.83","17.85","17.39","35.79M","0.23%"
"07/10/2015","17.57","17.33","17.65","17.15","24.28M","2.45%"
"07/09/2015","17.15","17.87","18.01","17.14","47.09M","-2.72%"
"07/08/2015","17.63","17.96","17.98","17.49","30.90M","-3.13%"
"07/07/2015","18.20","18.13","18.36","17.37","46.29M","-0.66%"
"07/06/2015","18.32","18.84","18.98","18.23","37.88M","-3.93%"
"07/02/2015","19.07","18.83","19.38","18.81","26.18M","1.54%"
"07/01/2015","18.78","19.05","19.10","18.63","25.03M","-0.32%"
"06/30/2015","18.84","18.89","19.10","18.55","34.68M","0.59%"
"06/29/2015","18.73","19.34","19.60","18.60","49.13M","-4.73%"
"06/26/2015","19.66","20.27","20.60","19.43","149.01M","-18.15%"
"06/25/2015","24.02","24.13","24.24","23.66","38.35M","-0.17%"
"06/24/2015","24.06","24.44","24.49","24.00","21.24M","-1.76%"
"06/23/2015","24.49","24.63","24.86","24.38","16.17M","-0.57%"
"06/22/2015","24.63","24.14","24.71","24.00","26.23M","0.65%"
"06/19/2015","24.47","24.80","24.97","24.46","25.59M","0.04%"
"06/18/2015","24.46","24.64","24.82","24.43","21.57M","-0.08%"
"06/17/2015","24.48","24.30","24.68","24.23","17.95M","0.99%"
"06/16/2015","24.24","24.05","24.32","23.88","19.17M","0.00%"
"06/15/2015","24.24","24.22","24.25","23.70","44.19M","-3.54%"
"06/12/2015","25.13","24.89","25.38","24.71","21.12M","0.44%"
"06/11/2015","25.02","25.20","25.39","24.97","25.79M","-0.67%"
"06/10/2015","25.19","25.52","25.59","23.33","23.80M","0.00%"
"06/09/2015","25.19","25.91","25.95","24.94","39.82M","-2.82%"
"06/08/2015","25.92","26.51","26.63","25.80","23.25M","-2.52%"
"06/05/2015","26.59","27.00","27.00","26.50","16.59M","-1.45%"
"06/04/2015","26.98","26.90","27.24","26.71","22.19M","-0.37%"
"06/03/2015","27.08","28.00","28.01","27.01","29.62M","-2.55%"
"06/02/2015","27.79","28.36","28.41","27.77","18.23M","-2.22%"
"06/01/2015","28.42","27.96","28.53","27.81","20.21M","1.75%"
"05/29/2015","27.93","28.42","28.42","27.93","18.45M","-1.24%"
"05/28/2015","28.28","28.19","28.62","28.11","18.67M","0.53%"
"05/27/2015","28.13","27.43","28.42","27.39","23.44M","2.96%"
"05/26/2015","27.32","27.22","27.48","27.03","14.97M","-0.04%"
"05/22/2015","27.33","27.23","27.65","27.21","20.36M","1.60%"
"05/21/2015","26.90","26.62","27.14","26.34","17.26M","1.17%"
"05/20/2015","26.59","26.47","26.99","26.25","22.87M","1.06%"
"05/19/2015","26.31","26.83","26.93","26.06","19.53M","-1.68%"
"05/18/2015","26.76","26.16","26.83","26.04","20.15M","1.63%"
"05/15/2015","26.33","26.53","26.63","26.01","25.86M","-1.35%"
"05/14/2015","26.69","27.33","27.52","26.47","32.20M","-1.84%"
"05/13/2015","27.19","27.34","27.66","27.08","17.53M","1.19%"
"05/12/2015","26.87","27.55","27.58","26.86","19.52M","-3.17%"
"05/11/2015","27.75","27.13","28.09","26.86","24.59M","2.10%"
"05/08/2015","27.18","27.37","27.43","26.76","34.96M","-0.33%"
"05/07/2015","27.27","27.80","27.90","26.89","29.69M","-2.57%"
"05/06/2015","27.99","28.22","28.30","27.44","19.77M","-0.18%"
"05/05/2015","28.04","28.27","28.36","27.83","19.35M","-2.20%"
"05/04/2015","28.67","29.07","29.15","28.49","13.91M","-1.10%"
"05/01/2015","28.99","28.31","29.25","28.31","16.70M","3.06%"
"04/30/2015","28.13","28.79","28.85","27.85","18.99M","-2.56%"
"04/29/2015","28.87","28.70","28.99","28.51","10.96M","-0.41%"
"04/28/2015","28.99","29.22","29.45","28.76","12.37M","-0.96%"
"04/27/2015","29.27","29.25","29.66","29.14","14.87M","0.24%"
"04/24/2015","29.20","29.74","29.74","28.89","18.76M","-1.08%"
"04/23/2015","29.52","28.93","29.78","28.86","22.04M","0.07%"
"04/22/2015","29.50","28.58","29.75","28.56","29.66M","3.33%"
"04/21/2015","28.55","28.33","28.59","28.16","22.17M","1.03%"
"04/20/2015","28.26","28.12","28.39","28.01","19.90M","0.86%"
"04/17/2015","28.02","27.75","28.08","27.60","18.16M","0.04%"
"04/16/2015","28.01","27.90","28.18","27.77","16.39M","-0.57%"
"04/15/2015","28.17","28.00","28.45","27.88","20.14M","1.62%"
"04/14/2015","27.72","27.73","27.90","27.41","16.67M","-0.57%"
"04/13/2015","27.88","28.02","28.15","27.78","13.64M","-0.50%"
"04/10/2015","28.02","27.80","28.17","27.80","19.70M","0.72%"
"04/09/2015","27.82","27.07","27.86","27.01","18.66M","2.54%"
"04/08/2015","27.13","26.58","27.35","26.49","22.11M","0.97%"
"04/07/2015","26.87","27.35","27.45","26.86","17.82M","-2.04%"
"04/06/2015","27.43","26.50","27.45","26.40","22.46M","2.62%"
"04/02/2015","26.73","27.75","27.76","26.71","41.39M","-1.47%"
"04/01/2015","27.13","27.13","27.35","26.77","39.42M","0.00%"
"03/31/2015","27.13","26.71","27.31","26.61","25.29M","1.69%"
"03/30/2015","26.68","26.73","26.96","26.46","26.14M","0.00%"
"03/27/2015","26.68","26.93","27.14","26.05","30.91M","0.08%"
"03/26/2015","26.66","25.76","27.17","25.61","44.70M","0.34%"
"03/25/2015","26.57","27.86","27.87","26.40","35.87M","-4.97%"
"03/24/2015","27.96","28.11","28.35","27.88","15.67M","-0.21%"
"03/23/2015","28.02","28.47","28.51","27.82","18.70M","-2.30%"
"03/20/2015","28.68","28.32","28.76","28.11","23.61M","2.25%"
"03/19/2015","28.05","28.10","28.23","27.92","21.66M","-0.39%"
"03/18/2015","28.16","28.01","28.35","27.60","24.54M","1.81%"
"03/17/2015","27.66","27.73","27.98","27.46","24.93M","-2.95%"
"03/16/2015","28.50","28.97","29.26","28.22","18.18M","-0.73%"
"03/13/2015","28.71","27.97","28.77","27.96","23.68M","2.46%"
"03/12/2015","28.02","27.11","28.38","27.10","19.57M","0.50%"
"03/11/2015","27.88","27.93","28.18","27.61","17.47M","0.98%"
"03/10/2015","27.61","28.10","28.32","27.46","29.75M","-3.66%"
"03/09/2015","28.66","28.54","28.78","27.91","17.56M","0.56%"
"03/06/2015","28.50","29.22","29.27","28.39","28.30M","-2.66%"
"03/05/2015","29.28","29.45","29.84","28.97","24.01M","0.03%"
"03/04/2015","29.27","29.72","29.76","28.82","26.71M","-1.31%"
"03/03/2015","29.66","30.38","30.69","29.38","28.95M","-5.06%"
"03/02/2015","31.24","31.08","31.50","30.99","18.44M","1.86%"
"02/27/2015","30.67","30.97","31.21","30.62","15.65M","0.16%"
"02/26/2015","30.62","30.54","30.97","30.36","14.93M","0.46%"
"02/25/2015","30.48","30.60","31.20","30.35","16.77M","-0.94%"
"02/24/2015","30.77","30.14","30.95","28.79","54.98M","-2.01%"
"02/23/2015","31.40","31.86","31.91","31.27","13.87M","-1.97%"
"02/20/2015","32.03","31.74","32.05","31.27","16.53M","0.69%"
"02/19/2015","31.81","32.12","32.20","31.72","13.43M","-1.12%"
"02/18/2015","32.17","32.26","32.50","32.03","12.35M","-0.49%"
"02/17/2015","32.33","32.31","32.84","32.22","19.88M","1.51%"
"02/13/2015","31.85","32.21","32.40","31.34","18.74M","-0.28%"
"02/12/2015","31.94","31.06","32.05","30.94","23.79M","2.97%"
"02/11/2015","31.02","31.09","31.58","30.45","29.78M","-0.23%"
"02/10/2015","31.09","29.10","31.14","29.00","43.83M","9.66%"
"02/09/2015","28.35","28.77","28.77","28.24","22.39M","-1.94%"
"02/06/2015","28.91","29.54","29.90","28.86","18.74M","-1.97%"
"02/05/2015","29.49","29.30","29.52","29.12","19.79M","1.58%"
"02/04/2015","29.03","28.81","29.24","28.70","20.93M","0.28%"
"02/03/2015","28.95","28.57","29.09","28.48","24.01M","1.83%"
"02/02/2015","28.43","29.25","29.39","28.09","34.02M","-2.87%"
"01/30/2015","29.27","29.40","29.80","29.07","23.45M","-1.48%"
"01/29/2015","29.71","29.29","29.83","28.86","30.28M","2.13%"
"01/28/2015","29.09","30.00","30.19","29.03","21.69M","-1.89%"
"01/27/2015","29.65","30.43","30.45","29.39","27.59M","-4.42%"
"01/26/2015","31.02","30.54","31.02","30.21","19.18M","0.23%"
"01/23/2015","30.95","30.89","31.13","30.46","21.16M","0.19%"
"01/22/2015","30.89","30.45","30.95","30.23","22.30M","1.31%"
"01/21/2015","30.49","29.50","30.74","29.50","27.26M","2.76%"
"01/20/2015","29.67","29.51","30.02","29.35","29.88M","2.35%"
"01/16/2015","28.99","29.14","29.26","28.51","58.43M","-1.06%"
"01/15/2015","29.30","30.25","30.42","29.27","28.51M","-2.50%"
"01/14/2015","30.05","30.27","31.20","29.80","35.77M","-2.56%"
"01/13/2015","30.84","31.92","32.20","30.64","40.26M","-2.59%"
"01/12/2015","31.66","32.39","32.99","31.40","41.98M","-5.55%"
"01/09/2015","33.52","33.76","33.87","32.96","19.33M","-0.45%"
"01/08/2015","33.67","32.56","33.87","32.55","31.95M","4.89%"
"01/07/2015","32.10","31.53","32.98","31.45","52.55M","-2.34%"
"01/06/2015","32.87","34.10","34.23","32.63","40.09M","-2.67%"
"01/05/2015","33.77","34.71","34.74","33.75","23.71M","-2.82%"
"01/02/2015","34.75","35.24","35.52","34.34","15.14M","-0.74%"
"12/31/2014","35.01","35.45","35.53","35.00","10.71M","-1.10%"
"12/30/2014","35.40","35.43","35.74","35.30","11.48M","-0.37%"
"12/29/2014","35.53","35.27","35.69","35.08","12.37M","1.51%"
"12/26/2014","35.00","35.03","35.23","34.98","6.88M","0.26%"
"12/24/2014","34.91","35.03","35.10","34.62","4.67M","-0.17%"
"12/23/2014","34.97","34.92","35.19","34.76","10.95M","0.98%"
"12/22/2014","34.63","34.75","35.00","34.50","12.69M","0.41%"
"12/19/2014","34.49","34.59","34.80","34.13","18.47M","0.12%"
"12/18/2014","34.45","34.62","34.79","34.05","18.20M","1.83%"
"12/17/2014","33.83","33.08","33.90","32.50","19.43M","2.80%"
"12/16/2014","32.91","32.90","33.92","32.37","28.61M","-1.32%"
"12/15/2014","33.35","34.35","34.45","33.25","27.31M","-1.91%"
"12/12/2014","34.00","34.92","34.93","33.97","19.80M","-3.38%"
"12/11/2014","35.19","35.16","35.82","34.90","13.28M","0.95%"
"12/10/2014","34.86","35.44","35.65","34.78","17.04M","-2.24%"
"12/09/2014","35.66","34.85","35.71","34.54","16.50M","-1.00%"
"12/08/2014","36.02","36.46","36.59","35.70","15.82M","-1.29%"
"12/05/2014","36.49","36.09","36.50","36.02","14.11M","1.16%"
"12/04/2014","36.07","36.03","36.50","35.67","16.49M","-0.08%"
"12/03/2014","36.10","35.90","36.35","35.74","29.01M","1.40%"
"12/02/2014","35.60","35.05","35.77","34.64","14.28M","1.74%"
"12/01/2014","34.99","35.98","36.14","34.94","21.34M","-2.67%"
"11/28/2014","35.95","35.84","36.22","35.72","11.65M","0.93%"
"11/26/2014","35.62","34.63","35.67","34.62","18.29M","2.36%"
"11/25/2014","34.80","34.77","34.98","34.40","13.99M","0.20%"
"11/24/2014","34.73","34.41","35.25","34.26","24.97M","1.25%"
"11/21/2014","34.30","33.71","34.39","33.52","25.56M","3.28%"
"11/20/2014","33.21","32.73","33.48","32.49","13.61M","0.76%"
"11/19/2014","32.96","32.93","33.22","32.34","14.59M","0.27%"
"11/18/2014","32.87","32.30","33.15","32.30","15.54M","1.80%"
"11/17/2014","32.29","31.90","32.41","31.69","18.26M","-1.01%"
"11/14/2014","32.62","32.94","32.94","32.13","17.43M","-0.97%"
"11/13/2014","32.94","32.98","33.21","32.75","10.85M","0.09%"
"11/12/2014","32.91","33.05","33.17","32.80","14.32M","-0.87%"
"11/11/2014","33.20","32.98","33.38","32.89","11.29M","0.33%"
"11/10/2014","33.09","32.93","33.11","32.62","13.83M","0.24%"
"11/07/2014","33.01","33.31","33.38","32.32","19.34M","-1.02%"
"11/06/2014","33.35","33.50","33.79","33.15","23.58M","-1.07%"
"11/05/2014","33.71","33.51","33.76","33.11","23.14M","1.02%"
"11/04/2014","33.37","33.48","33.59","32.90","16.50M","-0.42%"
"11/03/2014","33.51","33.19","33.91","32.98","19.66M","1.27%"
"10/31/2014","33.09","32.90","33.35","32.62","28.54M","3.99%"
"10/30/2014","31.82","31.75","32.08","30.94","26.76M","-1.43%"
"10/29/2014","32.28","32.50","32.65","31.86","21.42M","-1.01%"
"10/28/2014","32.61","32.51","32.67","32.15","20.98M","0.96%"
"10/27/2014","32.30","31.96","32.38","31.66","26.78M","3.99%"
"10/24/2014","31.06","30.98","31.12","30.61","17.76M","0.55%"
"10/23/2014","30.89","31.04","31.37","30.57","22.07M","1.05%"
"10/22/2014","30.57","31.52","31.55","30.32","25.50M","-1.99%"
"10/21/2014","31.19","30.40","31.34","30.16","40.88M","5.05%"
"10/20/2014","29.69","29.11","29.73","28.81","22.36M","3.20%"
"10/17/2014","28.77","28.91","29.73","28.57","34.72M","1.66%"
"10/16/2014","28.30","27.33","28.86","27.19","42.11M","2.76%"
"10/15/2014","27.54","26.80","28.90","26.32","50.52M","0.55%"
"10/14/2014","27.39","27.79","28.41","27.22","41.37M","1.33%"
"10/13/2014","27.03","28.59","28.86","27.00","44.36M","-2.73%"
"10/10/2014","27.79","29.75","29.87","27.59","85.75M","-9.30%"
"10/09/2014","30.64","32.12","32.18","30.41","35.91M","-5.20%"
"10/08/2014","32.32","31.90","32.40","30.86","28.07M","1.44%"
"10/07/2014","31.86","32.41","32.87","31.85","28.83M","-2.18%"
"10/06/2014","32.57","33.19","33.29","31.84","43.42M","-4.04%"
"10/03/2014","33.94","34.08","34.40","33.87","22.57M","0.38%"
"10/02/2014","33.81","33.65","34.08","32.95","27.34M","0.93%"
"10/01/2014","33.50","34.25","34.25","33.22","36.24M","-2.22%"
"09/30/2014","34.26","34.63","34.73","33.89","25.77M","-0.70%"
"09/29/2014","34.50","33.42","34.85","33.20","33.98M","1.98%"
"09/26/2014","33.83","33.97","34.10","33.41","53.97M","6.72%"
"09/25/2014","31.70","32.41","32.56","31.35","36.43M","-1.61%"
"09/24/2014","32.22","31.80","32.35","31.34","25.78M","3.27%"
"09/23/2014","31.20","30.51","31.49","30.11","22.71M","1.96%"
"09/22/2014","30.60","31.43","31.44","30.41","21.71M","-3.26%"
"09/19/2014","31.63","32.48","32.55","31.45","25.22M","-2.62%"
"09/18/2014","32.48","32.24","32.48","31.98","12.49M","1.56%"
"09/17/2014","31.98","31.47","32.27","31.28","19.49M","1.69%"
"09/16/2014","31.45","30.09","31.58","29.73","28.74M","4.76%"
"09/15/2014","30.02","31.40","31.52","29.87","37.02M","-4.76%"
"09/12/2014","31.52","32.01","32.15","31.50","12.58M","-1.62%"
"09/11/2014","32.04","31.85","32.19","31.71","11.37M","-0.16%"
"09/10/2014","32.09","32.15","32.20","31.41","24.65M","0.34%"
"09/09/2014","31.98","33.01","33.02","31.86","20.21M","-3.47%"
"09/08/2014","33.13","32.99","33.41","32.84","17.93M","0.58%"
"09/05/2014","32.94","32.10","32.95","32.02","17.77M","2.55%"
"09/04/2014","32.12","31.95","32.83","31.83","24.80M","1.39%"
"09/03/2014","31.68","31.44","31.69","30.88","23.93M","0.54%"
"09/02/2014","31.51","32.43","32.60","31.45","26.98M","-3.34%"
"08/29/2014","32.60","32.95","32.99","32.50","13.52M","-0.64%"
"08/28/2014","32.81","32.81","32.90","32.60","10.90M","-0.55%"
"08/27/2014","32.99","32.83","33.05","32.61","12.21M","0.33%"
"08/26/2014","32.88","33.27","33.43","32.51","16.08M","-0.99%"
"08/25/2014","33.21","33.51","33.70","33.19","12.70M","-0.24%"
"08/22/2014","33.29","33.20","33.45","32.93","11.76M","0.30%"
"08/21/2014","33.19","33.04","33.32","32.75","16.59M","-0.33%"
"08/20/2014","33.30","32.38","33.38","32.38","21.27M","2.78%"
"08/19/2014","32.40","32.30","32.70","32.27","15.02M","1.12%"
"08/18/2014","32.04","31.69","32.09","31.41","17.51M","1.75%"
"08/15/2014","31.49","31.40","31.73","31.16","20.56M","1.45%"
"08/14/2014","31.04","30.87","31.24","30.80","16.87M","-1.08%"
"08/13/2014","31.38","30.89","31.57","30.89","17.83M","2.21%"
"08/12/2014","30.70","30.56","30.94","30.21","21.50M","-0.13%"
"08/11/2014","30.74","30.32","30.84","30.15","20.60M","2.33%"
"08/08/2014","30.04","29.85","30.25","29.62","22.89M","1.21%"
"08/07/2014","29.68","30.90","31.19","29.38","35.98M","-3.26%"
"08/06/2014","30.68","31.06","31.18","30.11","34.91M","-1.32%"
"08/05/2014","31.09","31.36","32.10","30.90","31.70M","-1.89%"
"08/04/2014","31.69","31.21","31.86","31.05","21.82M","1.93%"
"08/01/2014","31.09","30.88","31.37","30.55","26.18M","1.77%"
"07/31/2014","30.55","31.17","31.25","29.85","65.00M","-6.09%"
"07/30/2014","32.53","32.38","32.74","32.28","16.00M","1.24%"
"07/29/2014","32.13","32.14","32.51","31.96","19.38M","0.47%"
"07/28/2014","31.98","33.34","33.46","31.91","34.20M","-4.31%"
"07/25/2014","33.42","33.69","33.82","33.23","19.66M","-1.36%"
"07/24/2014","33.88","33.87","34.28","33.63","22.69M","0.59%"
"07/23/2014","33.68","33.55","33.78","33.25","20.91M","0.15%"
"07/22/2014","33.63","33.35","33.69","33.01","14.38M","1.69%"
"07/21/2014","33.07","33.00","33.35","32.60","15.79M","-0.24%"
"07/18/2014","33.15","33.18","33.75","33.00","28.53M","0.30%"
"07/17/2014","33.05","33.83","34.00","32.99","36.95M","-4.59%"
"07/16/2014","34.64","34.42","34.85","34.23","30.80M","1.82%"
"07/15/2014","34.02","33.72","34.16","33.38","27.20M","1.28%"
"07/14/2014","33.59","33.13","33.73","32.93","20.35M","2.41%"
"07/11/2014","32.80","32.84","33.17","32.64","18.87M","0.09%"
"07/10/2014","32.77","32.18","33.09","31.80","32.92M","-0.36%"
"07/09/2014","32.89","32.59","32.94","31.86","39.29M","-0.72%"
"07/08/2014","33.13","32.80","33.27","32.12","34.64M","0.82%"
"07/07/2014","32.86","33.61","33.65","32.77","21.38M","-2.58%"
"07/03/2014","33.73","34.09","34.28","33.65","13.88M","-0.09%"
"07/02/2014","33.76","34.00","34.27","33.54","26.62M","-0.65%"
"07/01/2014","33.98","33.24","34.50","33.07","36.35M","3.13%"
"06/30/2014","32.95","32.06","33.05","31.90","31.06M","4.57%"
"06/27/2014","31.51","31.88","31.93","31.45","46.78M","-1.53%"
"06/26/2014","32.00","32.31","32.40","31.80","20.35M","-1.05%"
"06/25/2014","32.34","32.35","32.74","31.89","29.80M","-0.49%"
"06/24/2014","32.50","31.51","32.97","31.16","59.69M","3.97%"
"06/23/2014","31.26","32.29","32.30","31.25","48.59M","-1.85%"
"06/20/2014","31.85","31.88","31.93","31.40","28.27M","0.13%"
"06/19/2014","31.81","32.09","32.17","31.55","22.40M","-0.78%"
"06/18/2014","32.06","32.38","32.43","31.70","30.10M","-0.59%"
"06/17/2014","32.25","32.00","32.40","31.95","25.20M","1.07%"
"06/16/2014","31.91","31.43","32.19","31.28","35.50M","2.37%"
"06/13/2014","31.17","31.14","31.47","31.06","23.28M","1.00%"
"06/12/2014","30.86","31.07","31.22","30.55","28.15M","-0.42%"
"06/11/2014","30.99","30.65","31.60","30.12","55.47M","5.02%"
"06/10/2014","29.51","29.00","29.54","28.59","24.11M","1.76%"
"06/09/2014","29.00","29.49","29.72","28.89","20.64M","-1.83%"
"06/06/2014","29.54","29.15","29.55","29.05","18.32M","1.72%"
"06/05/2014","29.04","29.09","29.48","28.91","21.88M","0.24%"
"06/04/2014","28.97","28.58","29.01","28.47","14.38M","1.05%"
"06/03/2014","28.67","28.56","28.93","28.40","14.01M","0.03%"
"06/02/2014","28.66","28.61","28.72","28.05","14.52M","0.24%"
"05/30/2014","28.59","28.63","28.90","28.39","24.07M","0.03%"
"05/29/2014","28.58","28.79","29.03","28.43","23.29M","-0.10%"
"05/28/2014","28.61","28.30","28.92","28.17","25.38M","1.96%"
"05/27/2014","28.06","27.53","28.11","27.48","23.53M","2.67%"
"05/23/2014","27.33","27.18","27.40","27.06","12.41M","0.59%"
"05/22/2014","27.17","27.03","27.39","26.87","14.94M","0.67%"
"05/21/2014","26.99","26.93","27.21","26.80","19.02M","1.66%"
"05/20/2014","26.55","26.97","27.16","26.16","21.83M","-1.45%"
"05/19/2014","26.94","26.37","27.00","26.16","21.93M","3.50%"
"05/16/2014","26.03","25.84","26.35","25.54","19.89M","0.66%"
"05/15/2014","25.86","26.81","26.89","25.25","41.52M","-3.72%"
"05/14/2014","26.86","27.53","27.66","26.78","28.16M","-2.79%"
"05/13/2014","27.63","27.50","27.78","27.23","29.54M","0.44%"
"05/12/2014","27.51","27.03","27.54","26.94","22.40M","2.50%"
"05/09/2014","26.84","26.95","27.06","26.45","20.68M","-0.33%"
"05/08/2014","26.93","26.34","27.40","26.23","27.02M","1.97%"
"05/07/2014","26.41","26.69","26.87","26.05","24.49M","-1.01%"
"05/06/2014","26.68","26.83","27.18","26.51","23.08M","-0.22%"
"05/05/2014","26.74","26.25","26.84","25.95","21.13M","1.63%"
"05/02/2014","26.31","26.26","26.64","26.07","18.33M","0.23%"
"05/01/2014","26.25","26.21","26.82","25.85","28.24M","0.50%"
"04/30/2014","26.12","25.17","26.12","25.14","28.81M","4.06%"
"04/29/2014","25.10","24.75","25.30","24.45","19.75M","2.12%"
"04/28/2014","24.58","25.43","25.73","24.19","32.17M","-2.69%"
"04/25/2014","25.26","25.60","25.68","25.05","26.02M","-3.44%"
"04/24/2014","26.16","26.45","26.62","25.34","39.79M","-0.34%"
"04/23/2014","26.25","26.19","26.46","25.97","32.51M","0.27%"
"04/22/2014","26.18","25.51","26.28","25.48","45.90M","3.40%"
"04/21/2014","25.32","25.04","25.39","24.56","45.43M","5.90%"
"04/17/2014","23.91","23.11","24.14","23.03","46.21M","6.36%"
"04/16/2014","22.48","22.36","22.57","22.00","21.62M","1.40%"
"04/15/2014","22.17","21.92","22.24","21.52","25.07M","1.23%"
"04/14/2014","21.90","21.36","22.14","21.25","31.74M","3.64%"
"04/11/2014","21.13","21.49","21.93","21.02","35.24M","-2.54%"
"04/10/2014","21.68","22.70","22.95","21.62","37.07M","-4.07%"
"04/09/2014","22.60","22.58","22.84","22.24","31.64M","1.76%"
"04/08/2014","22.21","22.06","22.43","21.40","44.30M","2.30%"
"04/07/2014","21.71","22.52","22.98","21.21","63.60M","-3.85%"
"04/04/2014","22.58","24.79","24.85","22.44","77.30M","-5.92%"
"04/03/2014","24.00","24.56","24.73","23.78","40.67M","-1.44%"
"04/02/2014","24.35","24.57","24.60","24.00","24.49M","-0.37%"
"04/01/2014","24.44","23.84","24.46","23.70","36.88M","3.30%"
"03/31/2014","23.66","22.30","23.68","22.21","39.63M","7.99%"
"03/28/2014","21.91","21.99","22.54","21.70","37.76M","-1.48%"
"03/27/2014","22.24","22.81","22.83","21.92","35.99M","-2.58%"
"03/26/2014","22.83","23.63","23.89","22.82","24.59M","-2.97%"
"03/25/2014","23.53","23.64","23.92","23.42","17.06M","0.21%"
"03/24/2014","23.48","23.81","24.10","23.39","23.74M","-0.76%"
"03/21/2014","23.66","24.11","24.26","23.66","32.25M","-1.46%"
"03/20/2014","24.01","23.93","24.36","23.89","19.74M","0.13%"
"03/19/2014","23.98","24.46","24.62","23.75","19.80M","-2.08%"
"03/18/2014","24.49","24.04","24.60","23.72","27.43M","2.34%"
"03/17/2014","23.93","24.11","24.17","23.85","17.78M","-0.13%"
"03/14/2014","23.96","24.07","24.32","23.73","24.57M","-0.62%"
"03/13/2014","24.11","24.91","24.94","23.60","35.57M","-2.94%"
"03/12/2014","24.84","24.60","24.94","24.22","19.28M","0.69%"
"03/11/2014","24.67","24.93","25.07","24.56","21.11M","-0.72%"
"03/10/2014","24.85","24.32","24.94","24.08","23.67M","1.76%"
"03/07/2014","24.42","24.82","24.89","24.33","23.85M","-1.41%"
"03/06/2014","24.77","24.85","24.87","24.30","32.31M","-0.24%"
"03/05/2014","24.83","25.08","25.13","24.68","25.96M","-1.12%"
"03/04/2014","25.11","24.87","25.15","24.72","32.80M","2.57%"
"03/03/2014","24.48","23.86","24.77","23.71","35.98M","1.20%"
"02/28/2014","24.19","24.23","24.36","23.90","33.90M","0.00%"
"02/27/2014","24.19","24.15","24.34","23.90","39.25M","-0.12%"
"02/26/2014","24.22","24.31","24.73","24.16","20.97M","-0.12%"
"02/25/2014","24.25","24.80","25.00","24.10","37.18M","-2.02%"
"02/24/2014","24.75","25.15","25.22","24.56","33.04M","-1.32%"
"02/21/2014","25.08","25.57","25.59","24.54","44.81M","-1.61%"
"02/20/2014","25.49","25.35","25.66","25.32","23.30M","0.28%"
"02/19/2014","25.42","25.42","25.68","25.17","27.29M","0.00%"
"02/18/2014","25.42","25.19","25.66","25.10","34.13M","1.36%"
"02/14/2014","25.08","24.89","25.30","24.72","32.47M","0.68%"
"02/13/2014","24.91","24.84","25.01","24.68","23.36M","0.08%"
"02/12/2014","24.89","24.91","25.16","24.79","23.92M","0.73%"
"02/11/2014","24.71","24.85","25.07","24.58","21.19M","-0.64%"
"02/10/2014","24.87","24.64","25.24","24.57","28.38M","1.47%"
"02/07/2014","24.51","24.37","24.64","23.92","47.84M","1.66%"
"02/06/2014","24.11","23.51","24.77","23.50","65.35M","3.43%"
"02/05/2014","23.31","22.95","23.48","22.70","26.12M","1.35%"
"02/04/2014","23.00","22.95","23.18","22.65","21.40M","0.83%"
"02/03/2014","22.81","23.00","23.63","22.70","36.04M","-1.00%"
"01/31/2014","23.04","23.10","23.50","23.00","29.56M","-1.75%"
"01/30/2014","23.45","23.11","23.76","22.95","32.66M","3.26%"
"01/29/2014","22.71","22.84","23.27","22.65","21.73M","-1.48%"
"01/28/2014","23.05","22.89","23.20","22.55","27.59M","0.66%"
"01/27/2014","22.90","23.10","23.37","22.56","30.04M","-0.09%"
"01/24/2014","22.92","23.50","23.65","22.91","30.31M","-3.05%"
"01/23/2014","23.64","23.31","23.65","23.24","29.43M","-0.04%"
"01/22/2014","23.65","22.80","23.79","22.75","31.29M","2.29%"
"01/21/2014","23.12","22.40","23.18","22.32","29.53M","3.31%"
"01/17/2014","22.38","22.90","23.28","22.33","46.97M","-3.24%"
"01/16/2014","23.13","23.48","23.59","22.90","28.92M","-0.86%"
"01/15/2014","23.33","23.72","23.76","23.30","26.98M","-1.44%"
"01/14/2014","23.67","22.87","23.79","22.87","33.11M","1.46%"
"01/13/2014","23.33","23.70","23.80","23.25","27.72M","-1.60%"
"01/10/2014","23.71","23.39","23.72","23.18","34.65M","2.02%"
"01/09/2014","23.24","23.60","23.71","22.91","42.83M","-2.64%"
"01/08/2014","23.87","24.20","24.50","23.56","93.52M","9.85%"
"01/07/2014","21.73","20.89","21.93","20.89","68.81M","5.13%"
"01/06/2014","20.67","20.97","20.97","20.64","38.12M","-1.43%"
"01/03/2014","20.97","21.20","21.43","20.90","34.64M","-3.19%"
"01/02/2014","21.66","21.68","21.79","21.27","26.44M","-0.41%"
"12/31/2013","21.75","21.41","21.93","21.38","25.14M","2.11%"
"12/30/2013","21.30","21.45","21.68","21.23","19.27M","-1.02%"
"12/27/2013","21.52","21.93","21.99","21.46","19.39M","-1.01%"
"12/26/2013","21.74","21.83","22.25","21.74","17.10M","-0.37%"
"12/24/2013","21.82","21.63","21.90","21.60","12.86M","1.54%"
"12/23/2013","21.49","21.44","21.67","21.22","40.83M","-3.07%"
"12/20/2013","22.17","21.80","22.57","21.76","49.18M","2.54%"
"12/19/2013","21.62","21.73","22.28","21.56","37.75M","-0.87%"
"12/18/2013","21.81","22.49","22.49","20.81","106.64M","-4.84%"
"12/17/2013","22.92","22.85","22.98","22.55","26.69M","0.66%"
"12/16/2013","22.77","23.17","23.42","22.66","35.07M","-1.34%"
"12/13/2013","23.08","22.73","23.20","22.65","31.02M","2.40%"
"12/12/2013","22.54","22.68","23.09","22.36","52.60M","0.18%"
"12/11/2013","22.50","22.47","22.91","22.29","52.45M","-2.77%"
"12/10/2013","23.14","23.12","23.44","22.80","41.92M","0.09%"
"12/09/2013","23.12","22.66","23.67","22.60","65.76M","3.63%"
"12/06/2013","22.31","21.97","22.31","21.80","32.24M","3.05%"
"12/05/2013","21.65","21.86","22.09","21.59","30.30M","-0.51%"
"12/04/2013","21.76","21.68","21.93","21.41","34.61M","-0.32%"
"12/03/2013","21.83","21.44","21.90","21.33","43.55M","2.63%"
"12/02/2013","21.27","21.10","21.64","20.96","34.10M","0.81%"
"11/29/2013","21.10","21.30","21.31","20.90","20.08M","-0.33%"
"11/27/2013","21.17","20.41","21.19","20.29","40.57M","4.23%"
"11/26/2013","20.31","19.93","20.41","19.83","33.59M","2.27%"
"11/25/2013","19.86","20.44","20.50","19.71","33.88M","-1.63%"
"11/22/2013","20.19","19.91","20.32","19.66","40.14M","1.00%"
"11/21/2013","19.99","19.04","20.11","18.96","93.35M","6.33%"
"11/20/2013","18.80","19.19","19.22","18.51","44.82M","-1.36%"
"11/19/2013","19.06","19.35","19.87","19.05","51.85M","-1.19%"
"11/18/2013","19.29","19.58","19.88","19.09","47.55M","-0.87%"
"11/15/2013","19.46","19.38","19.83","19.22","51.59M","1.41%"
"11/14/2013","19.19","18.91","19.20","18.90","31.42M","1.43%"
"11/13/2013","18.92","18.47","18.99","18.42","38.82M","1.56%"
"11/12/2013","18.63","18.17","18.67","18.12","32.23M","1.97%"
"11/11/2013","18.27","18.04","18.28","17.90","36.99M","0.88%"
"11/08/2013","18.11","17.70","18.12","17.61","33.20M","2.20%"
"11/07/2013","17.72","17.83","18.16","17.58","54.20M","1.26%"
"11/06/2013","17.50","17.77","17.82","17.39","21.80M","-0.96%"
"11/05/2013","17.67","17.74","17.79","17.49","23.80M","-1.23%"
"11/04/2013","17.89","17.62","17.99","17.52","37.80M","1.82%"
"11/01/2013","17.57","17.75","17.91","17.43","41.37M","-0.62%"
"10/31/2013","17.68","17.28","17.80","17.18","42.55M","1.67%"
"10/30/2013","17.39","17.61","17.64","17.27","32.37M","-0.63%"
"10/29/2013","17.50","17.02","17.50","16.93","51.38M","4.67%"
"10/28/2013","16.72","16.52","16.75","16.30","19.93M","0.84%"
"10/25/2013","16.58","16.92","16.99","16.52","28.68M","-1.49%"
"10/24/2013","16.83","16.43","16.92","16.40","30.29M","1.69%"
"10/23/2013","16.55","16.49","16.59","16.35","39.25M","-1.25%"
"10/22/2013","16.76","16.70","16.94","16.40","48.36M","1.15%"
"10/21/2013","16.57","17.03","17.14","16.51","44.89M","-2.70%"
"10/18/2013","17.03","17.17","17.25","16.96","34.97M","-0.64%"
"10/17/2013","17.14","17.00","17.16","16.74","40.71M","1.06%"
"10/16/2013","16.96","17.08","17.30","16.91","49.10M","0.24%"
"10/15/2013","16.92","17.08","17.43","16.84","63.04M","-0.88%"
"10/14/2013","17.07","16.57","17.15","16.17","62.91M","1.37%"
"10/11/2013","16.84","17.89","18.00","16.56","153.91M","-8.63%"
"10/10/2013","18.43","18.36","18.59","18.06","78.69M","1.54%"
"10/09/2013","18.15","18.03","18.45","17.15","67.71M","1.23%"
"10/08/2013","17.93","18.60","18.65","17.73","57.01M","-2.98%"
"10/07/2013","18.48","18.77","18.85","18.48","61.97M","0.05%"
"10/04/2013","18.47","18.08","18.55","18.01","48.08M","2.50%"
"10/03/2013","18.02","17.94","18.10","17.37","59.04M","2.04%"
"10/02/2013","17.66","17.65","18.13","17.55","49.13M","0.28%"
"10/01/2013","17.61","17.54","17.75","17.34","32.98M","0.80%"
"09/30/2013","17.47","17.32","17.64","17.14","30.08M","-0.85%"
"09/27/2013","17.62","17.47","17.95","17.41","45.02M","0.86%"
"09/26/2013","17.47","17.32","17.53","17.18","49.15M","2.95%"
"09/25/2013","16.97","17.06","17.33","16.94","44.41M","-0.41%"
"09/24/2013","17.04","17.13","17.16","16.83","34.79M","-0.06%"
"09/23/2013","17.05","17.23","17.35","16.74","30.44M","-1.04%"
"09/20/2013","17.23","17.24","17.49","17.13","30.04M","0.41%"
"09/19/2013","17.16","17.51","17.59","17.02","43.70M","-0.64%"
"09/18/2013","17.27","16.88","17.30","16.82","43.52M","2.55%"
"09/17/2013","16.84","16.47","16.86","16.23","32.44M","2.43%"
"09/16/2013","16.44","16.54","16.69","16.41","35.78M","1.48%"
"09/13/2013","16.20","16.00","16.24","15.67","55.80M","0.00%"
"09/12/2013","16.20","16.52","16.85","16.14","55.89M","-1.76%"
"09/11/2013","16.49","16.30","16.60","16.00","48.50M","1.41%"
"09/10/2013","16.26","15.90","16.65","15.87","80.82M","4.10%"
"09/09/2013","15.62","15.40","15.69","15.30","32.75M","2.36%"
"09/06/2013","15.26","15.24","15.36","14.96","38.11M","0.59%"
"09/05/2013","15.17","14.95","15.21","14.94","38.71M","2.85%"
"09/04/2013","14.75","14.97","15.27","14.44","117.54M","5.28%"
"09/03/2013","14.01","13.78","14.15","13.70","37.06M","3.24%"
"08/30/2013","13.57","13.59","13.68","13.30","22.28M","0.00%"
"08/29/2013","13.57","13.23","13.74","13.23","23.79M","2.49%"
"08/28/2013","13.24","13.18","13.35","13.06","36.14M","0.46%"
"08/27/2013","13.18","13.56","13.59","13.05","39.90M","-4.35%"
"08/26/2013","13.78","13.90","13.92","13.72","16.33M","-0.58%"
"08/23/2013","13.86","13.91","13.93","13.73","15.66M","0.00%"
"08/22/2013","13.86","13.75","14.08","13.74","15.10M","1.69%"
"08/21/2013","13.63","13.81","13.90","13.56","29.72M","-1.23%"
"08/20/2013","13.80","13.81","13.91","13.65","24.38M","0.00%"
"08/19/2013","13.80","14.00","14.03","13.77","25.51M","-1.50%"
"08/16/2013","14.01","14.17","14.35","13.95","30.63M","-0.85%"
"08/15/2013","14.13","14.41","14.41","13.97","53.53M","-4.66%"
"08/14/2013","14.82","14.82","15.07","14.57","47.85M","-1.00%"
"08/13/2013","14.97","14.14","14.98","14.08","84.46M","8.24%"
"08/12/2013","13.83","13.95","14.16","13.77","35.38M","-1.14%"
"08/09/2013","13.99","13.75","14.52","13.74","64.63M","0.29%"
"08/08/2013","13.95","13.81","14.05","13.61","39.51M","1.01%"
"08/07/2013","13.81","14.00","14.04","13.60","34.74M","-2.33%"
"08/06/2013","14.14","14.16","14.24","13.94","29.10M","-0.21%"
"08/05/2013","14.17","13.51","14.18","13.50","43.75M","4.96%"
"08/02/2013","13.50","13.50","13.60","13.33","26.50M","-0.52%"
"08/01/2013","13.57","13.38","13.63","13.30","32.86M","2.49%"
"07/31/2013","13.24","12.67","13.29","12.65","45.06M","5.08%"
"07/30/2013","12.60","12.50","12.69","12.31","48.77M","1.04%"
"07/29/2013","12.47","12.67","12.87","12.39","40.80M","-0.95%"
"07/26/2013","12.59","13.06","13.10","12.51","68.78M","-5.27%"
"07/25/2013","13.29","12.95","13.43","12.80","42.70M","1.37%"
"07/24/2013","13.11","13.80","13.83","13.08","46.71M","-3.89%"
"07/23/2013","13.64","13.89","14.06","13.62","38.69M","-1.37%"
"07/22/2013","13.83","13.62","13.91","13.62","24.34M","0.73%"
"07/19/2013","13.73","13.67","13.73","13.44","27.73M","0.29%"
"07/18/2013","13.69","13.79","13.86","13.63","38.73M","0.74%"
"07/17/2013","13.59","13.45","13.72","13.36","32.54M","1.57%"
"07/16/2013","13.38","13.16","13.41","13.10","42.89M","2.37%"
"07/15/2013","13.07","12.76","13.19","12.65","30.93M","2.99%"
"07/12/2013","12.69","12.74","12.85","12.56","33.42M","-0.08%"
"07/11/2013","12.70","12.87","12.88","12.47","52.22M","1.20%"
"07/10/2013","12.55","12.93","13.24","12.46","89.59M","-4.42%"
"07/09/2013","13.13","14.08","14.14","13.08","91.82M","-6.41%"
"07/08/2013","14.03","14.36","14.36","13.87","53.09M","-1.96%"
"07/05/2013","14.31","14.27","14.37","14.12","29.75M","1.20%"
"07/03/2013","14.14","14.29","14.29","14.11","24.49M","-1.19%"
"07/02/2013","14.31","14.03","14.33","13.85","61.20M","0.28%"
"07/01/2013","14.27","14.47","14.60","14.18","33.91M","-0.42%"
"06/28/2013","14.33","14.30","14.47","14.02","36.61M","-0.07%"
"06/27/2013","14.34","14.30","14.53","14.27","38.75M","1.13%"
"06/26/2013","14.18","13.89","14.31","13.87","44.89M","3.13%"
"06/25/2013","13.75","13.74","13.82","13.41","32.88M","2.15%"
"06/24/2013","13.46","13.81","13.87","13.16","68.20M","-3.17%"
"06/21/2013","13.90","13.85","14.05","13.70","73.39M","2.66%"
"06/20/2013","13.54","13.48","13.81","13.19","75.25M","-3.08%"
"06/19/2013","13.97","13.82","14.11","13.63","83.96M","1.60%"
"06/18/2013","13.75","13.34","13.76","13.31","57.59M","3.85%"
"06/17/2013","13.24","13.16","13.50","13.08","50.59M","3.76%"
"06/14/2013","12.76","13.08","13.16","12.64","29.74M","-1.16%"
"06/13/2013","12.91","12.53","12.92","12.47","30.21M","3.36%"
"06/12/2013","12.49","12.98","13.12","12.46","34.20M","-2.50%"
"06/11/2013","12.81","12.87","13.20","12.63","49.71M","-1.08%"
"06/10/2013","12.95","12.64","13.08","12.64","40.49M","2.37%"
"06/07/2013","12.65","12.56","12.72","12.37","32.42M","2.43%"
"06/06/2013","12.35","12.18","12.54","12.14","47.86M","2.75%"
"06/05/2013","12.02","11.69","12.14","11.67","40.89M","2.65%"
"06/04/2013","11.71","11.73","12.00","11.65","26.37M","-0.17%"
"06/03/2013","11.73","11.74","11.99","11.40","26.38M","0.43%"
"05/31/2013","11.68","11.83","11.91","11.68","23.85M","-1.77%"
"05/30/2013","11.89","11.81","11.99","11.75","25.79M","0.51%"
"05/29/2013","11.83","11.69","11.92","11.60","25.21M","0.42%"
"05/28/2013","11.78","11.74","11.88","11.69","25.64M","1.64%"
"05/24/2013","11.59","11.30","11.66","11.29","28.60M","1.76%"
"05/23/2013","11.39","10.73","11.49","10.57","57.18M","4.30%"
"05/22/2013","10.92","11.23","11.68","10.80","51.84M","-2.76%"
"05/21/2013","11.23","11.21","11.32","11.16","18.96M","0.18%"
"05/20/2013","11.21","11.31","11.40","11.08","24.66M","-0.88%"
"05/17/2013","11.31","11.16","11.42","11.13","30.55M","2.26%"
"05/16/2013","11.06","10.93","11.26","10.93","35.92M","1.75%"
"05/15/2013","10.87","10.68","11.00","10.63","25.07M","2.07%"
"05/14/2013","10.65","10.70","10.71","10.52","20.58M","-0.09%"
"05/13/2013","10.66","10.75","10.81","10.60","22.57M","-1.48%"
"05/10/2013","10.82","10.60","10.90","10.60","35.31M","1.03%"
"05/09/2013","10.71","10.22","10.75","10.21","46.67M","4.69%"
"05/08/2013","10.23","9.92","10.26","9.82","37.05M","2.61%"
"05/07/2013","9.97","9.80","9.98","9.66","26.89M","2.15%"
"05/06/2013","9.76","9.73","9.94","9.70","21.11M","1.35%"
"05/03/2013","9.63","9.45","9.70","9.43","23.34M","3.33%"
"05/02/2013","9.32","9.10","9.36","9.07","26.67M","1.30%"
"05/01/2013","9.20","9.42","9.47","9.15","29.16M","-2.34%"
"04/30/2013","9.42","9.41","9.46","9.19","27.80M","0.75%"
"04/29/2013","9.35","9.48","9.50","9.34","17.19M","-0.85%"
"04/26/2013","9.43","9.50","9.73","9.41","20.56M","-1.05%"
"04/25/2013","9.53","9.36","9.64","9.32","28.19M","1.28%"
"04/24/2013","9.41","9.40","9.50","9.31","21.30M","-0.11%"
"04/23/2013","9.42","9.40","9.49","9.27","24.32M","1.18%"
"04/22/2013","9.31","9.36","9.43","9.14","25.03M","-0.43%"
"04/19/2013","9.35","9.26","9.47","9.10","32.77M","1.30%"
"04/18/2013","9.23","9.53","9.58","9.11","34.73M","-1.70%"
"04/17/2013","9.39","9.74","9.76","9.35","37.55M","-4.86%"
"04/16/2013","9.87","9.78","9.89","9.70","28.03M","3.24%"
"04/15/2013","9.56","9.93","9.96","9.56","28.38M","-4.50%"
"04/12/2013","10.01","9.92","10.09","9.83","19.49M","0.30%"
"04/11/2013","9.98","9.91","10.15","9.77","28.75M","-1.09%"
"04/10/2013","10.09","9.64","10.22","9.63","49.80M","5.43%"
"04/09/2013","9.57","9.45","9.67","9.39","21.31M","1.92%"
"04/08/2013","9.39","9.29","9.41","9.06","27.07M","0.86%"
"04/05/2013","9.31","9.15","9.59","9.12","41.68M","0.00%"
"04/04/2013","9.31","9.09","9.33","9.04","30.49M","2.31%"
"04/03/2013","9.10","9.35","9.45","9.05","31.01M","-2.15%"
"04/02/2013","9.30","9.51","9.71","9.24","36.02M","-0.85%"
"04/01/2013","9.38","9.97","9.98","9.34","44.91M","-5.92%"
"03/28/2013","9.97","10.01","10.03","9.87","21.79M","0.10%"
"03/27/2013","9.96","9.76","10.04","9.68","27.59M","0.40%"
"03/26/2013","9.92","9.92","10.10","9.80","29.91M","0.40%"
"03/25/2013","9.88","10.01","10.13","9.78","39.37M","-1.59%"
"03/22/2013","10.04","9.75","10.27","9.73","99.81M","10.69%"
"03/21/2013","9.07","9.35","9.37","9.07","39.42M","-2.58%"
"03/20/2013","9.31","9.33","9.48","9.19","31.55M","0.76%"
"03/19/2013","9.24","9.27","9.40","9.09","26.66M","0.65%"
"03/18/2013","9.18","9.05","9.32","8.98","29.07M","-2.03%"
"03/15/2013","9.37","9.74","9.75","9.27","43.40M","-3.30%"
"03/14/2013","9.69","9.62","9.74","9.58","25.20M","1.89%"
"03/13/2013","9.51","9.35","9.66","9.35","41.50M","2.04%"
"03/12/2013","9.32","9.36","9.45","9.20","35.26M","-0.32%"
"03/11/2013","9.35","9.15","9.40","9.00","43.54M","1.63%"
"03/08/2013","9.20","9.03","9.24","8.92","34.82M","2.91%"
"03/07/2013","8.94","8.77","8.95","8.71","26.16M","3.35%"
"03/06/2013","8.65","8.82","8.88","8.64","19.93M","-0.92%"
"03/05/2013","8.73","8.55","8.79","8.52","36.71M","3.93%"
"03/04/2013","8.40","8.23","8.54","8.20","40.98M","1.82%"
"03/01/2013","8.25","8.32","8.36","8.20","19.22M","-1.55%"
"02/28/2013","8.38","8.23","8.49","8.22","44.04M","2.44%"
"02/27/2013","8.18","7.97","8.23","7.95","21.60M","2.76%"
"02/26/2013","7.96","7.98","8.08","7.85","25.97M","0.38%"
"02/25/2013","7.93","8.12","8.22","7.88","36.30M","-1.12%"
"02/22/2013","8.02","7.76","8.03","7.72","28.72M","4.43%"
"02/21/2013","7.68","7.82","7.88","7.64","37.87M","-2.54%"
"02/20/2013","7.88","8.20","8.25","7.86","32.45M","-2.96%"
"02/19/2013","8.12","7.90","8.12","7.88","24.71M","2.65%"
"02/15/2013","7.91","8.11","8.22","7.89","40.15M","-2.10%"
"02/14/2013","8.08","7.90","8.09","7.86","24.54M","1.64%"
"02/13/2013","7.95","7.95","7.98","7.85","15.37M","0.38%"
"02/12/2013","7.92","7.91","7.98","7.85","19.87M","0.13%"
"02/11/2013","7.91","7.76","7.95","7.72","20.22M","2.06%"
"02/08/2013","7.75","7.78","7.81","7.66","24.73M","0.26%"
"02/07/2013","7.73","7.98","8.04","7.63","58.98M","-2.77%"
"02/06/2013","7.95","7.70","8.06","7.70","46.55M","1.02%"
"02/05/2013","7.87","7.82","7.93","7.67","21.16M","1.42%"
"02/04/2013","7.76","7.80","8.01","7.73","27.03M","-0.89%"
"02/01/2013","7.83","7.65","7.84","7.65","18.71M","3.57%"
"01/31/2013","7.56","7.64","7.70","7.54","25.68M","-1.18%"
"01/30/2013","7.65","7.58","7.73","7.55","21.18M","0.92%"
"01/29/2013","7.58","7.81","7.82","7.54","35.14M","-3.07%"
"01/28/2013","7.82","7.89","7.99","7.78","20.64M","-0.64%"
"01/25/2013","7.87","7.89","8.08","7.83","30.08M","0.51%"
"01/24/2013","7.83","7.72","7.89","7.70","18.82M","0.64%"
"01/23/2013","7.78","7.88","7.90","7.68","23.85M","-0.77%"
"01/22/2013","7.84","7.84","7.93","7.70","23.29M","-0.51%"
"01/18/2013","7.88","7.81","7.99","7.79","33.16M","0.90%"
"01/17/2013","7.81","7.70","7.87","7.70","28.64M","1.83%"
"01/16/2013","7.67","7.63","7.75","7.59","18.98M","0.92%"
"01/15/2013","7.60","7.54","7.62","7.43","20.79M","0.00%"
"01/14/2013","7.60","7.50","7.69","7.46","31.49M","0.80%"
"01/11/2013","7.54","7.39","7.56","7.30","25.84M","1.62%"
"01/10/2013","7.42","7.37","7.44","7.28","18.69M","1.50%"
"01/09/2013","7.31","7.25","7.38","7.24","20.65M","1.11%"
"01/08/2013","7.23","7.14","7.29","7.06","30.80M","0.70%"
"01/07/2013","7.18","7.06","7.28","7.03","31.14M","3.16%"
"01/04/2013","6.96","6.95","6.96","6.85","18.80M","0.87%"
"01/03/2013","6.90","6.64","6.97","6.61","39.10M","4.07%"
"01/02/2013","6.63","6.60","6.67","6.45","29.56M","4.57%"
"12/31/2012","6.34","6.14","6.36","6.11","18.79M","3.43%"
"12/28/2012","6.13","6.16","6.28","6.11","15.13M","-1.45%"
"12/27/2012","6.22","6.18","6.26","6.07","18.46M","0.81%"
"12/26/2012","6.17","6.23","6.34","6.17","10.34M","-0.96%"
"12/24/2012","6.23","6.38","6.38","6.18","6.85M","-1.42%"
"12/21/2012","6.32","6.48","6.49","6.18","58.15M","-6.92%"
"12/20/2012","6.79","6.84","6.87","6.73","20.00M","-0.44%"
"12/19/2012","6.82","6.71","6.87","6.70","25.58M","1.79%"
"12/18/2012","6.70","6.62","6.71","6.55","28.81M","1.36%"
"12/17/2012","6.61","6.85","6.90","6.54","34.77M","-3.50%"
"12/14/2012","6.85","6.74","6.89","6.69","23.37M","2.85%"
"12/13/2012","6.66","6.74","6.80","6.62","24.05M","-0.75%"
"12/12/2012","6.71","6.86","6.86","6.64","28.35M","-0.89%"
"12/11/2012","6.77","6.70","6.84","6.63","24.44M","1.50%"
"12/10/2012","6.67","6.45","6.73","6.43","32.46M","3.73%"
"12/07/2012","6.43","6.42","6.51","6.35","22.05M","0.31%"
"12/06/2012","6.41","6.15","6.42","6.10","30.38M","3.72%"
"12/05/2012","6.18","6.05","6.20","6.01","18.64M","2.32%"
"12/04/2012","6.04","6.00","6.05","5.92","20.65M","1.85%"
"12/03/2012","5.93","6.02","6.03","5.90","15.08M","-0.50%"
"11/30/2012","5.96","5.88","5.98","5.85","20.27M","0.85%"
"11/29/2012","5.91","5.80","5.92","5.74","25.01M","2.43%"
"11/28/2012","5.77","5.62","5.79","5.58","24.17M","1.58%"
"11/27/2012","5.68","5.71","5.78","5.65","34.24M","-0.35%"
"11/26/2012","5.70","5.68","5.79","5.62","29.44M","0.35%"
"11/23/2012","5.68","5.57","5.71","5.54","13.67M","2.90%"
"11/21/2012","5.52","5.53","5.56","5.46","17.43M","-0.54%"
"11/20/2012","5.55","5.48","5.59","5.45","17.35M","0.18%"
"11/19/2012","5.54","5.56","5.67","5.51","28.11M","1.28%"
"11/16/2012","5.47","5.48","5.51","5.33","25.90M","0.00%"
"11/15/2012","5.47","5.64","5.64","5.41","19.62M","-1.44%"
"11/14/2012","5.55","5.79","5.82","5.52","21.27M","-3.31%"
"11/13/2012","5.74","5.47","5.81","5.46","29.13M","3.05%"
"11/12/2012","5.57","5.63","5.69","5.50","19.27M","-0.89%"
"11/09/2012","5.62","5.69","5.80","5.59","22.10M","-1.23%"
"11/08/2012","5.69","5.87","5.93","5.66","30.62M","-3.72%"
"11/07/2012","5.91","5.94","6.02","5.76","39.73M","-2.96%"
"11/06/2012","6.09","5.88","6.09","5.86","46.49M","4.28%"
"11/05/2012","5.84","5.70","5.88","5.62","20.05M","2.28%"
"11/02/2012","5.71","5.82","5.87","5.65","24.45M","-1.38%"
"11/01/2012","5.79","5.52","5.80","5.51","20.76M","6.83%"
"10/31/2012","5.42","5.54","5.65","5.38","18.55M","-0.91%"
"10/26/2012","5.47","5.60","5.69","5.41","28.15M","-3.87%"
"10/25/2012","5.69","5.20","5.71","5.18","46.18M","10.06%"
"10/24/2012","5.17","5.47","5.50","5.16","35.48M","-4.44%"
"10/23/2012","5.41","5.35","5.49","5.29","36.24M","-0.55%"
"10/22/2012","5.44","5.46","5.47","5.35","26.37M","-0.18%"
"10/19/2012","5.45","5.76","5.77","5.44","23.35M","-3.54%"
"10/18/2012","5.65","5.78","5.82","5.65","16.87M","-2.25%"
"10/17/2012","5.78","5.75","5.85","5.67","16.54M","0.00%"
"10/16/2012","5.78","5.72","5.80","5.67","16.46M","1.05%"
"10/15/2012","5.72","5.76","5.76","5.64","15.01M","0.88%"
"10/12/2012","5.67","5.76","5.80","5.62","20.03M","-1.39%"
"10/11/2012","5.75","5.77","5.79","5.67","23.65M","-0.17%"
"10/10/2012","5.76","5.79","5.80","5.64","16.79M","0.17%"
"10/09/2012","5.75","5.83","5.86","5.70","16.39M","-1.71%"
"10/08/2012","5.85","5.83","5.90","5.80","11.14M","-0.68%"
"10/05/2012","5.89","5.91","6.03","5.85","17.27M","0.17%"
"10/04/2012","5.88","5.84","5.89","5.77","14.78M","0.68%"
"10/03/2012","5.84","5.88","5.90","5.77","14.78M","0.00%"
"10/02/2012","5.84","5.81","5.85","5.74","20.22M","1.21%"
"10/01/2012","5.77","6.07","6.10","5.72","40.67M","-3.51%"
"09/28/2012","5.98","6.05","6.24","5.97","41.03M","-0.50%"
"09/27/2012","6.01","6.01","6.07","5.90","38.65M","1.18%"
"09/26/2012","5.94","6.10","6.10","5.87","33.66M","-2.78%"
"09/25/2012","6.11","6.35","6.36","6.09","36.27M","-2.24%"
"09/24/2012","6.25","6.25","6.26","6.11","38.12M","-1.73%"
"09/21/2012","6.36","6.50","6.52","6.30","26.89M","-1.40%"
"09/20/2012","6.45","6.58","6.60","6.39","37.50M","-3.01%"
"09/19/2012","6.65","6.55","6.72","6.55","24.79M","2.62%"
"09/18/2012","6.48","6.54","6.57","6.40","18.30M","-1.37%"
"09/17/2012","6.57","6.69","6.74","6.51","20.44M","-1.94%"
"09/14/2012","6.70","6.64","6.80","6.62","20.53M","1.52%"
"09/13/2012","6.60","6.47","6.66","6.42","30.52M","2.01%"
"09/12/2012","6.47","6.38","6.48","6.37","16.73M","1.73%"
"09/11/2012","6.36","6.44","6.47","6.29","29.08M","-0.78%"
"09/10/2012","6.41","6.42","6.49","6.35","21.17M","-0.16%"
"09/07/2012","6.42","6.55","6.57","6.25","63.82M","-3.75%"
"09/06/2012","6.67","6.40","6.70","6.39","45.89M","7.75%"
"09/05/2012","6.19","6.11","6.21","6.02","29.15M","1.64%"
"09/04/2012","6.09","6.21","6.22","6.07","18.71M","-1.93%"
"08/31/2012","6.21","6.22","6.30","6.17","20.65M","0.49%"
"08/30/2012","6.18","6.21","6.26","6.12","18.49M","-0.32%"
"08/29/2012","6.20","6.22","6.29","6.17","16.11M","0.00%"
"08/28/2012","6.20","6.24","6.30","6.18","14.26M","-0.48%"
"08/27/2012","6.23","6.30","6.31","6.15","13.22M","-1.11%"
"08/24/2012","6.30","6.23","6.31","6.07","19.08M","0.80%"
"08/23/2012","6.25","6.29","6.30","6.16","18.18M","-1.11%"
"08/22/2012","6.32","6.44","6.48","6.26","26.04M","-2.17%"
"08/21/2012","6.46","6.47","6.63","6.41","24.48M","-0.46%"
"08/20/2012","6.49","6.54","6.60","6.40","16.02M","-1.22%"
"08/17/2012","6.57","6.61","6.69","6.51","14.96M","-0.61%"
"08/16/2012","6.61","6.55","6.67","6.51","15.84M","1.85%"
"08/15/2012","6.49","6.56","6.59","6.42","34.55M","-0.92%"
"08/14/2012","6.55","6.77","6.78","6.46","27.52M","-2.38%"
"08/13/2012","6.71","6.76","6.78","6.60","16.00M","-0.74%"
"08/10/2012","6.76","6.75","6.85","6.65","22.00M","-0.73%"
"08/09/2012","6.81","6.82","6.92","6.70","20.53M","-1.16%"
"08/08/2012","6.89","6.75","6.94","6.64","31.85M","1.03%"
"08/07/2012","6.82","6.70","6.98","6.67","43.06M","3.81%"
"08/06/2012","6.57","6.39","6.64","6.32","26.90M","3.79%"
"08/03/2012","6.33","6.32","6.45","6.24","22.47M","2.76%"
"08/02/2012","6.16","6.19","6.30","6.08","17.63M","-1.75%"
"08/01/2012","6.27","6.31","6.42","6.17","23.40M","0.97%"
"07/31/2012","6.21","6.22","6.50","6.18","51.58M","1.64%"
"07/30/2012","6.11","6.20","6.24","6.01","27.54M","-2.71%"
"07/27/2012","6.28","6.04","6.30","5.99","23.95M","5.37%"
"07/26/2012","5.96","5.92","6.08","5.89","22.59M","2.05%"
"07/25/2012","5.84","5.71","5.93","5.71","27.64M","2.10%"
"07/24/2012","5.72","5.68","5.76","5.56","32.29M","1.78%"
"07/23/2012","5.62","5.71","5.80","5.57","42.24M","-3.60%"
"07/20/2012","5.83","5.98","6.13","5.80","44.48M","0.87%"
"07/19/2012","5.78","5.90","6.01","5.76","23.68M","-1.03%"
"07/18/2012","5.84","5.70","5.96","5.68","24.95M","1.21%"
"07/17/2012","5.77","6.02","6.08","5.74","35.52M","-3.83%"
"07/16/2012","6.00","6.09","6.10","5.85","27.49M","-2.12%"
"07/13/2012","6.13","6.13","6.24","6.04","25.68M","0.00%"
"07/12/2012","6.13","6.14","6.18","5.94","38.54M","-1.29%"
"07/11/2012","6.21","6.20","6.25","6.01","33.36M","0.81%"
"07/10/2012","6.16","6.43","6.48","6.06","36.37M","-5.08%"
"07/09/2012","6.49","6.71","6.82","6.42","19.84M","-3.28%"
"07/06/2012","6.71","6.70","6.75","6.55","22.71M","-1.47%"
"07/05/2012","6.81","6.84","6.91","6.66","21.91M","-1.16%"
"07/03/2012","6.89","6.58","6.93","6.57","46.40M","5.19%"
"07/02/2012","6.55","6.73","6.82","6.45","51.15M","3.80%"
"06/29/2012","6.31","6.10","6.32","6.07","32.25M","5.70%"
"06/28/2012","5.97","5.63","5.98","5.60","34.68M","4.37%"
"06/27/2012","5.72","5.63","5.74","5.56","13.84M","1.60%"
"06/26/2012","5.63","5.61","5.69","5.52","17.69M","0.72%"
"06/25/2012","5.59","5.66","5.73","5.55","19.80M","-2.61%"
"06/22/2012","5.74","5.68","5.75","5.53","33.49M","1.77%"
"06/21/2012","5.64","5.92","5.97","5.61","51.27M","-7.84%"
"06/20/2012","6.12","6.12","6.20","6.00","30.27M","0.33%"
"06/19/2012","6.10","6.02","6.15","5.98","22.65M","2.69%"
"06/18/2012","5.94","5.81","6.00","5.81","19.38M","0.85%"
"06/15/2012","5.89","5.77","5.90","5.69","27.55M","2.43%"
"06/14/2012","5.75","5.85","5.89","5.65","32.60M","-1.88%"
"06/13/2012","5.86","5.91","5.99","5.81","31.20M","-1.01%"
"06/12/2012","5.92","5.72","5.94","5.72","21.28M","3.68%"
"06/11/2012","5.71","5.97","6.04","5.70","21.46M","-2.89%"
"06/08/2012","5.88","5.65","5.90","5.64","19.02M","3.70%"
"06/07/2012","5.67","5.87","5.89","5.64","33.19M","-1.39%"
"06/06/2012","5.75","5.67","5.81","5.64","35.08M","2.86%"
"06/05/2012","5.59","5.41","5.65","5.39","31.26M","3.71%"
"06/04/2012","5.39","5.47","5.56","5.30","18.70M","-1.10%"
"06/01/2012","5.45","5.70","5.75","5.40","30.33M","-6.68%"
"05/31/2012","5.84","5.99","5.99","5.74","30.72M","-2.50%"
"05/30/2012","5.99","6.04","6.05","5.89","25.22M","-2.12%"
"05/29/2012","6.12","6.04","6.15","6.02","20.99M","2.68%"
"05/25/2012","5.96","5.76","6.01","5.75","21.18M","3.83%"
"05/24/2012","5.74","5.75","5.83","5.67","22.19M","-0.17%"
"05/23/2012","5.75","5.63","5.80","5.59","25.62M","0.70%"
"05/22/2012","5.71","5.81","5.84","5.63","25.41M","-1.21%"
"05/21/2012","5.78","5.65","5.81","5.63","27.21M","2.85%"
"05/18/2012","5.62","6.00","6.01","5.59","33.62M","-5.55%"
"05/17/2012","5.95","6.16","6.25","5.91","32.70M","-3.25%"
"05/16/2012","6.15","6.11","6.53","6.02","54.06M","2.16%"
"05/15/2012","6.02","6.17","6.18","5.96","44.15M","-3.06%"
"05/14/2012","6.21","6.21","6.27","6.10","30.45M","-2.36%"
"05/11/2012","6.36","6.24","6.41","6.22","18.44M","1.11%"
"05/10/2012","6.29","6.45","6.47","6.21","25.42M","-1.10%"
"05/09/2012","6.36","6.13","6.44","6.04","36.71M","1.92%"
"05/08/2012","6.24","6.43","6.43","6.09","35.85M","-4.00%"
"05/07/2012","6.50","6.60","6.75","6.40","36.60M","-0.76%"
"05/04/2012","6.55","6.65","6.89","6.55","34.52M","1.24%"
"05/03/2012","6.47","6.91","6.97","6.42","34.53M","-5.13%"
"05/02/2012","6.82","6.65","6.87","6.65","28.17M","2.10%"
"05/01/2012","6.68","6.57","6.83","6.52","29.57M","1.37%"
"04/30/2012","6.59","6.57","6.68","6.51","19.13M","0.30%"
"04/27/2012","6.57","6.65","6.68","6.49","23.21M","-0.45%"
"04/26/2012","6.60","6.50","6.67","6.50","24.06M","1.23%"
"04/25/2012","6.52","6.64","6.69","6.40","31.17M","0.15%"
"04/24/2012","6.51","6.66","6.74","6.50","28.54M","-1.81%"
"04/23/2012","6.63","6.55","6.75","6.46","35.94M","-0.15%"
"04/20/2012","6.64","6.80","6.84","6.64","50.18M","-5.14%"
"04/19/2012","7.00","7.07","7.31","6.96","31.23M","-0.99%"
"04/18/2012","7.07","7.16","7.23","7.04","28.85M","-2.35%"
"04/17/2012","7.24","7.15","7.33","7.09","40.08M","1.69%"
"04/16/2012","7.12","7.05","7.20","6.95","56.31M","2.30%"
"04/13/2012","6.96","7.07","7.10","6.93","97.32M","-2.52%"
"04/12/2012","7.14","7.28","7.55","7.11","57.62M","-0.42%"
"04/11/2012","7.17","7.23","7.43","7.15","22.62M","0.28%"
"04/10/2012","7.15","7.32","7.42","7.03","23.15M","-2.72%"
"04/09/2012","7.35","7.44","7.47","7.33","17.39M","-3.16%"
"04/05/2012","7.59","7.65","7.78","7.58","19.75M","-0.91%"
"04/04/2012","7.66","7.75","7.80","7.45","52.00M","-4.13%"
"04/03/2012","7.99","8.03","8.09","7.92","26.51M","-1.36%"
"04/02/2012","8.10","8.17","8.25","7.96","27.37M","0.00%"
"03/30/2012","8.10","8.53","8.54","8.08","50.95M","-3.80%"
"03/29/2012","8.42","8.61","8.76","8.41","45.88M","-2.55%"
"03/28/2012","8.64","8.51","8.75","8.45","35.13M","0.82%"
"03/27/2012","8.57","8.33","8.65","8.31","39.45M","3.88%"
"03/26/2012","8.25","8.42","8.44","8.11","35.60M","-1.79%"
"03/23/2012","8.40","8.49","8.61","8.25","47.82M","-3.56%"
"03/22/2012","8.71","8.73","8.77","8.48","33.39M","-0.34%"
"03/21/2012","8.74","8.74","8.98","8.71","30.79M","1.98%"
"03/20/2012","8.57","8.58","8.63","8.45","18.19M","-0.70%"
"03/19/2012","8.63","8.76","8.80","8.61","26.24M","-2.15%"
"03/16/2012","8.82","8.87","8.89","8.67","33.08M","-0.11%"
"03/15/2012","8.83","8.63","8.88","8.46","34.67M","2.91%"
"03/14/2012","8.58","8.68","8.85","8.52","34.00M","1.06%"
"03/13/2012","8.49","8.24","8.50","8.20","31.19M","5.07%"
"03/12/2012","8.08","8.26","8.30","8.01","19.89M","-3.00%"
"03/09/2012","8.33","8.16","8.36","8.12","25.55M","2.08%"
"03/08/2012","8.16","8.13","8.24","8.01","18.80M","0.87%"
"03/07/2012","8.09","8.04","8.25","7.84","32.06M","1.13%"
"03/06/2012","8.00","7.96","8.04","7.78","37.49M","-2.44%"
"03/05/2012","8.20","8.56","8.59","8.17","30.17M","-5.09%"
"03/02/2012","8.64","8.74","8.91","8.61","24.79M","-0.80%"
"03/01/2012","8.71","8.59","8.84","8.53","33.73M","1.87%"
"02/29/2012","8.55","9.07","9.10","8.51","48.16M","-3.72%"
"02/28/2012","8.88","8.80","9.16","8.77","71.86M","3.74%"
"02/27/2012","8.56","8.35","8.79","8.31","59.88M","7.67%"
"02/24/2012","7.95","7.89","8.07","7.85","17.30M","1.66%"
"02/23/2012","7.82","8.03","8.03","7.74","31.63M","-2.74%"
"02/22/2012","8.04","8.21","8.24","8.01","19.38M","-2.07%"
"02/21/2012","8.21","8.43","8.46","8.16","18.77M","-2.61%"
"02/17/2012","8.43","8.44","8.58","8.34","18.92M","-0.35%"
"02/16/2012","8.46","8.38","8.50","8.30","18.76M","2.17%"
"02/15/2012","8.28","8.40","8.55","8.27","33.45M","-0.72%"
"02/14/2012","8.34","7.92","8.36","7.92","41.15M","6.24%"
"02/13/2012","7.85","8.02","8.02","7.70","24.81M","-0.76%"
"02/10/2012","7.91","8.09","8.11","7.80","26.19M","-3.06%"
"02/09/2012","8.16","8.20","8.20","7.99","27.44M","0.00%"
"02/08/2012","8.16","7.94","8.23","7.89","42.12M","3.55%"
"02/07/2012","7.88","7.73","7.92","7.70","20.25M","2.07%"
"02/06/2012","7.72","7.70","7.88","7.68","32.64M","-2.89%"
"02/03/2012","7.95","7.88","7.97","7.74","15.18M","2.98%"
"02/02/2012","7.72","7.73","7.81","7.68","20.66M","0.26%"
"02/01/2012","7.70","7.74","7.84","7.60","26.90M","1.45%"
"01/31/2012","7.59","7.60","7.68","7.52","21.80M","0.40%"
"01/30/2012","7.56","7.34","7.59","7.29","21.77M","1.75%"
"01/27/2012","7.43","7.47","7.62","7.34","29.12M","-1.59%"
"01/26/2012","7.55","7.77","7.80","7.45","42.24M","-3.94%"
"01/25/2012","7.86","8.00","8.04","7.79","30.96M","-1.13%"
"01/24/2012","7.95","7.85","7.97","7.76","29.26M","1.02%"
"01/23/2012","7.87","7.79","8.06","7.77","33.19M","1.42%"
"01/20/2012","7.76","7.83","7.98","7.68","38.68M","-1.52%"
"01/19/2012","7.88","7.73","7.94","7.68","43.93M","3.01%"
"01/18/2012","7.65","7.25","7.75","7.21","48.91M","6.84%"
"01/17/2012","7.16","7.30","7.38","7.14","30.68M","-0.97%"
"01/13/2012","7.23","7.22","7.29","7.09","29.23M","-0.55%"
"01/12/2012","7.27","7.22","7.32","7.12","30.03M","0.69%"
"01/11/2012","7.22","7.27","7.29","7.14","20.21M","-0.41%"
"01/10/2012","7.25","7.40","7.44","7.21","26.67M","-0.55%"
"01/09/2012","7.29","7.23","7.34","7.12","28.69M","1.25%"
"01/06/2012","7.20","7.17","7.32","7.05","33.01M","0.56%"
"01/05/2012","7.16","6.96","7.33","6.90","53.47M","2.43%"
"01/04/2012","6.99","6.70","7.05","6.60","43.04M","3.56%"
"01/03/2012","6.75","6.64","6.96","6.59","42.04M","7.31%"
"12/30/2011","6.29","6.26","6.37","6.25","15.26M","0.32%"
"12/29/2011","6.27","6.18","6.30","6.14","13.90M","1.62%"
"12/28/2011","6.17","6.26","6.33","6.06","19.37M","-1.28%"
"12/27/2011","6.25","6.35","6.40","6.20","13.53M","-2.19%"
"12/23/2011","6.39","6.49","6.54","6.25","23.49M","-0.31%"
"12/22/2011","6.41","5.71","6.55","5.69","67.72M","15.70%"
"12/21/2011","5.54","5.89","5.90","5.52","26.62M","-4.32%"
"12/20/2011","5.79","5.59","5.82","5.58","19.29M","6.24%"
"12/19/2011","5.45","5.70","5.74","5.44","31.61M","-4.05%"
"12/16/2011","5.68","5.59","5.70","5.51","23.10M","2.34%"
"12/15/2011","5.55","5.53","5.58","5.48","17.19M","1.83%"
"12/14/2011","5.45","5.64","5.73","5.31","36.99M","-2.85%"
"12/13/2011","5.61","5.80","5.95","5.57","20.52M","-3.61%"
"12/12/2011","5.82","5.72","5.84","5.63","20.00M","-1.19%"
"12/09/2011","5.89","5.84","5.99","5.79","23.99M","1.20%"
"12/08/2011","5.82","5.97","6.10","5.78","32.62M","-3.96%"
"12/07/2011","6.06","5.62","6.08","5.56","31.52M","7.26%"
"12/06/2011","5.65","5.75","5.77","5.50","31.72M","-1.40%"
"12/05/2011","5.73","5.87","5.89","5.68","26.03M","-1.21%"
"12/02/2011","5.80","5.99","6.01","5.68","27.34M","-1.53%"
"12/01/2011","5.89","5.96","5.98","5.75","22.14M","-1.67%"
"11/30/2011","5.99","5.86","6.02","5.77","19.71M","6.21%"
"11/29/2011","5.64","5.63","5.75","5.56","20.82M","0.36%"
"11/28/2011","5.62","5.75","5.86","5.55","22.27M","2.18%"
"11/25/2011","5.50","5.66","5.86","5.46","18.26M","-3.68%"
"11/23/2011","5.71","6.03","6.04","5.67","39.72M","-6.39%"
"11/22/2011","6.10","6.06","6.36","6.01","38.11M","0.16%"
"11/21/2011","6.09","6.08","6.16","5.86","41.40M","-3.18%"
"11/18/2011","6.29","6.36","6.53","6.15","43.62M","-0.63%"
"11/17/2011","6.33","6.91","7.00","6.28","96.10M","-6.08%"
"11/16/2011","6.74","5.45","6.84","5.45","72.16M","23.44%"
"11/15/2011","5.46","5.31","5.71","5.25","41.90M","2.06%"
"11/14/2011","5.35","5.40","5.43","5.22","22.95M","-1.47%"
"11/11/2011","5.43","5.26","5.44","5.26","19.29M","4.83%"
"11/10/2011","5.18","5.50","5.55","5.06","53.08M","-3.18%"
"11/09/2011","5.35","5.72","5.72","5.33","36.74M","-9.48%"
"11/08/2011","5.91","5.89","5.96","5.75","23.17M","1.03%"
"11/07/2011","5.85","5.81","5.91","5.69","24.82M","-0.68%"
"11/04/2011","5.89","5.67","5.95","5.58","20.81M","0.86%"
"11/03/2011","5.84","5.51","5.87","5.36","32.50M","7.55%"
"11/02/2011","5.43","5.40","5.53","5.34","22.59M","2.65%"
"11/01/2011","5.29","5.39","5.46","5.29","30.23M","-5.37%"
"10/31/2011","5.59","5.77","5.79","5.57","23.71M","-4.93%"
"10/28/2011","5.88","5.68","5.90","5.65","21.81M","3.16%"
"10/27/2011","5.70","5.70","5.76","5.49","53.87M","4.40%"
"10/26/2011","5.46","5.53","5.61","5.21","50.10M","-0.55%"
"10/25/2011","5.49","5.61","5.64","5.48","26.54M","-3.00%"
"10/24/2011","5.66","5.45","5.68","5.45","34.55M","3.66%"
"10/21/2011","5.46","5.67","5.85","5.40","39.30M","-2.33%"
"10/20/2011","5.59","5.52","5.64","5.37","23.44M","1.08%"
"10/19/2011","5.53","5.74","5.84","5.51","27.55M","-4.16%"
"10/18/2011","5.77","5.46","5.80","5.40","31.43M","6.26%"
"10/17/2011","5.43","5.63","5.68","5.41","29.64M","-4.74%"
"10/14/2011","5.70","5.59","5.70","5.44","31.32M","3.26%"
"10/13/2011","5.52","5.11","5.58","5.10","37.58M","6.15%"
"10/12/2011","5.20","5.28","5.30","5.18","25.60M","0.00%"
"10/11/2011","5.20","5.16","5.29","5.12","23.83M","0.78%"
"10/10/2011","5.16","5.21","5.28","5.09","26.96M","4.24%"
"10/07/2011","4.95","4.94","5.03","4.84","29.68M","-0.20%"
"10/06/2011","4.96","4.95","5.00","4.77","35.91M","0.20%"
"10/05/2011","4.95","4.50","4.98","4.36","53.15M","9.51%"
"10/04/2011","4.52","4.20","4.52","3.97","57.67M","4.39%"
"10/03/2011","4.33","4.96","5.03","4.32","56.81M","-14.09%"
"09/30/2011","5.04","5.44","5.50","5.01","63.53M","-14.14%"
"09/29/2011","5.87","6.13","6.20","5.61","50.18M","-4.08%"
"09/28/2011","6.12","6.50","6.50","6.10","34.90M","-5.26%"
"09/27/2011","6.46","6.68","6.74","6.41","32.08M","-1.82%"
"09/26/2011","6.58","6.68","6.69","6.37","31.68M","-1.05%"
"09/23/2011","6.65","6.40","6.77","6.30","34.17M","3.42%"
"09/22/2011","6.43","6.28","6.49","6.22","46.34M","-2.72%"
"09/21/2011","6.61","6.88","6.94","6.60","48.82M","-3.50%"
"09/20/2011","6.85","6.92","7.09","6.84","32.78M","-0.44%"
"09/19/2011","6.88","6.97","7.24","6.80","57.27M","-2.13%"
"09/16/2011","7.03","7.09","7.16","6.94","68.70M","-0.14%"
"09/15/2011","7.04","7.35","7.42","6.90","60.71M","-2.22%"
"09/14/2011","7.20","6.95","7.35","6.93","68.48M","4.96%"
"09/13/2011","6.86","6.88","6.95","6.76","51.21M","2.69%"
"09/12/2011","6.68","6.30","6.71","6.28","46.73M","5.20%"
"09/09/2011","6.35","6.19","6.71","6.19","54.17M","1.60%"
"09/08/2011","6.25","6.03","6.63","6.00","63.01M","3.14%"
"09/07/2011","6.06","5.82","6.07","5.82","32.67M","6.88%"
"09/06/2011","5.67","5.28","5.70","5.28","24.12M","3.09%"
"09/02/2011","5.50","5.60","5.62","5.45","22.74M","-4.18%"
"09/01/2011","5.74","5.94","6.06","5.74","25.65M","-2.88%"
"08/31/2011","5.91","6.07","6.12","5.83","33.30M","-0.67%"
"08/30/2011","5.95","6.02","6.09","5.85","34.54M","-3.09%"
"08/29/2011","6.14","5.96","6.16","5.91","30.88M","8.48%"
"08/26/2011","5.66","5.43","5.84","5.38","48.60M","5.20%"
"08/25/2011","5.38","5.32","5.54","5.31","31.59M","1.51%"
"08/24/2011","5.30","5.63","5.66","5.18","64.87M","-6.36%"
"08/23/2011","5.66","5.32","5.66","5.27","33.81M","7.60%"
"08/22/2011","5.26","5.41","5.52","5.22","35.01M","0.19%"
"08/19/2011","5.25","5.50","5.66","5.20","49.90M","-6.91%"
"08/18/2011","5.64","5.88","5.89","5.60","45.55M","-7.69%"
"08/17/2011","6.11","6.35","6.41","6.07","29.68M","-2.86%"
"08/16/2011","6.29","6.41","6.47","6.19","20.07M","-2.93%"
"08/15/2011","6.48","6.27","6.48","6.18","23.31M","4.85%"
"08/12/2011","6.18","6.41","6.54","6.16","29.28M","-2.98%"
"08/11/2011","6.37","5.78","6.50","5.78","57.39M","11.36%"
"08/10/2011","5.72","5.98","6.04","5.71","57.55M","-7.59%"
"08/09/2011","6.19","5.96","6.20","5.76","44.66M","8.41%"
"08/08/2011","5.71","6.00","6.19","5.65","55.28M","-9.51%"
"08/05/2011","6.31","6.52","6.75","6.09","55.68M","-1.41%"
"08/04/2011","6.40","6.81","6.86","6.37","50.72M","-8.44%"
"08/03/2011","6.99","7.07","7.12","6.69","53.04M","-0.71%"
"08/02/2011","7.04","7.32","7.38","7.02","35.88M","-4.99%"
"08/01/2011","7.41","7.57","7.59","7.20","38.05M","0.54%"
"07/29/2011","7.37","7.30","7.53","7.22","44.89M","-0.67%"
"07/28/2011","7.42","7.48","7.56","7.31","31.68M","-0.13%"
"07/27/2011","7.43","7.80","7.80","7.38","45.40M","-5.47%"
"07/26/2011","7.86","7.85","7.99","7.80","21.59M","-0.38%"
"07/25/2011","7.89","7.90","7.96","7.76","25.09M","-2.47%"
"07/22/2011","8.09","7.71","8.20","7.69","47.03M","5.89%"
"07/21/2011","7.64","7.69","7.75","7.49","82.19M","0.53%"
"07/20/2011","7.60","7.53","7.60","7.40","29.43M","1.06%"
"07/19/2011","7.52","7.28","7.53","7.28","29.17M","4.01%"
"07/18/2011","7.23","7.36","7.55","7.13","25.88M","-2.43%"
"07/15/2011","7.41","7.37","7.45","7.26","23.63M","1.65%"
"07/14/2011","7.29","7.52","7.59","7.23","31.78M","-2.67%"
"07/13/2011","7.49","7.40","7.76","7.37","30.42M","2.46%"
"07/12/2011","7.31","7.39","7.45","7.21","28.78M","-2.40%"
"07/11/2011","7.49","7.55","7.70","7.45","22.31M","-2.47%"
"07/08/2011","7.68","7.69","7.79","7.61","20.46M","-1.79%"
"07/07/2011","7.82","7.63","7.89","7.61","23.41M","3.44%"
"07/06/2011","7.56","7.73","7.74","7.48","24.56M","-2.83%"
"07/05/2011","7.78","7.88","7.99","7.69","32.21M","-0.64%"
"07/01/2011","7.83","7.46","7.85","7.37","30.64M","4.68%"
"06/30/2011","7.48","7.53","7.61","7.44","37.98M","0.13%"
"06/29/2011","7.47","7.37","7.59","7.31","38.05M","1.63%"
"06/28/2011","7.35","7.34","7.38","7.26","28.89M","0.14%"
"06/27/2011","7.34","7.25","7.41","7.20","34.49M","1.80%"
"06/24/2011","7.21","7.72","7.77","7.20","117.83M","-14.47%"
"06/23/2011","8.43","8.05","8.45","7.94","56.03M","3.18%"
"06/22/2011","8.17","8.15","8.32","8.10","29.11M","0.37%"
"06/21/2011","8.14","8.00","8.18","7.85","35.26M","2.91%"
"06/20/2011","7.91","7.83","8.11","7.81","32.94M","1.02%"
"06/17/2011","7.83","7.99","8.01","7.64","43.16M","-0.51%"
"06/16/2011","7.87","8.12","8.13","7.81","54.51M","-2.48%"
"06/15/2011","8.07","8.33","8.36","8.05","44.05M","-3.93%"
"06/14/2011","8.40","8.40","8.56","8.20","35.94M","1.33%"
"06/13/2011","8.29","8.45","8.59","8.28","34.70M","-1.78%"
"06/10/2011","8.44","8.61","8.65","8.38","46.22M","-0.59%"
"06/09/2011","8.49","8.53","8.65","8.32","41.18M","-0.12%"
"06/08/2011","8.50","8.85","8.87","8.49","56.12M","-5.03%"
"06/07/2011","8.95","9.13","9.14","8.91","42.49M","-1.00%"
"06/06/2011","9.04","9.17","9.43","9.02","49.13M","-1.31%"
"06/03/2011","9.16","9.25","9.38","9.15","32.05M","-2.66%"
"06/02/2011","9.41","9.65","9.66","9.34","45.82M","-1.47%"
"06/01/2011","9.55","10.03","10.03","9.52","53.89M","-6.37%"
"05/31/2011","10.20","10.14","10.23","10.04","27.20M","1.80%"
"05/27/2011","10.02","9.83","10.05","9.80","25.52M","2.35%"
"05/26/2011","9.79","9.59","9.83","9.49","36.01M","1.87%"
"05/25/2011","9.61","9.57","9.64","9.43","36.42M","-0.10%"
"05/24/2011","9.62","9.83","9.84","9.60","23.20M","-0.93%"
"05/23/2011","9.71","9.81","9.83","9.57","27.62M","-2.90%"
"05/20/2011","10.00","10.10","10.17","9.93","21.77M","-1.67%"
"05/19/2011","10.17","10.12","10.21","9.95","34.77M","1.09%"
"05/18/2011","10.06","10.03","10.10","9.79","37.50M","1.21%"
"05/17/2011","9.94","10.42","10.49","9.79","74.90M","-5.78%"
"05/16/2011","10.55","10.38","10.87","10.32","38.66M","1.44%"
"05/13/2011","10.40","10.66","10.67","10.36","30.55M","-2.44%"
"05/12/2011","10.66","10.39","10.72","10.23","30.72M","2.40%"
"05/11/2011","10.41","10.69","10.93","10.38","40.70M","-2.07%"
"05/10/2011","10.63","10.50","10.71","10.38","24.40M","1.63%"
"05/09/2011","10.46","10.82","10.86","10.25","49.68M","-3.77%"
"05/06/2011","10.87","11.10","11.13","10.87","22.67M","-0.37%"
"05/05/2011","10.91","10.67","11.07","10.60","35.31M","1.58%"
"05/04/2011","10.74","10.87","10.98","10.60","29.58M","-1.47%"
"05/03/2011","10.90","11.20","11.23","10.80","36.97M","-3.02%"
"05/02/2011","11.24","11.37","11.41","11.15","21.59M","-0.71%"
"04/29/2011","11.32","11.45","11.45","11.15","36.68M","-1.39%"
"04/28/2011","11.48","11.70","11.77","11.27","37.39M","-2.63%"
"04/27/2011","11.79","11.60","11.83","11.57","29.75M","1.55%"
"04/26/2011","11.61","11.36","11.65","11.31","27.36M","2.47%"
"04/25/2011","11.33","11.46","11.49","11.25","20.45M","-1.65%"
"04/21/2011","11.52","11.47","11.72","11.24","43.51M","1.14%"
"04/20/2011","11.39","10.90","11.40","10.89","52.61M","8.27%"
"04/19/2011","10.52","10.44","10.58","10.32","20.53M","0.96%"
"04/18/2011","10.42","10.55","10.61","10.26","23.12M","-3.07%"
"04/15/2011","10.75","10.60","10.80","10.50","25.57M","0.94%"
"04/14/2011","10.65","10.45","10.67","10.36","25.88M","0.28%"
"04/13/2011","10.62","10.63","10.76","10.48","31.19M","0.85%"
"04/12/2011","10.53","10.55","10.59","10.30","45.08M","-1.96%"
"04/11/2011","10.74","11.09","11.13","10.69","28.72M","-2.98%"
"04/08/2011","11.07","11.19","11.28","10.98","25.28M","-0.63%"
"04/07/2011","11.14","11.23","11.30","11.00","28.56M","-0.89%"
"04/06/2011","11.24","11.07","11.26","11.01","24.14M","2.00%"
"04/05/2011","11.02","11.29","11.35","10.95","41.14M","-1.52%"
"04/04/2011","11.19","11.30","11.33","11.07","22.51M","-0.97%"
"04/01/2011","11.30","11.53","11.62","11.22","38.97M","-1.48%"
"03/31/2011","11.47","11.58","11.68","11.39","31.68M","-0.95%"
"03/30/2011","11.58","11.88","11.89","11.54","33.73M","-1.53%"
"03/29/2011","11.76","11.53","11.80","11.46","31.04M","1.82%"
"03/28/2011","11.55","11.62","11.82","11.51","33.90M","0.00%"
"03/25/2011","11.55","11.52","11.70","11.41","34.16M","0.43%"
"03/24/2011","11.50","11.33","11.55","11.19","100.90M","8.39%"
"03/23/2011","10.61","10.35","10.70","10.19","52.51M","2.51%"
"03/22/2011","10.35","10.27","10.37","10.16","35.93M","-0.10%"
"03/21/2011","10.36","10.28","10.43","10.18","27.83M","2.88%"
"03/18/2011","10.07","10.40","10.41","10.02","33.23M","-1.37%"
"03/17/2011","10.21","10.25","10.37","10.14","27.59M","1.59%"
"03/16/2011","10.05","10.33","10.60","10.00","56.64M","-3.64%"
"03/15/2011","10.43","10.01","10.54","9.85","56.31M","0.68%"
"03/14/2011","10.36","10.66","10.85","10.34","51.21M","1.17%"
"03/11/2011","10.24","9.91","10.29","9.90","46.22M","3.12%"
"03/10/2011","9.93","10.06","10.14","9.65","69.38M","-3.78%"
"03/09/2011","10.32","10.83","10.84","10.30","57.90M","-5.23%"
"03/08/2011","10.89","10.98","11.10","10.81","33.53M","-1.27%"
"03/07/2011","11.03","11.66","11.67","10.85","52.68M","-5.24%"
"03/04/2011","11.64","11.60","11.67","11.39","32.88M","0.61%"
"03/03/2011","11.57","11.28","11.63","11.26","35.26M","4.33%"
"03/02/2011","11.09","10.97","11.28","10.96","40.71M","1.19%"
"03/01/2011","10.96","11.20","11.30","10.94","28.85M","-1.53%"
"02/28/2011","11.13","11.62","11.66","10.92","47.72M","-2.71%"
"02/25/2011","11.44","11.14","11.45","11.11","39.36M","4.86%"
"02/24/2011","10.91","10.61","10.95","10.45","49.02M","3.41%"
"02/23/2011","10.55","10.84","10.88","10.27","59.32M","-3.39%"
"02/22/2011","10.92","11.45","11.45","10.85","55.90M","-6.67%"
"02/18/2011","11.70","11.88","11.89","11.65","23.58M","-0.85%"
"02/17/2011","11.80","11.58","11.87","11.55","25.48M","1.46%"
"02/16/2011","11.63","11.80","11.82","11.55","32.02M","-0.34%"
"02/15/2011","11.67","11.68","11.82","11.51","37.15M","0.17%"
"02/14/2011","11.65","11.53","11.95","11.51","66.91M","2.92%"
"02/11/2011","11.32","11.21","11.50","11.14","53.46M","0.09%"
"02/10/2011","11.31","11.07","11.38","11.02","36.65M","0.44%"
"02/09/2011","11.26","11.47","11.60","11.18","49.45M","-1.57%"
"02/08/2011","11.44","11.33","11.46","11.02","39.78M","1.33%"
"02/07/2011","11.29","11.17","11.43","11.15","51.40M","2.17%"
"02/04/2011","11.05","10.90","11.10","10.81","28.16M","1.47%"
"02/03/2011","10.89","11.00","11.02","10.74","24.58M","0.00%"
"02/02/2011","10.89","10.69","11.00","10.68","28.36M","0.74%"
"02/01/2011","10.81","10.67","10.90","10.65","40.68M","2.56%"
"01/31/2011","10.54","10.50","10.63","10.25","34.39M","1.64%"
"01/28/2011","10.37","10.76","10.77","10.16","51.67M","-2.08%"
"01/27/2011","10.59","10.36","10.65","10.33","82.72M","6.43%"
"01/26/2011","9.95","10.02","10.10","9.90","38.74M","-0.20%"
"01/25/2011","9.97","10.05","10.22","9.89","51.96M","-0.80%"
"01/24/2011","10.05","9.83","10.08","9.62","65.25M","2.13%"
"01/21/2011","9.84","10.00","10.00","9.73","56.87M","2.50%"
"01/20/2011","9.60","9.46","9.66","9.27","31.24M","2.45%"
"01/19/2011","9.37","9.61","9.68","9.22","43.37M","-3.00%"
"01/18/2011","9.66","9.75","9.91","9.59","28.23M","-0.51%"
"01/14/2011","9.71","9.73","9.86","9.65","40.68M","0.83%"
"01/13/2011","9.63","9.79","9.87","9.58","75.46M","3.10%"
"01/12/2011","9.34","8.85","9.49","8.84","92.09M","7.11%"
"01/11/2011","8.72","8.62","8.73","8.48","27.51M","1.99%"
"01/10/2011","8.55","8.68","8.68","8.39","30.50M","-1.04%"
"01/07/2011","8.64","8.56","8.70","8.45","24.52M","0.70%"
"01/06/2011","8.58","8.67","8.70","8.55","25.28M","0.47%"
"01/05/2011","8.54","8.41","8.78","8.40","38.76M","1.18%"
"01/04/2011","8.44","8.38","8.58","8.36","44.65M","1.93%"
"01/03/2011","8.28","8.14","8.48","8.14","43.35M","3.24%"
"12/31/2010","8.02","7.91","8.04","7.84","15.60M","1.52%"
"12/30/2010","7.90","7.71","7.92","7.68","13.04M","1.94%"
"12/29/2010","7.75","7.78","7.82","7.65","13.89M","-0.13%"
"12/28/2010","7.76","7.81","7.85","7.65","15.17M","-0.64%"
"12/27/2010","7.81","7.88","7.90","7.75","15.10M","-1.64%"
"12/23/2010","7.94","8.08","8.10","7.91","35.76M","-4.11%"
"12/22/2010","8.28","8.17","8.30","8.09","43.11M","1.72%"
"12/21/2010","8.14","8.20","8.29","8.09","30.14M","0.25%"
"12/20/2010","8.12","8.29","8.37","8.10","24.27M","-1.10%"
"12/17/2010","8.21","8.06","8.22","8.00","42.52M","1.99%"
"12/16/2010","8.05","7.96","8.10","7.88","19.34M","1.64%"
"12/15/2010","7.92","8.00","8.11","7.88","20.30M","-1.74%"
"12/14/2010","8.06","8.15","8.19","8.00","25.96M","-0.98%"
"12/13/2010","8.14","8.38","8.38","8.14","28.08M","-1.33%"
"12/10/2010","8.25","8.20","8.32","8.07","31.09M","0.73%"
"12/09/2010","8.19","8.33","8.33","8.10","30.06M","3.15%"
"12/08/2010","7.94","7.89","7.95","7.72","26.08M","0.25%"
"12/07/2010","7.92","8.12","8.29","7.88","36.45M","-0.50%"
"12/06/2010","7.96","7.87","8.04","7.80","26.41M","0.51%"
"12/03/2010","7.92","7.80","7.98","7.74","29.77M","0.13%"
"12/02/2010","7.91","7.44","7.91","7.42","47.37M","7.04%"
"12/01/2010","7.39","7.45","7.53","7.32","28.87M","1.65%"
"11/30/2010","7.27","7.47","7.50","7.23","29.11M","-3.96%"
"11/29/2010","7.57","7.57","7.63","7.48","18.39M","-1.05%"
"11/26/2010","7.65","7.64","7.68","7.55","10.18M","-1.29%"
"11/24/2010","7.75","7.48","7.85","7.47","54.45M","4.45%"
"11/23/2010","7.42","7.21","7.52","7.18","36.90M","1.37%"
"11/22/2010","7.32","7.45","7.50","7.23","22.88M","-0.95%"
"11/19/2010","7.39","7.27","7.54","7.26","31.30M","1.37%"
"11/18/2010","7.29","7.27","7.33","7.19","31.84M","2.68%"
"11/17/2010","7.10","7.25","7.32","7.09","29.87M","-1.66%"
"11/16/2010","7.22","7.36","7.41","7.13","37.49M","-2.70%"
"11/15/2010","7.42","7.65","7.66","7.42","35.16M","-3.89%"
"11/12/2010","7.72","7.80","7.86","7.46","38.61M","-1.66%"
"11/11/2010","7.85","7.77","7.89","7.70","33.28M","-0.25%"
"11/10/2010","7.87","7.92","7.99","7.75","40.78M","-0.38%"
"11/09/2010","7.90","8.30","8.32","7.83","48.96M","-4.13%"
"11/08/2010","8.24","8.62","8.64","8.22","47.04M","-4.74%"
"11/05/2010","8.65","8.57","8.78","8.47","24.73M","1.05%"
"11/04/2010","8.56","8.47","8.68","8.45","44.75M","5.81%"
"11/03/2010","8.09","8.13","8.14","7.93","25.03M","-0.25%"
"11/02/2010","8.11","8.21","8.22","8.05","19.62M","-0.37%"
"11/01/2010","8.14","8.29","8.30","8.05","32.57M","-1.45%"
"10/29/2010","8.26","8.20","8.27","8.12","86.55M","4.03%"
"10/28/2010","7.94","8.00","8.01","7.78","20.02M","-0.38%"
"10/27/2010","7.97","7.68","7.98","7.66","22.08M","3.24%"
"10/26/2010","7.72","7.78","7.80","7.62","16.05M","-1.15%"
"10/25/2010","7.81","7.70","7.88","7.70","16.77M","1.56%"
"10/22/2010","7.69","7.53","7.71","7.51","15.43M","2.53%"
"10/21/2010","7.50","7.71","7.75","7.50","20.14M","-2.47%"
"10/20/2010","7.69","7.37","7.76","7.34","39.76M","5.34%"
"10/19/2010","7.30","7.43","7.53","7.27","28.62M","-3.18%"
"10/18/2010","7.54","7.62","7.64","7.50","16.68M","-0.92%"
"10/15/2010","7.61","7.70","7.71","7.50","23.83M","0.26%"
"10/14/2010","7.59","7.65","7.74","7.50","25.76M","-0.78%"
"10/13/2010","7.65","7.89","7.90","7.65","43.29M","-1.29%"
"10/12/2010","7.75","7.63","7.87","7.58","37.61M","1.04%"
"10/11/2010","7.67","7.66","7.90","7.56","47.50M","1.05%"
"10/08/2010","7.59","7.20","7.64","7.20","86.69M","6.75%"
"10/07/2010","7.11","7.03","7.11","6.95","44.16M","2.30%"
"10/06/2010","6.95","6.95","6.96","6.76","33.56M","0.29%"
"10/05/2010","6.93","7.15","7.15","6.92","60.48M","-0.86%"
"10/04/2010","6.99","7.25","7.27","6.97","35.87M","-4.12%"
"10/01/2010","7.29","7.28","7.34","7.19","26.81M","1.11%"
"09/30/2010","7.21","7.40","7.49","7.12","32.58M","-1.10%"
"09/29/2010","7.29","7.15","7.55","7.14","42.03M","1.96%"
"09/28/2010","7.15","7.09","7.20","7.01","26.83M","1.71%"
"09/27/2010","7.03","7.17","7.20","7.01","30.16M","-2.36%"
"09/24/2010","7.20","6.87","7.22","6.86","44.57M","7.95%"
"09/23/2010","6.67","6.61","6.90","6.59","29.98M","-0.74%"
"09/22/2010","6.72","6.86","6.88","6.67","30.39M","-2.33%"
"09/21/2010","6.88","6.94","7.05","6.85","31.33M","-0.86%"
"09/20/2010","6.94","6.80","6.98","6.76","32.81M","2.66%"
"09/17/2010","6.76","7.08","7.15","6.72","57.86M","-4.79%"
"09/16/2010","7.10","6.98","7.11","6.92","24.65M","2.31%"
"09/15/2010","6.94","7.02","7.04","6.85","59.84M","-4.54%"
"09/14/2010","7.27","7.05","7.38","6.95","48.98M","3.12%"
"09/13/2010","7.05","6.66","7.12","6.65","45.83M","8.29%"
"09/10/2010","6.51","6.78","6.80","6.50","32.90M","-4.26%"
"09/09/2010","6.80","6.73","6.87","6.68","27.51M","3.03%"
"09/08/2010","6.60","6.78","6.80","6.52","27.99M","-2.22%"
"09/07/2010","6.75","7.00","7.00","6.71","27.02M","-4.26%"
"09/03/2010","7.05","6.95","7.09","6.82","22.90M","3.22%"
"09/02/2010","6.83","6.73","6.86","6.70","22.91M","1.49%"
"09/01/2010","6.73","6.64","6.78","6.55","31.49M","4.18%"
"08/31/2010","6.46","6.45","6.60","6.36","36.32M","-1.22%"
"08/30/2010","6.54","6.89","6.90","6.52","32.21M","-4.25%"
"08/27/2010","6.83","6.91","6.93","6.40","42.46M","0.74%"
"08/26/2010","6.78","7.17","7.23","6.77","30.01M","-4.51%"
"08/25/2010","7.10","7.03","7.16","6.92","23.35M","0.57%"
"08/24/2010","7.06","7.20","7.30","7.05","25.20M","-4.34%"
"08/23/2010","7.38","7.18","7.45","7.18","28.04M","3.65%"
"08/20/2010","7.12","7.15","7.26","7.04","22.31M","-0.84%"
"08/19/2010","7.18","7.36","7.44","7.12","28.78M","-3.62%"
"08/18/2010","7.45","7.31","7.47","7.25","16.29M","1.92%"
"08/17/2010","7.31","7.31","7.48","7.23","19.18M","1.81%"
"08/16/2010","7.18","7.25","7.35","7.15","21.12M","-1.37%"
"08/13/2010","7.28","7.30","7.58","7.28","24.14M","-1.22%"
"08/12/2010","7.37","6.97","7.40","6.89","39.79M","3.08%"
"08/11/2010","7.15","7.03","7.25","7.00","41.29M","-1.65%"
"08/10/2010","7.27","7.35","7.35","7.13","31.02M","-3.58%"
"08/09/2010","7.54","7.66","7.70","7.45","19.87M","-0.53%"
"08/06/2010","7.58","7.59","7.70","7.41","26.05M","-1.56%"
"08/05/2010","7.70","7.60","7.80","6.82","19.31M","0.79%"
"08/04/2010","7.64","7.55","7.68","7.41","25.85M","2.28%"
"08/03/2010","7.47","7.58","7.61","7.43","24.11M","-2.35%"
"08/02/2010","7.65","7.39","7.75","7.30","40.16M","5.08%"
"07/30/2010","7.28","7.55","7.60","7.26","68.69M","-6.43%"
"07/29/2010","7.78","8.28","8.31","7.68","54.09M","-5.58%"
"07/28/2010","8.24","8.36","8.53","8.14","30.44M","-2.25%"
"07/27/2010","8.43","8.57","8.60","8.34","29.28M","-0.94%"
"07/26/2010","8.51","8.47","8.51","8.34","31.01M","0.35%"
"07/23/2010","8.48","8.46","8.61","8.34","25.00M","-0.70%"
"07/22/2010","8.54","8.35","8.59","8.24","34.89M","4.53%"
"07/21/2010","8.17","8.55","8.56","8.15","37.63M","-3.31%"
"07/20/2010","8.45","8.32","8.48","8.13","33.10M","0.24%"
"07/19/2010","8.43","8.33","8.46","8.23","21.29M","1.93%"
"07/16/2010","8.27","8.55","8.57","8.25","25.50M","-4.50%"
"07/15/2010","8.66","8.74","8.74","8.48","27.46M","-1.03%"
"07/14/2010","8.75","8.83","8.88","8.55","39.36M","0.23%"
"07/13/2010","8.73","8.75","8.80","8.51","39.24M","2.11%"
"07/12/2010","8.55","8.53","8.75","8.50","27.47M","-0.23%"
"07/09/2010","8.57","8.70","8.71","8.44","30.61M","-1.38%"
"07/08/2010","8.69","8.94","9.00","8.53","31.37M","-2.25%"
"07/07/2010","8.89","8.56","8.90","8.44","30.84M","6.47%"
"07/06/2010","8.35","8.53","8.64","8.21","39.81M","1.58%"
"07/02/2010","8.22","8.41","8.44","8.06","21.53M","-1.91%"
"07/01/2010","8.38","8.51","8.54","8.01","50.08M","-1.30%"
"06/30/2010","8.49","8.72","8.92","8.45","38.84M","-2.08%"
"06/29/2010","8.67","9.24","9.30","8.60","88.46M","-13.47%"
"06/28/2010","10.02","9.73","10.09","9.64","57.25M","5.92%"
"06/25/2010","9.46","9.71","9.75","9.37","30.36M","-1.66%"
"06/24/2010","9.62","9.82","9.90","9.52","33.94M","-2.04%"
"06/23/2010","9.82","9.66","9.99","9.56","28.39M","1.87%"
"06/22/2010","9.64","9.94","10.12","9.60","26.93M","-2.82%"
"06/21/2010","9.92","10.25","10.29","9.86","26.69M","-0.80%"
"06/18/2010","10.00","9.90","10.14","9.82","24.58M","0.81%"
"06/17/2010","9.92","10.00","10.10","9.77","28.56M","0.10%"
"06/16/2010","9.91","9.52","9.98","9.46","39.00M","2.38%"
"06/15/2010","9.68","9.05","9.75","9.03","52.15M","8.64%"
"06/14/2010","8.91","9.09","9.17","8.90","26.40M","-0.22%"
"06/11/2010","8.93","8.65","8.94","8.59","23.51M","1.82%"
"06/10/2010","8.77","8.72","8.83","8.58","24.13M","2.81%"
"06/09/2010","8.53","8.65","8.90","8.47","28.67M","-0.12%"
"06/08/2010","8.54","8.45","8.60","8.27","33.55M","1.91%"
"06/07/2010","8.38","8.99","8.99","8.36","35.45M","-5.42%"
"06/04/2010","8.86","8.97","9.38","8.81","33.06M","-4.11%"
"06/03/2010","9.24","9.28","9.46","9.06","44.00M","0.65%"
"06/02/2010","9.18","8.76","9.21","8.75","42.96M","6.00%"
"06/01/2010","8.66","8.94","9.02","8.66","41.91M","-4.73%"
"05/28/2010","9.09","9.40","9.40","8.81","42.98M","-3.71%"
"05/27/2010","9.44","8.99","9.46","8.95","37.42M","8.63%"
"05/26/2010","8.69","8.95","9.14","8.63","36.25M","-1.25%"
"05/25/2010","8.80","8.45","8.82","8.32","33.08M","0.11%"
"05/24/2010","8.79","8.97","9.24","8.77","28.88M","-1.57%"
"05/21/2010","8.93","8.41","9.03","8.37","38.50M","2.17%"
"05/20/2010","8.74","8.70","9.02","8.48","38.30M","-2.46%"
"05/19/2010","8.96","9.00","9.24","8.70","29.98M","-1.21%"
"05/18/2010","9.07","9.32","9.42","8.95","48.38M","-1.09%"
"05/17/2010","9.17","8.94","9.21","8.78","39.77M","2.57%"
"05/14/2010","8.94","8.96","9.07","8.75","41.97M","-2.19%"
"05/13/2010","9.14","9.32","9.46","9.08","32.34M","-2.04%"
"05/12/2010","9.33","8.90","9.39","8.87","40.61M","5.78%"
"05/11/2010","8.82","8.88","9.07","8.72","38.78M","-2.97%"
"05/10/2010","9.09","9.20","9.25","8.83","38.08M","6.07%"
"05/07/2010","8.57","8.80","8.80","8.04","64.58M","-2.06%"
"05/06/2010","8.75","9.29","9.44","7.32","66.63M","-5.51%"
"05/05/2010","9.26","9.29","9.49","8.98","37.39M","-2.73%"
"05/04/2010","9.52","9.65","9.67","9.31","50.19M","-3.74%"
"05/03/2010","9.89","9.42","9.94","9.42","49.17M","5.78%"
"04/30/2010","9.35","10.14","10.15","9.33","52.94M","-8.42%"
"04/29/2010","10.21","10.40","10.41","10.05","23.94M","-0.29%"
"04/28/2010","10.24","10.42","10.48","9.72","66.82M","-0.97%"
"04/27/2010","10.34","10.84","10.85","10.28","32.06M","-5.74%"
"04/26/2010","10.97","10.97","11.03","10.88","17.54M","-0.27%"
"04/23/2010","11.00","10.98","11.01","10.75","25.34M","0.64%"
"04/22/2010","10.93","10.61","11.01","10.41","31.72M","1.77%"
"04/21/2010","10.74","10.94","11.08","10.54","38.63M","-0.09%"
"04/20/2010","10.75","10.87","10.97","10.67","24.29M","-0.37%"
"04/19/2010","10.79","10.81","11.00","10.48","26.30M","-1.19%"
"04/16/2010","10.92","11.09","11.10","10.69","36.31M","-2.33%"
"04/15/2010","11.18","11.21","11.38","11.12","29.17M","-1.06%"
"04/14/2010","11.30","11.05","11.40","10.99","49.94M","5.02%"
"04/13/2010","10.76","10.79","10.85","10.63","28.04M","-0.55%"
"04/12/2010","10.82","10.74","10.95","10.58","37.16M","0.84%"
"04/09/2010","10.73","10.71","10.82","10.65","24.27M","1.42%"
"04/08/2010","10.58","10.53","10.68","10.37","33.10M","0.19%"
"04/07/2010","10.56","10.23","10.65","10.13","44.20M","3.23%"
"04/06/2010","10.23","10.63","10.64","10.21","42.61M","-3.49%"
"04/05/2010","10.60","10.37","10.64","10.25","52.48M","4.23%"
"04/01/2010","10.17","11.03","11.05","10.11","127.59M","-1.93%"
"03/31/2010","10.37","10.72","10.75","10.36","38.78M","-3.89%"
"03/30/2010","10.79","10.72","10.90","10.67","37.35M","1.51%"
"03/29/2010","10.63","10.66","10.79","10.58","22.23M","1.33%"
"03/26/2010","10.49","10.54","10.73","10.26","25.90M","1.06%"
"03/25/2010","10.38","10.67","10.79","10.35","24.98M","-0.48%"
"03/24/2010","10.43","10.62","10.63","10.37","18.19M","-1.04%"
"03/23/2010","10.54","10.40","10.57","10.34","22.13M","2.03%"
"03/22/2010","10.33","9.83","10.36","9.75","19.35M","3.82%"
"03/19/2010","9.95","10.27","10.27","9.95","19.78M","-2.07%"
"03/18/2010","10.16","10.30","10.40","10.05","20.23M","-2.31%"
"03/17/2010","10.40","10.33","10.51","10.23","26.41M","1.86%"
"03/16/2010","10.21","9.85","10.24","9.80","24.37M","4.93%"
"03/15/2010","9.73","9.92","9.94","9.60","25.97M","-2.41%"
"03/12/2010","9.97","10.08","10.25","9.70","33.69M","1.73%"
"03/11/2010","9.80","9.85","9.90","9.62","20.02M","-0.71%"
"03/10/2010","9.87","9.63","9.96","9.57","39.34M","4.89%"
"03/09/2010","9.41","9.46","9.60","9.34","33.74M","-1.88%"
"03/08/2010","9.59","9.48","9.65","9.36","26.71M","1.37%"
"03/05/2010","9.46","9.56","9.58","9.32","15.69M","0.53%"
"03/04/2010","9.41","9.41","9.43","9.17","19.76M","-0.42%"
"03/03/2010","9.45","9.58","9.70","9.39","25.13M","-1.25%"
"03/02/2010","9.57","9.54","9.74","9.51","40.23M","-2.05%"
"03/01/2010","9.77","9.24","9.79","9.20","39.16M","7.84%"
"02/26/2010","9.06","9.08","9.15","8.87","20.39M","-0.11%"
"02/25/2010","9.07","8.87","9.09","8.72","20.93M","-0.22%"
"02/24/2010","9.09","8.70","9.23","8.64","34.31M","5.57%"
"02/23/2010","8.61","8.83","8.83","8.42","28.63M","-3.69%"
"02/22/2010","8.94","9.07","9.11","8.91","16.12M","0.45%"
"02/19/2010","8.90","8.77","9.14","8.66","28.67M","1.60%"
"02/18/2010","8.76","8.65","8.77","8.59","22.49M","0.34%"
"02/17/2010","8.73","8.79","8.79","8.56","18.43M","1.16%"
"02/16/2010","8.63","8.64","8.71","8.49","25.23M","2.25%"
"02/12/2010","8.44","8.42","8.74","8.32","44.24M","-1.06%"
"02/11/2010","8.53","8.56","8.78","8.42","50.94M","-0.12%"
"02/10/2010","8.54","8.61","8.73","8.18","70.63M","-5.95%"
"02/09/2010","9.08","9.17","9.28","8.84","20.85M","1.91%"
"02/08/2010","8.91","8.77","9.05","8.59","20.27M","2.41%"
"02/05/2010","8.70","8.63","8.71","8.27","36.41M","1.05%"
"02/04/2010","8.61","9.11","9.18","8.55","26.70M","-4.55%"
"02/03/2010","9.02","9.16","9.32","8.93","25.37M","-3.53%"
"02/02/2010","9.35","9.27","9.50","9.25","21.67M","1.96%"
"02/01/2010","9.17","8.88","9.20","8.84","19.41M","5.16%"
"01/29/2010","8.72","9.45","9.50","8.57","42.66M","-7.23%"
"01/28/2010","9.40","9.73","9.75","9.10","32.25M","-3.29%"
"01/27/2010","9.72","9.48","9.74","9.35","21.64M","2.97%"
"01/26/2010","9.44","9.36","9.74","9.27","25.16M","1.18%"
"01/25/2010","9.33","9.28","9.42","9.17","24.00M","2.19%"
"01/22/2010","9.13","9.70","9.71","9.09","44.45M","-6.84%"
"01/21/2010","9.80","10.07","10.24","9.76","38.27M","-1.80%"
"01/20/2010","9.98","10.00","10.07","9.73","42.20M","-2.92%"
"01/19/2010","10.28","10.14","10.30","10.04","18.55M","1.48%"
"01/15/2010","10.13","10.70","10.70","10.04","31.00M","-5.59%"
"01/14/2010","10.73","10.43","10.95","10.43","33.87M","2.58%"
"01/13/2010","10.46","10.31","10.56","9.97","33.52M","1.95%"
"01/12/2010","10.26","10.65","10.66","10.14","46.12M","-5.87%"
"01/11/2010","10.90","11.25","11.31","10.82","29.14M","-1.80%"
"01/08/2010","11.10","10.75","11.17","10.62","32.43M","2.40%"
"01/07/2010","10.84","11.23","11.25","10.56","46.47M","-3.39%"
"01/06/2010","11.22","11.08","11.34","10.99","32.06M","0.45%"
"01/05/2010","11.17","10.86","11.29","10.63","60.66M","2.95%"
"01/04/2010","10.85","10.82","11.04","10.78","34.42M","2.75%"
"12/31/2009","10.56","10.75","10.87","10.56","20.62M","-0.75%"
"12/30/2009","10.64","10.31","10.66","10.25","20.37M","2.50%"
"12/29/2009","10.38","10.08","10.49","9.80","33.33M","3.39%"
"12/28/2009","10.04","10.27","10.45","10.02","29.43M","-1.18%"
"12/24/2009","10.16","10.07","10.29","10.01","17.09M","1.70%"
"12/23/2009","9.99","9.75","10.00","9.70","60.07M","6.16%"
"12/22/2009","9.41","9.37","9.48","9.28","39.55M","1.07%"
"12/21/2009","9.31","9.04","9.31","9.00","36.72M","6.04%"
"12/18/2009","8.78","8.82","8.85","8.67","22.74M","0.57%"
"12/17/2009","8.73","8.72","8.88","8.70","11.75M","-0.80%"
"12/16/2009","8.80","8.89","9.05","8.79","25.44M","-0.11%"
"12/15/2009","8.81","8.95","9.00","8.73","21.63M","-2.00%"
"12/14/2009","8.99","8.69","8.99","8.58","14.68M","4.05%"
"12/11/2009","8.64","8.73","8.73","8.57","10.84M","-0.92%"
"12/10/2009","8.72","8.61","8.78","8.37","17.20M","1.51%"
"12/09/2009","8.59","8.62","8.69","8.50","14.08M","-0.12%"
"12/08/2009","8.60","8.62","8.72","8.52","23.36M","0.82%"
"12/07/2009","8.53","8.44","8.68","8.37","16.34M","0.95%"
"12/04/2009","8.45","8.59","8.62","8.21","27.53M","0.96%"
"12/03/2009","8.37","8.10","8.84","8.07","69.30M","2.57%"
"12/02/2009","8.16","7.80","8.23","7.74","41.43M","5.02%"
"12/01/2009","7.77","7.63","7.78","7.56","15.33M","3.32%"
"11/30/2009","7.52","7.39","7.53","7.30","15.46M","3.01%"
"11/27/2009","7.30","7.13","7.46","7.05","7.29M","-2.14%"
"11/25/2009","7.46","7.52","7.57","7.39","11.28M","-0.93%"
"11/24/2009","7.53","7.53","7.66","7.43","21.35M","0.13%"
"11/23/2009","7.52","7.35","7.57","7.29","25.30M","3.58%"
"11/20/2009","7.26","7.05","7.31","6.94","22.98M","1.97%"
"11/19/2009","7.12","7.27","7.28","6.85","28.50M","-4.81%"
"11/18/2009","7.48","7.62","7.64","7.39","26.65M","-3.11%"
"11/17/2009","7.72","7.62","7.72","7.52","12.50M","1.05%"
"11/16/2009","7.64","7.54","7.78","7.54","13.33M","1.73%"
"11/13/2009","7.51","7.51","7.60","7.37","19.33M","-1.31%"
"11/12/2009","7.61","7.51","7.68","7.46","17.64M","1.20%"
"11/11/2009","7.52","7.52","7.74","7.40","17.68M","1.62%"
"11/10/2009","7.40","7.58","7.70","7.28","16.33M","-1.46%"
"11/09/2009","7.51","7.27","7.62","7.20","25.07M","6.07%"
"11/06/2009","7.08","7.21","7.43","7.04","18.51M","-2.21%"
"11/05/2009","7.24","6.88","7.25","6.82","27.34M","7.58%"
"11/04/2009","6.73","6.85","7.07","6.70","27.51M","1.20%"
"11/03/2009","6.65","6.31","6.67","6.12","39.99M","1.06%"
"11/02/2009","6.58","6.88","6.95","6.39","28.30M","-3.09%"
"10/30/2009","6.79","7.28","7.28","6.76","26.21M","-6.34%"
"10/29/2009","7.25","6.94","7.28","6.90","30.58M","6.15%"
"10/28/2009","6.83","7.03","7.03","6.69","37.96M","-3.12%"
"10/27/2009","7.05","7.39","7.50","7.03","23.85M","-4.47%"
"10/26/2009","7.38","7.45","7.74","7.37","23.19M","-0.94%"
"10/23/2009","7.45","7.81","7.85","7.40","23.73M","-1.97%"
"10/22/2009","7.60","7.76","7.78","7.31","41.54M","-0.52%"
"10/21/2009","7.64","8.01","8.11","7.63","42.09M","-4.86%"
"10/20/2009","8.03","8.15","8.33","7.97","24.05M","-0.25%"
"10/19/2009","8.05","8.09","8.13","7.95","29.84M","1.26%"
"10/16/2009","7.95","8.44","8.48","7.87","55.53M","-8.09%"
"10/15/2009","8.65","8.75","8.89","8.43","25.65M","-2.92%"
"10/14/2009","8.91","9.04","9.07","8.74","21.57M","2.89%"
"10/13/2009","8.66","8.75","8.88","8.58","25.28M","-2.48%"
"10/12/2009","8.88","8.81","9.13","8.76","20.19M","1.14%"
"10/09/2009","8.78","8.17","8.80","8.15","27.85M","6.81%"
"10/08/2009","8.22","8.28","8.35","8.16","23.99M","0.00%"
"10/07/2009","8.22","7.85","8.25","7.83","21.99M","4.18%"
"10/06/2009","7.89","8.08","8.14","7.84","28.89M","-1.00%"
"10/05/2009","7.97","7.53","8.02","7.46","34.33M","6.84%"
"10/02/2009","7.46","7.40","7.57","7.17","29.24M","-0.67%"
"10/01/2009","7.51","8.12","8.16","7.47","45.49M","-8.41%"
"09/30/2009","8.20","8.40","8.45","8.08","46.52M","-2.38%"
"09/29/2009","8.40","8.55","8.59","8.18","42.73M","-0.47%"
"09/28/2009","8.44","8.22","8.60","8.19","28.15M","4.20%"
"09/25/2009","8.10","8.03","8.31","7.90","18.74M","-0.12%"
"09/24/2009","8.11","8.67","8.67","8.01","29.95M","-5.04%"
"09/23/2009","8.54","8.77","8.80","8.51","21.23M","-1.04%"
"09/22/2009","8.63","8.42","8.66","8.25","22.05M","3.60%"
"09/21/2009","8.33","8.19","8.44","8.02","14.15M","1.59%"
"09/18/2009","8.20","8.34","8.43","8.15","26.97M","-0.24%"
"09/17/2009","8.22","8.40","8.59","8.21","28.15M","-3.29%"
"09/16/2009","8.50","8.21","8.50","8.07","32.82M","4.29%"
"09/15/2009","8.15","7.98","8.18","7.76","22.08M","2.90%"
"09/14/2009","7.92","7.81","7.98","7.63","19.58M","0.64%"
"09/11/2009","7.87","8.22","8.22","7.71","29.07M","-3.20%"
"09/10/2009","8.13","7.83","8.21","7.77","31.13M","4.23%"
"09/09/2009","7.80","7.72","7.84","7.54","23.06M","0.65%"
"09/08/2009","7.75","7.66","7.76","7.43","21.12M","5.44%"
"09/04/2009","7.35","7.19","7.39","7.17","15.77M","2.51%"
"09/03/2009","7.17","7.13","7.21","6.93","24.84M","2.58%"
"09/02/2009","6.99","7.03","7.16","6.96","19.70M","-0.43%"
"09/01/2009","7.02","7.37","7.49","7.00","18.83M","-4.75%"
"08/31/2009","7.37","7.45","7.47","7.28","11.54M","-2.51%"
"08/28/2009","7.56","7.37","7.58","7.30","26.35M","5.00%"
"08/27/2009","7.20","7.28","7.28","6.90","24.09M","-0.69%"
"08/26/2009","7.25","7.18","7.26","7.15","16.19M","0.69%"
"08/25/2009","7.20","7.13","7.25","6.99","16.13M","1.55%"
"08/24/2009","7.09","7.11","7.25","7.06","10.65M","-0.70%"
"08/21/2009","7.14","6.83","7.16","6.76","20.19M","5.15%"
"08/20/2009","6.79","6.66","6.82","6.61","16.10M","1.65%"
"08/19/2009","6.68","6.73","6.78","6.61","18.51M","-1.62%"
"08/18/2009","6.79","6.63","6.83","6.58","14.72M","3.35%"
"08/17/2009","6.57","6.45","6.67","6.39","18.91M","-2.23%"
"08/14/2009","6.72","6.92","7.03","6.66","21.91M","-4.14%"
"08/13/2009","7.01","6.86","7.07","6.65","28.55M","3.70%"
"08/12/2009","6.76","6.80","6.93","6.74","18.73M","-0.59%"
"08/11/2009","6.80","6.80","6.88","6.65","19.85M","2.56%"
"08/10/2009","6.63","6.82","6.84","6.56","17.63M","-2.93%"
"08/07/2009","6.83","6.93","6.98","6.67","16.42M","0.59%"
"08/06/2009","6.79","6.88","6.98","6.64","26.84M","0.74%"
"08/05/2009","6.74","6.77","6.89","6.65","17.50M","-0.30%"
"08/04/2009","6.76","6.67","6.76","6.61","15.28M","-0.15%"
"08/03/2009","6.77","6.47","6.84","6.46","25.37M","5.95%"
"07/31/2009","6.39","6.16","6.44","6.16","24.46M","3.73%"
"07/30/2009","6.16","6.34","6.38","6.15","19.61M","-0.32%"
"07/29/2009","6.18","6.43","6.43","6.15","18.63M","-3.44%"
"07/28/2009","6.40","6.28","6.47","6.21","17.32M","1.11%"
"07/27/2009","6.33","6.27","6.39","6.17","12.31M","0.96%"
"07/24/2009","6.27","6.15","6.28","5.95","16.65M","1.13%"
"07/23/2009","6.20","6.04","6.29","5.97","21.88M","0.65%"
"07/22/2009","6.16","5.85","6.19","5.83","27.39M","5.30%"
"07/21/2009","5.85","5.91","6.09","5.76","32.39M","-0.68%"
"07/20/2009","5.89","5.76","5.92","5.66","15.62M","2.43%"
"07/17/2009","5.75","5.75","5.75","5.60","14.64M","0.00%"
"07/16/2009","5.75","5.57","5.78","5.44","18.75M","3.05%"
"07/15/2009","5.58","5.47","5.68","5.46","19.37M","4.89%"
"07/14/2009","5.32","5.20","5.35","5.16","18.79M","2.11%"
"07/13/2009","5.21","5.08","5.21","4.93","17.05M","2.56%"
"07/10/2009","5.08","5.01","5.18","4.95","17.75M","0.79%"
"07/09/2009","5.04","4.76","5.14","4.76","25.40M","6.78%"
"07/08/2009","4.72","4.70","4.83","4.55","21.74M","0.43%"
"07/07/2009","4.70","4.92","5.05","4.67","13.72M","-3.89%"
"07/06/2009","4.89","5.00","5.07","4.85","14.73M","-1.41%"
"07/02/2009","4.96","5.11","5.19","4.96","15.70M","-4.25%"
"07/01/2009","5.18","5.13","5.25","5.08","15.91M","2.37%"
"06/30/2009","5.06","5.11","5.23","4.95","16.38M","-0.98%"
"06/29/2009","5.11","5.08","5.16","5.03","12.44M","0.20%"
"06/26/2009","5.10","5.05","5.38","5.05","26.00M","-3.77%"
"06/25/2009","5.30","5.13","5.36","5.04","25.06M","3.11%"
"06/24/2009","5.14","5.00","5.23","4.95","19.10M","5.98%"
"06/23/2009","4.85","5.07","5.10","4.75","25.29M","-3.39%"
"06/22/2009","5.02","5.32","5.52","5.01","25.98M","-5.82%"
"06/19/2009","5.33","5.35","5.50","5.27","19.67M","1.33%"
"06/18/2009","5.26","5.31","5.44","5.15","14.77M","-0.75%"
"06/17/2009","5.30","5.13","5.45","5.10","17.60M","1.92%"
"06/16/2009","5.20","5.37","5.39","5.15","12.11M","-2.26%"
"06/15/2009","5.32","5.42","5.43","5.19","16.71M","-2.74%"
"06/12/2009","5.47","5.62","5.62","5.19","18.81M","-2.15%"
"06/11/2009","5.59","5.91","5.91","5.43","25.32M","-4.61%"
"06/10/2009","5.86","5.71","5.93","5.54","26.44M","5.02%"
"06/09/2009","5.58","5.36","5.65","5.30","18.46M","5.28%"
"06/08/2009","5.30","5.30","5.37","5.12","12.90M","0.00%"
"06/05/2009","5.30","5.53","5.64","5.24","17.08M","-3.64%"
"06/04/2009","5.50","5.06","5.50","5.05","34.31M","10.66%"
"06/03/2009","4.97","4.93","5.25","4.90","27.71M","-1.97%"
"06/02/2009","5.07","5.21","5.31","5.02","19.87M","-4.70%"
"06/01/2009","5.32","5.23","5.41","5.03","20.83M","5.14%"
"05/29/2009","5.06","4.90","5.09","4.79","17.54M","4.12%"
"05/28/2009","4.86","4.89","4.92","4.54","15.24M","1.89%"
"05/27/2009","4.77","4.66","4.93","4.64","16.17M","2.58%"
"05/26/2009","4.65","4.47","4.78","4.46","12.76M","3.10%"
"05/22/2009","4.51","4.64","4.67","4.46","8.14M","-1.53%"
"05/21/2009","4.58","4.75","4.76","4.42","20.40M","-4.58%"
"05/20/2009","4.80","4.90","5.23","4.80","26.67M","-1.03%"
"05/19/2009","4.85","4.58","4.97","4.58","21.94M","3.63%"
"05/18/2009","4.68","4.35","4.73","4.35","25.03M","10.38%"
"05/15/2009","4.24","4.55","4.65","4.24","20.96M","-6.81%"
"05/14/2009","4.55","4.30","4.63","4.25","17.71M","5.32%"
"05/13/2009","4.32","4.33","4.42","4.18","19.91M","-2.26%"
"05/12/2009","4.42","4.69","4.76","4.27","25.24M","-5.15%"
"05/11/2009","4.66","4.57","4.79","4.52","19.88M","-3.92%"
"05/08/2009","4.85","5.07","5.08","4.60","18.49M","-1.42%"
"05/07/2009","4.92","5.18","5.33","4.79","25.78M","-8.72%"
"05/06/2009","5.39","5.40","5.64","5.29","22.53M","-0.92%"
"05/05/2009","5.44","5.24","5.45","5.12","25.77M","3.23%"
"05/04/2009","5.27","5.08","5.28","4.90","19.32M","7.77%"
"05/01/2009","4.89","4.70","4.94","4.70","13.30M","0.20%"
"04/30/2009","4.88","4.91","5.09","4.86","36.76M","0.83%"
"04/29/2009","4.84","4.67","4.94","4.62","14.74M","6.14%"
"04/28/2009","4.56","4.56","4.69","4.47","19.93M","-2.15%"
"04/27/2009","4.66","4.70","4.95","4.55","22.36M","-4.12%"
"04/24/2009","4.86","4.94","4.99","4.63","26.19M","-1.22%"
"04/23/2009","4.92","5.13","5.20","4.80","23.20M","-2.19%"
"04/22/2009","5.03","4.79","5.28","4.79","36.11M","7.02%"
"04/21/2009","4.70","4.57","4.84","4.49","24.45M","2.40%"
"04/20/2009","4.59","4.92","4.97","4.55","19.55M","-8.20%"
"04/17/2009","5.00","5.08","5.10","4.81","28.58M","0.40%"
"04/16/2009","4.98","4.65","5.08","4.65","49.21M","10.67%"
"04/15/2009","4.50","4.23","4.50","4.17","28.90M","4.65%"
"04/14/2009","4.30","4.40","4.55","4.14","29.26M","-2.05%"
"04/13/2009","4.39","4.36","4.44","4.20","25.30M","-1.35%"
"04/09/2009","4.45","4.43","4.65","4.35","101.93M","3.97%"
"04/08/2009","4.28","4.20","4.28","4.01","48.84M","-0.70%"
"04/07/2009","4.31","4.31","4.50","4.17","28.31M","-4.65%"
"04/06/2009","4.52","4.41","4.57","4.25","21.40M","0.44%"
"04/03/2009","4.50","4.43","4.66","4.30","24.18M","-2.81%"
"04/02/2009","4.63","4.31","4.63","4.25","28.59M","10.77%"
"04/01/2009","4.18","3.94","4.18","3.78","22.22M","2.96%"
"03/31/2009","4.06","3.99","4.18","3.94","15.05M","4.64%"
"03/30/2009","3.88","4.09","4.09","3.84","11.10M","-6.95%"
"03/27/2009","4.17","4.19","4.35","4.10","20.24M","-1.18%"
"03/26/2009","4.22","3.91","4.28","3.86","40.56M","13.75%"
"03/25/2009","3.71","3.75","3.96","3.55","18.58M","0.54%"
"03/24/2009","3.69","3.76","3.81","3.53","17.98M","-3.15%"
"03/23/2009","3.81","3.56","3.84","3.51","16.16M","11.08%"
"03/20/2009","3.43","3.68","3.74","3.43","17.21M","-6.54%"
"03/19/2009","3.67","3.71","3.83","3.61","15.41M","-2.65%"
"03/18/2009","3.77","3.65","3.89","3.57","25.04M","2.45%"
"03/17/2009","3.68","3.66","3.70","3.49","16.63M","0.82%"
"03/16/2009","3.65","3.83","3.84","3.60","20.52M","0.27%"
"03/13/2009","3.64","3.53","3.65","3.50","13.16M","4.00%"
"03/12/2009","3.50","3.29","3.58","3.13","33.99M","9.37%"
"03/11/2009","3.20","2.92","3.27","2.91","22.71M","11.11%"
"03/10/2009","2.88","2.65","2.90","2.65","22.97M","11.63%"
"03/09/2009","2.58","2.87","2.92","2.55","22.15M","-11.34%"
"03/06/2009","2.91","3.19","3.23","2.71","26.48M","-7.62%"
"03/05/2009","3.15","3.13","3.19","3.07","10.52M","-1.56%"
"03/04/2009","3.20","3.19","3.31","3.10","13.86M","3.56%"
"03/03/2009","3.09","3.06","3.25","3.06","14.26M","2.66%"
"03/02/2009","3.01","3.13","3.25","2.97","10.16M","-6.52%"
"02/27/2009","3.22","3.20","3.38","3.07","8.33M","-2.13%"
"02/26/2009","3.29","3.28","3.45","3.21","19.06M","2.17%"
"02/25/2009","3.22","3.20","3.30","3.06","18.64M","0.00%"
"02/24/2009","3.22","2.91","3.28","2.80","19.24M","14.59%"
"02/23/2009","2.81","2.85","2.96","2.76","20.27M","0.00%"
"02/20/2009","2.81","2.92","2.92","2.69","32.42M","-6.33%"
"02/19/2009","3.00","3.30","3.45","2.97","17.10M","-6.25%"
"02/18/2009","3.20","3.34","3.39","3.14","17.99M","-3.03%"
"02/17/2009","3.30","3.55","3.55","3.04","27.81M","-11.53%"
"02/13/2009","3.73","3.95","3.96","3.70","23.73M","-5.33%"
"02/12/2009","3.94","3.84","3.98","3.69","26.15M","1.55%"
"02/11/2009","3.88","4.05","4.05","3.56","27.14M","-3.48%"
"02/10/2009","4.02","4.27","4.32","3.94","36.21M","-6.94%"
"02/09/2009","4.32","4.10","4.40","4.05","32.07M","5.88%"
"02/06/2009","4.08","4.08","4.25","3.96","33.46M","0.25%"
"02/05/2009","4.07","3.82","4.14","3.67","21.80M","4.36%"
"02/04/2009","3.90","3.84","4.16","3.70","26.39M","3.72%"
"02/03/2009","3.76","3.60","3.80","3.46","25.73M","4.44%"
"02/02/2009","3.60","3.76","4.00","3.50","29.87M","-3.23%"
"01/30/2009","3.72","3.59","3.77","3.45","24.64M","4.20%"
"01/29/2009","3.57","3.70","3.72","3.43","17.31M","-5.05%"
"01/28/2009","3.76","3.60","3.86","3.60","19.05M","7.74%"
"01/27/2009","3.49","3.45","3.56","3.38","10.35M","2.65%"
"01/26/2009","3.40","3.55","3.70","3.32","15.91M","-4.49%"
"01/23/2009","3.56","3.19","3.60","3.13","31.80M","9.54%"
"01/22/2009","3.25","3.34","3.35","3.13","15.33M","-5.52%"
"01/21/2009","3.44","3.20","3.49","3.06","24.22M","11.69%"
"01/20/2009","3.08","3.27","3.50","3.05","22.22M","-9.41%"
"01/16/2009","3.40","3.12","3.45","3.07","25.29M","13.71%"
"01/15/2009","2.99","2.91","3.19","2.82","16.68M","2.05%"
"01/14/2009","2.93","2.87","3.05","2.87","16.98M","-6.98%"
"01/13/2009","3.15","3.09","3.28","2.87","21.29M","-0.32%"
"01/12/2009","3.16","3.33","3.34","3.00","21.30M","-3.95%"
"01/09/2009","3.29","3.37","3.51","3.23","30.68M","-3.52%"
"01/08/2009","3.41","3.20","3.44","3.20","23.39M","3.96%"
"01/07/2009","3.28","3.48","3.48","3.13","25.68M","-5.48%"
"01/06/2009","3.47","3.40","3.67","3.36","30.66M","4.52%"
"01/05/2009","3.32","2.94","3.44","2.84","36.16M","16.90%"
"01/02/2009","2.84","2.65","2.90","2.63","17.54M","7.58%"
"12/31/2008","2.64","2.44","2.70","2.44","11.98M","8.20%"
"12/30/2008","2.44","2.35","2.45","2.28","12.02M","3.39%"
"12/29/2008","2.36","2.55","2.60","2.25","13.10M","-8.88%"
"12/26/2008","2.59","2.72","2.74","2.54","5.99M","0.00%"
"12/24/2008","2.59","2.20","2.70","2.12","19.55M","9.75%"
"12/23/2008","2.36","2.64","2.70","2.26","18.16M","-9.58%"
"12/22/2008","2.61","2.75","2.96","2.35","31.68M","-12.71%"
"12/19/2008","2.99","2.70","3.00","2.70","35.75M","14.56%"
"12/18/2008","2.61","2.25","2.75","2.20","45.14M","20.28%"
"12/17/2008","2.17","1.96","2.25","1.96","19.04M","6.90%"
"12/16/2008","2.03","1.92","2.05","1.90","11.97M","6.84%"
"12/15/2008","1.90","2.08","2.09","1.85","12.51M","-8.21%"
"12/12/2008","2.07","1.77","2.07","1.76","15.96M","11.89%"
"12/11/2008","1.85","2.05","2.11","1.83","39.10M","-10.63%"
"12/10/2008","2.07","2.27","2.33","2.04","14.34M","-5.91%"
"12/09/2008","2.20","2.10","2.37","1.99","19.46M","5.77%"
"12/08/2008","2.08","2.13","2.23","2.01","21.07M","1.96%"
"12/05/2008","2.04","1.80","2.11","1.80","29.11M","12.71%"
"12/04/2008","1.81","1.99","2.08","1.75","31.92M","-9.05%"
"12/03/2008","1.99","2.03","2.05","1.89","41.90M","-4.78%"
"12/02/2008","2.09","2.30","2.41","1.94","22.21M","-6.70%"
"12/01/2008","2.24","2.70","2.70","2.24","12.16M","-18.25%"
"11/28/2008","2.74","2.39","2.84","2.31","8.80M","14.64%"
"11/26/2008","2.39","2.29","2.57","2.21","18.41M","5.75%"
"11/25/2008","2.26","2.16","2.29","2.05","16.87M","7.62%"
"11/24/2008","2.10","1.90","2.13","1.89","23.71M","12.30%"
"11/21/2008","1.87","1.75","1.90","1.66","25.54M","10.65%"
"11/20/2008","1.69","2.04","2.04","1.59","33.46M","-18.36%"
"11/19/2008","2.07","2.45","2.51","2.00","28.03M","-15.85%"
"11/18/2008","2.46","2.61","2.75","2.38","21.68M","-4.28%"
"11/17/2008","2.57","2.78","2.78","2.51","15.28M","-6.55%"
"11/14/2008","2.75","3.06","3.13","2.63","28.33M","-11.29%"
"11/13/2008","3.10","3.09","3.17","2.63","36.16M","0.00%"
"11/12/2008","3.10","3.63","3.72","3.10","21.92M","-16.89%"
"11/11/2008","3.73","3.94","3.94","3.61","25.01M","-6.52%"
"11/10/2008","3.99","4.50","4.54","3.91","15.09M","-10.94%"
"11/07/2008","4.48","4.43","4.74","4.32","14.85M","2.28%"
"11/06/2008","4.38","4.75","4.78","4.30","15.59M","-8.75%"
"11/05/2008","4.80","4.88","5.17","4.77","23.10M","-3.61%"
"11/04/2008","4.98","4.81","5.07","4.75","16.02M","6.41%"
"11/03/2008","4.68","4.71","5.00","4.64","18.63M","-0.64%"
"10/31/2008","4.71","4.36","4.79","4.33","20.94M","6.32%"
"10/30/2008","4.43","4.05","4.45","4.01","15.43M","14.18%"
"10/29/2008","3.88","3.70","4.20","3.61","30.97M","3.74%"
"10/28/2008","3.74","3.58","3.74","3.25","19.66M","10.32%"
"10/27/2008","3.39","3.42","3.67","3.36","15.68M","-4.51%"
"10/24/2008","3.55","3.43","3.90","3.30","24.21M","-9.44%"
"10/23/2008","3.92","4.25","4.34","3.75","29.84M","-9.68%"
"10/22/2008","4.34","4.42","4.55","4.15","19.59M","-2.91%"
"10/21/2008","4.47","4.32","4.68","4.26","23.22M","0.45%"
"10/20/2008","4.45","4.16","4.51","4.16","23.15M","8.01%"
"10/17/2008","4.12","3.98","4.39","3.86","17.37M","1.73%"
"10/16/2008","4.05","4.14","4.23","3.80","36.54M","-0.25%"
"10/15/2008","4.06","4.38","4.52","4.04","31.87M","-9.98%"
"10/14/2008","4.51","4.44","4.70","4.16","34.53M","7.13%"
"10/13/2008","4.21","3.95","4.25","3.89","20.13M","18.59%"
"10/10/2008","3.55","3.66","4.02","3.46","39.93M","-8.51%"
"10/09/2008","3.88","3.97","4.19","3.86","30.69M","0.26%"
"10/08/2008","3.87","3.89","4.02","3.67","35.74M","-1.02%"
"10/07/2008","3.91","4.18","4.48","3.81","29.32M","-3.69%"
"10/06/2008","4.06","4.30","4.32","3.77","27.59M","-8.56%"
"10/03/2008","4.44","4.55","5.01","4.42","24.05M","-0.89%"
"10/02/2008","4.48","4.20","4.65","4.10","33.02M","4.19%"
"10/01/2008","4.30","4.09","4.58","3.97","38.45M","6.17%"
"09/30/2008","4.05","4.19","4.21","3.91","28.87M","0.50%"
"09/29/2008","4.03","4.54","4.59","4.00","22.76M","-13.33%"
"09/26/2008","4.65","4.38","4.81","4.35","21.65M","-0.43%"
"09/25/2008","4.67","4.34","4.91","4.28","34.32M","7.11%"
"09/24/2008","4.36","4.18","4.52","4.12","32.46M","6.60%"
"09/23/2008","4.09","4.25","4.49","4.09","28.25M","-5.54%"
"09/22/2008","4.33","4.80","4.80","4.29","24.00M","-10.54%"
"09/19/2008","4.84","4.63","5.00","4.50","33.70M","13.62%"
"09/18/2008","4.26","4.01","4.43","3.97","30.63M","9.23%"
"09/17/2008","3.90","4.02","4.44","3.85","32.02M","-2.50%"
"09/16/2008","4.00","4.00","4.05","3.61","37.34M","-7.83%"
"09/15/2008","4.34","4.91","4.91","4.33","25.17M","-15.40%"
"09/12/2008","5.13","4.88","5.20","4.81","24.92M","4.27%"
"09/11/2008","4.92","4.69","5.09","4.62","25.09M","0.20%"
"09/10/2008","4.91","4.40","5.01","4.40","37.66M","11.34%"
"09/09/2008","4.41","4.39","4.64","4.34","29.36M","0.00%"
"09/08/2008","4.41","4.50","4.59","4.24","20.93M","1.15%"
"09/05/2008","4.36","4.19","4.42","4.12","20.51M","4.56%"
"09/04/2008","4.17","4.29","4.42","4.16","20.51M","-3.47%"
"09/03/2008","4.32","4.22","4.34","4.19","15.58M","2.37%"
"09/02/2008","4.22","4.31","4.37","4.20","10.48M","-0.47%"
"08/29/2008","4.24","4.25","4.30","4.21","9.59M","-1.17%"
"08/28/2008","4.29","4.29","4.33","4.24","11.27M","0.70%"
"08/27/2008","4.26","4.28","4.30","4.21","19.57M","0.47%"
"08/26/2008","4.24","4.49","4.49","4.21","23.09M","-5.57%"
"08/25/2008","4.49","4.65","4.74","4.48","16.58M","-4.26%"
"08/22/2008","4.69","4.72","4.78","4.56","9.82M","0.21%"
"08/21/2008","4.68","4.70","4.74","4.59","8.90M","-0.43%"
"08/20/2008","4.70","4.96","4.97","4.64","20.08M","-4.08%"
"08/19/2008","4.90","5.08","5.10","4.87","9.36M","-3.73%"
"08/18/2008","5.09","5.40","5.42","5.03","12.52M","-5.57%"
"08/15/2008","5.39","5.40","5.44","5.32","7.85M","0.37%"
"08/14/2008","5.37","5.10","5.41","5.03","18.23M","5.29%"
"08/13/2008","5.10","5.28","5.29","5.02","15.56M","-3.23%"
"08/12/2008","5.27","5.43","5.43","5.25","12.20M","-2.23%"
"08/11/2008","5.39","5.15","5.44","5.15","17.69M","2.28%"
"08/08/2008","5.27","5.12","5.31","5.04","15.28M","3.33%"
"08/07/2008","5.10","4.98","5.29","4.88","28.08M","2.41%"
"08/06/2008","4.98","4.75","5.01","4.64","21.88M","5.29%"
"08/05/2008","4.73","4.91","4.94","4.64","17.18M","-0.42%"
"08/04/2008","4.75","4.67","4.87","4.66","10.41M","1.71%"
"08/01/2008","4.67","4.83","4.92","4.64","12.47M","-3.31%"
"07/31/2008","4.83","4.71","5.01","4.70","23.52M","1.68%"
"07/30/2008","4.75","4.74","4.80","4.60","16.87M","1.50%"
"07/29/2008","4.68","4.45","4.70","4.42","25.86M","2.18%"
"07/28/2008","4.58","4.95","4.96","4.55","20.76M","-7.85%"
"07/25/2008","4.97","4.92","5.00","4.83","16.04M","1.22%"
"07/24/2008","4.91","5.13","5.16","4.87","19.82M","-4.29%"
"07/23/2008","5.13","5.27","5.36","5.09","34.46M","0.00%"
"07/22/2008","5.13","5.46","5.49","5.10","35.23M","-9.36%"
"07/21/2008","5.66","5.73","5.76","5.61","13.68M","-0.70%"
"07/18/2008","5.70","5.42","5.75","5.36","19.27M","4.59%"
"07/17/2008","5.45","5.58","5.66","5.30","23.32M","-1.09%"
"07/16/2008","5.51","5.30","5.56","5.18","17.25M","4.36%"
"07/15/2008","5.28","5.23","5.38","5.11","17.89M","0.00%"
"07/14/2008","5.28","5.50","5.50","5.14","15.16M","-2.94%"
"07/11/2008","5.44","5.39","5.62","5.21","24.29M","-0.37%"
"07/10/2008","5.46","5.47","5.56","5.38","23.53M","0.00%"
"07/09/2008","5.46","5.65","5.66","5.43","26.55M","-1.09%"
"07/08/2008","5.52","5.48","5.56","5.35","33.77M","0.73%"
"07/07/2008","5.48","5.79","5.88","5.41","26.72M","-5.03%"
"07/03/2008","5.77","5.95","6.00","5.57","15.16M","-2.37%"
"07/02/2008","5.91","5.90","6.04","5.83","36.23M","2.07%"
"07/01/2008","5.79","5.92","5.97","5.54","30.27M","-3.50%"
"06/30/2008","6.00","6.12","6.15","5.91","23.21M","-1.64%"
"06/27/2008","6.10","6.85","6.86","6.06","39.94M","-12.73%"
"06/26/2008","6.99","7.47","7.47","6.88","29.32M","-7.17%"
"06/25/2008","7.53","7.34","7.64","7.34","17.75M","1.76%"
"06/24/2008","7.40","7.14","7.45","7.00","17.34M","5.56%"
"06/23/2008","7.01","7.25","7.25","6.94","16.21M","-3.04%"
"06/20/2008","7.23","7.37","7.41","7.18","13.10M","-2.82%"
"06/19/2008","7.44","7.10","7.48","7.09","17.99M","4.06%"
"06/18/2008","7.15","7.37","7.40","6.85","34.13M","-3.77%"
"06/17/2008","7.43","7.76","7.87","7.38","14.73M","-3.88%"
"06/16/2008","7.73","7.65","7.92","7.58","13.25M","0.91%"
"06/13/2008","7.66","7.34","7.66","7.33","11.39M","4.36%"
"06/12/2008","7.34","7.37","7.58","7.28","15.14M","0.00%"
"06/11/2008","7.34","7.80","7.80","7.28","23.44M","-5.90%"
"06/10/2008","7.80","7.95","7.95","7.77","14.63M","-2.74%"
"06/09/2008","8.02","8.27","8.30","7.87","25.22M","-3.26%"
"06/06/2008","8.29","8.49","8.58","8.28","16.11M","-2.81%"
"06/05/2008","8.53","8.49","8.63","8.34","21.62M","1.43%"
"06/04/2008","8.41","8.18","8.47","8.16","17.99M","3.06%"
"06/03/2008","8.16","8.24","8.34","8.02","15.55M","-0.49%"
"06/02/2008","8.20","8.10","8.30","8.07","17.67M","1.61%"
"05/30/2008","8.07","8.15","8.24","7.99","16.49M","-0.25%"
"05/29/2008","8.09","8.25","8.27","8.04","14.44M","-2.18%"
"05/28/2008","8.27","8.21","8.35","8.19","12.53M","1.60%"
"05/27/2008","8.14","8.24","8.37","7.99","13.63M","-0.85%"
"05/23/2008","8.21","8.10","8.41","8.10","18.85M","0.61%"
"05/22/2008","8.16","8.35","8.35","7.99","22.90M","-2.39%"
"05/21/2008","8.36","8.39","8.55","8.26","28.77M","1.83%"
"05/20/2008","8.21","8.67","8.76","8.09","37.90M","-6.28%"
"05/19/2008","8.76","8.86","8.97","8.64","19.63M","-0.90%"
"05/16/2008","8.84","8.94","8.96","8.61","16.67M","0.00%"
"05/15/2008","8.84","8.62","8.90","8.47","20.06M","3.51%"
"05/14/2008","8.54","8.39","8.79","8.31","27.41M","2.52%"
"05/13/2008","8.33","8.27","8.37","8.23","25.05M","0.12%"
"05/12/2008","8.32","8.41","8.41","8.17","10.95M","-0.60%"
"05/09/2008","8.37","8.16","8.49","8.13","14.00M","1.82%"
"05/08/2008","8.22","8.27","8.32","8.04","17.56M","0.37%"
"05/07/2008","8.19","8.23","8.36","8.15","18.81M","-1.21%"
"05/06/2008","8.29","8.38","8.45","8.04","22.79M","0.24%"
"05/05/2008","8.27","8.17","8.42","8.12","16.77M","0.36%"
"05/02/2008","8.24","8.15","8.28","7.97","17.67M","1.73%"
"05/01/2008","8.10","7.70","8.16","7.68","17.06M","4.92%"
"04/30/2008","7.72","7.88","7.88","7.64","21.63M","-1.78%"
"04/29/2008","7.86","7.92","8.06","7.84","23.84M","-0.13%"
"04/28/2008","7.87","7.60","7.94","7.60","21.43M","2.47%"
"04/25/2008","7.68","7.76","7.80","7.20","25.17M","-0.39%"
"04/24/2008","7.71","7.58","7.75","7.32","22.53M","1.58%"
"04/23/2008","7.59","7.48","7.78","7.40","19.39M","2.15%"
"04/22/2008","7.43","7.41","7.55","7.33","24.89M","0.41%"
"04/21/2008","7.40","7.42","7.52","7.35","15.71M","0.00%"
"04/18/2008","7.40","7.28","7.43","7.24","27.33M","2.64%"
"04/17/2008","7.21","7.15","7.23","7.05","17.89M","0.28%"
"04/16/2008","7.19","6.83","7.25","6.76","29.54M","6.36%"
"04/15/2008","6.76","6.75","6.82","6.42","20.03M","0.45%"
"04/14/2008","6.73","6.91","6.99","6.68","15.66M","-2.46%"
"04/11/2008","6.90","6.85","7.06","6.80","22.03M","-1.29%"
"04/10/2008","6.99","6.88","7.05","6.79","20.45M","3.25%"
"04/09/2008","6.77","6.51","6.93","6.50","19.46M","3.52%"
"04/08/2008","6.54","6.48","6.62","6.36","22.17M","-2.24%"
"04/07/2008","6.69","6.82","6.87","6.61","20.81M","-1.04%"
"04/04/2008","6.76","6.79","6.87","6.68","22.68M","-0.44%"
"04/03/2008","6.79","6.70","6.94","6.40","70.41M","6.26%"
"04/02/2008","6.39","6.09","6.53","6.06","51.22M","6.50%"
"04/01/2008","6.00","6.11","6.27","5.77","67.24M","0.50%"
"03/31/2008","5.97","5.49","6.00","5.49","66.21M","9.34%"
"03/28/2008","5.46","5.61","5.68","5.42","25.70M","-1.09%"
"03/27/2008","5.52","5.62","5.80","5.50","26.31M","0.36%"
"03/26/2008","5.50","5.73","5.75","5.43","66.98M","-5.01%"
"03/25/2008","5.79","5.87","5.91","5.70","31.09M","-0.86%"
"03/24/2008","5.84","6.02","6.17","5.77","23.80M","-2.34%"
"03/20/2008","5.98","5.83","5.99","5.72","15.73M","3.10%"
"03/19/2008","5.80","5.91","6.05","5.80","19.94M","-3.17%"
"03/18/2008","5.99","6.14","6.14","5.76","25.80M","-0.50%"
"03/17/2008","6.02","5.98","6.09","5.83","17.67M","-1.95%"
"03/14/2008","6.14","6.57","6.60","5.94","27.48M","-5.39%"
"03/13/2008","6.49","6.42","6.59","6.31","25.13M","-0.15%"
"03/12/2008","6.50","6.86","6.86","6.48","20.07M","-5.25%"
"03/11/2008","6.86","6.52","6.86","6.36","17.30M","7.02%"
"03/10/2008","6.41","6.87","6.87","6.40","16.63M","-6.83%"
"03/07/2008","6.88","6.66","7.08","6.61","14.43M","2.08%"
"03/06/2008","6.74","7.00","7.07","6.74","12.99M","-4.13%"
"03/05/2008","7.03","7.08","7.22","6.95","18.80M","0.72%"
"03/04/2008","6.98","6.99","7.03","6.72","17.18M","-2.65%"
"03/03/2008","7.17","7.50","7.67","7.08","18.58M","-4.65%"
"02/29/2008","7.52","7.50","7.85","7.44","15.55M","-0.66%"
"02/28/2008","7.57","7.82","7.89","7.53","12.76M","-3.69%"
"02/27/2008","7.86","7.62","8.13","7.60","22.60M","1.81%"
"02/26/2008","7.72","7.68","7.82","7.51","15.00M","-0.64%"
"02/25/2008","7.77","7.50","7.82","7.50","12.59M","3.05%"
"02/22/2008","7.54","7.40","7.56","7.23","12.43M","2.17%"
"02/21/2008","7.38","7.92","7.92","7.33","23.94M","-5.51%"
"02/20/2008","7.81","7.45","7.91","7.42","15.62M","3.86%"
"02/19/2008","7.52","7.48","7.68","7.34","20.47M","5.47%"
"02/15/2008","7.13","7.21","7.28","7.06","10.91M","-0.56%"
"02/14/2008","7.17","7.20","7.35","7.14","19.01M","-2.98%"
"02/13/2008","7.39","7.12","7.41","7.10","19.32M","5.27%"
"02/12/2008","7.02","6.96","7.38","6.95","23.56M","2.78%"
"02/11/2008","6.83","6.78","6.91","6.49","14.91M","2.09%"
"02/08/2008","6.69","7.19","7.19","6.65","26.06M","-6.04%"
"02/07/2008","7.12","6.84","7.36","6.80","31.69M","1.86%"
"02/06/2008","6.99","7.79","7.80","6.96","28.65M","-10.84%"
"02/05/2008","7.84","7.73","8.02","7.43","35.90M","0.38%"
"02/04/2008","7.81","7.90","7.90","7.39","24.90M","0.00%"
"02/01/2008","7.81","7.12","7.89","7.10","32.80M","11.73%"
"01/31/2008","6.99","6.77","7.10","6.69","15.21M","0.43%"
"01/30/2008","6.96","6.98","7.22","6.82","26.36M","1.31%"
"01/29/2008","6.87","6.66","6.91","6.63","21.37M","4.09%"
"01/28/2008","6.60","6.54","6.62","6.17","28.08M","1.07%"
"01/25/2008","6.53","7.10","7.15","6.44","19.19M","-6.58%"
"01/24/2008","6.99","6.80","7.03","6.65","27.51M","4.33%"
"01/23/2008","6.70","6.15","6.82","6.03","28.03M","6.52%"
"01/22/2008","6.29","5.96","6.39","5.96","24.94M","-2.33%"
"01/18/2008","6.44","6.23","6.58","6.15","28.99M","6.27%"
"01/17/2008","6.06","6.30","6.35","6.05","30.85M","2.19%"
"01/16/2008","5.93","5.55","6.05","5.47","27.99M","3.13%"
"01/15/2008","5.75","6.13","6.13","5.61","28.84M","-8.00%"
"01/14/2008","6.25","6.28","6.35","6.20","27.57M","2.63%"
"01/11/2008","6.09","6.16","6.34","6.07","19.57M","-1.77%"
"01/10/2008","6.20","6.14","6.34","5.99","18.90M","0.00%"
"01/09/2008","6.20","6.15","6.29","5.98","23.79M","0.32%"
"01/08/2008","6.18","6.45","6.47","6.13","13.28M","-3.29%"
"01/07/2008","6.39","6.53","6.54","6.17","20.10M","-0.16%"
"01/04/2008","6.40","6.91","6.91","6.33","23.46M","-7.91%"
"01/03/2008","6.95","7.06","7.07","6.78","13.83M","-1.28%"
"01/02/2008","7.04","7.23","7.28","6.96","13.23M","-2.90%"
"12/31/2007","7.25","7.21","7.30","7.11","11.67M","-0.28%"
"12/28/2007","7.27","7.40","7.40","7.23","12.12M","-1.22%"
"12/27/2007","7.36","7.45","7.52","7.32","9.68M","-1.87%"
"12/26/2007","7.50","7.52","7.57","7.41","9.67M","-0.66%"
"12/24/2007","7.55","7.48","7.61","7.46","6.22M","0.27%"
"12/21/2007","7.53","7.67","7.85","7.37","25.10M","-4.92%"
"12/20/2007","7.92","7.92","7.95","7.70","11.19M","1.02%"
"12/19/2007","7.84","7.81","7.96","7.72","8.43M","0.51%"
"12/18/2007","7.80","7.98","7.99","7.72","12.40M","-1.14%"
"12/17/2007","7.89","8.35","8.35","7.82","17.77M","-5.73%"
"12/14/2007","8.37","8.36","8.53","8.34","9.47M","-1.18%"
"12/13/2007","8.47","8.62","8.71","8.35","13.18M","-2.08%"
"12/12/2007","8.65","8.80","8.88","8.57","12.66M","0.58%"
"12/11/2007","8.60","8.98","8.98","8.57","10.15M","-4.23%"
"12/10/2007","8.98","8.85","9.00","8.73","11.96M","-0.55%"
"12/07/2007","9.03","9.24","9.31","8.85","14.67M","-2.48%"
"12/06/2007","9.26","8.97","9.29","8.96","16.20M","3.46%"
"12/05/2007","8.95","8.84","9.25","8.80","23.98M","4.07%"
"12/04/2007","8.60","8.24","8.76","8.24","20.82M","3.61%"
"12/03/2007","8.30","8.41","8.43","8.25","11.84M","-0.24%"
"11/30/2007","8.32","8.40","8.48","8.27","21.70M","1.09%"
"11/29/2007","8.23","8.40","8.71","8.18","17.59M","-2.72%"
"11/28/2007","8.46","8.06","8.49","7.95","19.41M","6.55%"
"11/27/2007","7.94","8.05","8.09","7.82","17.22M","-1.00%"
"11/26/2007","8.02","8.39","8.40","8.02","15.01M","-4.18%"
"11/23/2007","8.37","8.15","8.42","8.10","6.03M","3.59%"
"11/21/2007","8.08","8.45","8.45","7.90","27.61M","-5.28%"
"11/20/2007","8.53","8.80","8.92","8.31","30.93M","-3.51%"
"11/19/2007","8.84","9.05","9.19","8.83","15.81M","-3.39%"
"11/16/2007","9.15","9.28","9.34","8.95","18.08M","-0.97%"
"11/15/2007","9.24","9.33","9.44","9.18","11.32M","-1.18%"
"11/14/2007","9.35","9.46","9.55","9.32","12.13M","-0.74%"
"11/13/2007","9.42","9.55","9.55","9.28","9.21M","1.07%"
"11/12/2007","9.32","9.60","9.62","9.29","11.58M","-3.32%"
"11/09/2007","9.64","9.25","9.85","9.11","17.53M","3.32%"
"11/08/2007","9.33","9.49","9.50","9.06","21.73M","-1.69%"
"11/07/2007","9.49","9.71","9.80","9.47","17.74M","-4.33%"
"11/06/2007","9.92","10.17","10.17","9.71","16.59M","-2.17%"
"11/05/2007","10.14","10.28","10.36","10.00","15.01M","-3.15%"
"11/02/2007","10.47","10.40","10.47","10.01","15.31M","1.45%"
"11/01/2007","10.32","10.47","10.62","10.27","18.36M","-1.81%"
"10/31/2007","10.51","10.38","10.59","10.31","15.39M","1.55%"
"10/30/2007","10.35","9.88","10.49","9.84","32.21M","3.60%"
"10/29/2007","9.99","9.80","10.00","9.79","14.05M","2.36%"
"10/26/2007","9.76","9.69","9.99","9.50","27.51M","3.50%"
"10/25/2007","9.43","9.74","9.78","9.37","16.75M","-3.58%"
"10/24/2007","9.78","9.91","9.95","9.55","25.43M","-2.10%"
"10/23/2007","9.99","10.04","10.11","9.88","15.20M","0.00%"
"10/22/2007","9.99","10.00","10.19","9.95","17.49M","-0.89%"
"10/19/2007","10.08","10.44","10.49","10.00","27.27M","-4.27%"
"10/18/2007","10.53","10.35","10.57","10.26","14.33M","1.54%"
"10/17/2007","10.37","10.70","10.75","10.32","20.86M","-0.58%"
"10/16/2007","10.43","10.43","10.62","10.38","15.04M","-0.29%"
"10/15/2007","10.46","10.54","10.57","10.38","12.36M","-0.29%"
"10/12/2007","10.49","10.58","10.66","10.43","15.03M","-0.66%"
"10/11/2007","10.56","10.72","10.85","10.50","21.55M","-1.40%"
"10/10/2007","10.71","10.68","10.77","10.62","13.68M","0.66%"
"10/09/2007","10.64","10.75","10.82","10.57","12.63M","-1.02%"
"10/08/2007","10.75","10.78","10.79","10.65","8.28M","-0.46%"
"10/05/2007","10.80","10.75","10.85","10.58","21.62M","1.79%"
"10/04/2007","10.61","10.84","10.90","10.53","28.41M","-1.21%"
"10/03/2007","10.74","11.12","11.12","10.56","61.56M","-8.91%"
"10/02/2007","11.79","11.54","11.92","11.35","30.96M","3.88%"
"10/01/2007","11.35","11.26","11.48","11.10","18.17M","2.25%"
"09/28/2007","11.10","11.31","11.35","11.06","16.63M","-2.29%"
"09/27/2007","11.36","11.01","11.49","11.00","27.83M","5.67%"
"09/26/2007","10.75","10.47","10.95","10.43","21.09M","3.27%"
"09/25/2007","10.41","10.50","10.52","10.33","21.79M","-1.23%"
"09/24/2007","10.54","10.71","10.78","10.48","15.24M","-1.77%"
"09/21/2007","10.73","10.89","10.91","10.62","15.09M","-0.46%"
"09/20/2007","10.78","10.89","10.99","10.68","17.64M","-1.46%"
"09/19/2007","10.94","11.20","11.25","10.86","20.09M","-2.06%"
"09/18/2007","11.17","10.97","11.18","10.82","16.15M","2.10%"
"09/17/2007","10.94","10.97","11.00","10.70","18.55M","-0.55%"
"09/14/2007","11.00","11.20","11.21","10.88","15.05M","-2.48%"
"09/13/2007","11.28","11.31","11.40","11.22","11.53M","0.27%"
"09/12/2007","11.25","11.52","11.58","11.25","16.78M","-3.27%"
"09/11/2007","11.63","11.70","11.75","11.58","9.81M","-0.09%"
"09/10/2007","11.64","11.59","11.77","11.39","18.68M","2.11%"
"09/07/2007","11.40","11.28","12.60","11.26","21.17M","-0.87%"
"09/06/2007","11.50","11.37","11.58","11.27","15.64M","1.23%"
"09/05/2007","11.36","11.47","11.51","11.22","14.43M","-2.07%"
"09/04/2007","11.60","11.50","11.72","11.37","11.00M","1.31%"
"08/31/2007","11.45","11.40","11.52","11.26","10.57M","2.14%"
"08/30/2007","11.21","11.07","11.54","11.04","16.25M","-0.27%"
"08/29/2007","11.24","11.06","11.24","11.00","9.12M","2.18%"
"08/28/2007","11.00","11.15","11.18","10.91","14.87M","-2.05%"
"08/27/2007","11.23","10.93","11.30","10.89","14.79M","1.91%"
"08/24/2007","11.02","11.01","11.07","10.76","20.86M","-0.90%"
"08/23/2007","11.12","11.40","11.45","11.09","15.48M","-2.88%"
"08/22/2007","11.45","11.49","11.49","11.31","16.17M","0.79%"
"08/21/2007","11.36","11.11","11.52","11.02","24.82M","3.46%"
"08/20/2007","10.98","10.99","11.25","10.86","24.88M","-0.09%"
"08/17/2007","10.99","11.05","11.20","10.62","27.64M","3.68%"
"08/16/2007","10.60","10.94","11.05","10.30","35.81M","-4.16%"
"08/15/2007","11.06","11.49","11.75","11.04","20.55M","-3.99%"
"08/14/2007","11.52","11.95","11.98","11.52","15.26M","-3.76%"
"08/13/2007","11.97","12.33","12.35","11.85","17.80M","-1.97%"
"08/10/2007","12.21","12.21","12.56","11.75","35.97M","-2.32%"
"08/09/2007","12.50","11.75","12.65","11.75","31.55M","3.56%"
"08/08/2007","12.07","11.68","12.09","11.51","24.67M","4.14%"
"08/07/2007","11.59","11.68","11.69","11.31","17.79M","-0.34%"
"08/06/2007","11.63","11.83","11.83","11.40","19.42M","-0.09%"
"08/03/2007","11.64","12.07","12.19","11.55","26.38M","-1.52%"
"08/02/2007","11.82","12.09","12.10","11.71","25.96M","-2.31%"
"08/01/2007","12.10","11.79","12.10","11.28","30.31M","1.94%"
"07/31/2007","11.87","12.19","12.33","11.84","36.97M","-1.25%"
"07/30/2007","12.02","12.10","12.22","11.98","21.43M","1.26%"
"07/27/2007","11.87","12.14","12.24","11.74","28.17M","-2.22%"
"07/26/2007","12.14","12.89","13.00","12.04","46.82M","-7.19%"
"07/25/2007","13.08","13.13","13.22","12.94","20.42M","0.23%"
"07/24/2007","13.05","13.41","13.45","13.01","25.33M","-2.90%"
"07/23/2007","13.44","13.43","13.81","13.35","24.78M","0.22%"
"07/20/2007","13.41","13.67","13.79","13.31","19.05M","-1.40%"
"07/19/2007","13.60","13.80","13.84","13.47","14.18M","-0.44%"
"07/18/2007","13.66","13.80","13.84","13.35","25.12M","-1.37%"
"07/17/2007","13.85","13.94","14.20","13.80","21.65M","-0.93%"
"07/16/2007","13.98","13.77","14.10","13.74","22.80M","1.75%"
"07/13/2007","13.74","13.90","13.90","13.64","18.83M","0.00%"
"07/12/2007","13.74","14.01","14.02","13.33","44.09M","-0.72%"
"07/11/2007","13.84","13.70","13.88","13.55","44.46M","2.22%"
"07/10/2007","13.54","13.64","13.72","13.46","39.78M","0.89%"
"07/09/2007","13.42","13.36","13.47","13.30","30.15M","-0.22%"
"07/06/2007","13.45","12.91","13.47","12.88","41.30M","5.08%"
"07/05/2007","12.80","12.80","12.87","12.71","15.04M","0.87%"
"07/03/2007","12.69","12.49","12.78","12.48","9.73M","1.68%"
"07/02/2007","12.48","12.70","12.70","12.34","17.36M","-0.40%"
"06/29/2007","12.53","12.49","12.75","12.45","31.82M","0.97%"
"06/28/2007","12.41","12.82","12.90","12.37","32.67M","-1.97%"
"06/27/2007","12.66","12.45","12.70","12.39","26.00M","1.69%"
"06/26/2007","12.45","12.71","12.71","12.32","23.22M","-1.58%"
"06/25/2007","12.65","12.82","12.92","12.52","21.19M","-1.40%"
"06/22/2007","12.83","13.12","13.23","12.81","22.68M","-3.10%"
"06/21/2007","13.24","12.92","13.26","12.80","31.59M","4.09%"
"06/20/2007","12.72","12.72","13.08","12.70","31.86M","2.25%"
"06/19/2007","12.44","12.48","12.64","12.37","15.40M","-0.88%"
"06/18/2007","12.55","12.65","12.65","12.44","13.98M","-0.24%"
"06/15/2007","12.58","12.37","12.63","12.27","25.50M","2.86%"
"06/14/2007","12.23","12.14","12.42","12.10","24.90M","2.43%"
"06/13/2007","11.94","12.06","12.12","11.80","24.12M","-0.17%"
"06/12/2007","11.96","11.94","12.14","11.73","26.72M","-0.25%"
"06/11/2007","11.99","12.30","12.36","11.95","17.02M","-2.91%"
"06/08/2007","12.35","12.02","12.38","11.91","20.68M","3.35%"
"06/07/2007","11.95","12.15","12.30","11.89","21.26M","-2.37%"
"06/06/2007","12.24","12.33","12.39","12.13","27.56M","-1.69%"
"06/05/2007","12.45","12.57","12.59","12.15","25.72M","-0.95%"
"06/04/2007","12.57","12.47","12.75","12.39","20.84M","-0.24%"
"06/01/2007","12.60","12.30","12.85","12.30","59.34M","3.45%"
"05/31/2007","12.18","11.92","12.24","11.78","32.86M","2.35%"
"05/30/2007","11.90","11.83","11.97","11.68","20.72M","-0.50%"
"05/29/2007","11.96","12.18","12.19","11.75","25.12M","-0.08%"
"05/25/2007","11.97","11.98","12.03","11.86","21.38M","1.35%"
"05/24/2007","11.81","11.72","12.05","11.57","50.46M","2.43%"
"05/23/2007","11.53","11.48","11.62","11.47","27.94M","1.32%"
"05/22/2007","11.38","11.49","11.52","11.21","20.26M","-0.61%"
"05/21/2007","11.45","11.50","11.63","11.38","31.14M","-0.17%"
"05/18/2007","11.47","11.50","11.53","11.37","59.01M","-0.26%"
"05/17/2007","11.50","11.86","11.94","11.50","46.66M","-5.27%"
"05/16/2007","12.14","12.05","12.22","11.98","13.14M","0.58%"
"05/15/2007","12.07","12.25","12.29","11.84","22.67M","-1.79%"
"05/14/2007","12.29","12.38","12.66","12.23","11.46M","-0.24%"
"05/11/2007","12.32","12.12","12.40","11.97","20.28M","1.57%"
"05/10/2007","12.13","12.30","12.36","12.12","16.39M","-1.86%"
"05/09/2007","12.36","11.87","12.46","11.81","22.92M","4.22%"
"05/08/2007","11.86","11.87","12.00","11.76","10.67M","-0.84%"
"05/07/2007","11.96","11.94","12.09","11.74","15.47M","0.42%"
"05/04/2007","11.91","11.44","12.06","11.42","24.54M","4.57%"
"05/03/2007","11.39","11.41","11.47","11.31","9.62M","-0.52%"
"05/02/2007","11.45","11.32","11.51","11.26","9.99M","0.88%"
"05/01/2007","11.35","11.40","11.42","11.13","18.32M","-1.05%"
"04/30/2007","11.47","11.75","11.76","11.41","14.90M","-1.88%"
"04/27/2007","11.69","11.90","11.92","11.66","15.94M","-2.34%"
"04/26/2007","11.97","11.93","12.16","11.77","28.34M","1.70%"
"04/25/2007","11.77","11.66","11.81","11.46","21.03M","1.55%"
"04/24/2007","11.59","11.25","11.71","11.18","30.83M","3.39%"
"04/23/2007","11.21","11.22","11.29","11.19","17.22M","0.18%"
"04/20/2007","11.19","11.19","11.28","11.02","17.06M","0.54%"
"04/19/2007","11.13","10.98","11.19","10.96","14.36M","0.27%"
"04/18/2007","11.10","10.95","11.21","10.92","16.60M","1.37%"
"04/17/2007","10.95","11.07","11.09","10.88","28.84M","-1.08%"
"04/16/2007","11.07","11.37","11.37","11.02","28.47M","-1.69%"
"04/13/2007","11.26","11.47","11.47","11.23","18.25M","-1.66%"
"04/12/2007","11.45","11.25","11.46","11.15","27.16M","1.33%"
"04/11/2007","11.30","11.30","11.48","11.08","35.33M","0.71%"
"04/10/2007","11.22","11.16","11.24","11.00","28.11M","0.36%"
"04/09/2007","11.18","11.50","11.50","11.13","34.59M","-2.87%"
"04/05/2007","11.51","12.15","12.15","11.45","65.28M","-4.64%"
"04/04/2007","12.07","12.24","12.24","11.89","39.91M","-1.31%"
"04/03/2007","12.23","12.17","12.25","12.15","20.23M","0.82%"
"04/02/2007","12.13","12.13","12.24","12.11","21.00M","0.41%"
"03/30/2007","12.08","11.89","12.17","11.88","16.56M","2.03%"
"03/29/2007","11.84","12.10","12.20","11.73","22.56M","-1.42%"
"03/28/2007","12.01","11.89","12.11","11.83","22.89M","0.00%"
"03/27/2007","12.01","11.60","12.05","11.59","24.90M","3.45%"
"03/26/2007","11.61","11.60","11.77","11.54","15.85M","0.17%"
"03/23/2007","11.59","11.62","11.64","11.56","13.83M","-0.26%"
"03/22/2007","11.62","11.65","11.65","11.47","15.44M","0.17%"
"03/21/2007","11.60","11.40","11.73","11.27","21.24M","2.93%"
"03/20/2007","11.27","11.26","11.35","11.22","9.29M","0.00%"
"03/19/2007","11.27","11.46","11.55","11.22","16.63M","-1.49%"
"03/16/2007","11.44","11.56","11.70","11.40","9.13M","-1.04%"
"03/15/2007","11.56","11.58","11.72","11.48","7.90M","-0.26%"
"03/14/2007","11.59","11.50","11.71","11.32","26.87M","2.93%"
"03/13/2007","11.26","11.31","11.51","11.23","13.57M","-1.23%"
"03/12/2007","11.40","11.36","11.44","11.27","10.73M","-0.18%"
"03/09/2007","11.42","11.48","11.53","11.34","13.47M","0.79%"
"03/08/2007","11.33","11.57","11.59","11.27","15.15M","-0.96%"
"03/07/2007","11.44","11.62","11.67","11.41","13.00M","-2.31%"
"03/06/2007","11.71","11.89","11.89","11.57","16.69M","0.34%"
"03/05/2007","11.67","11.70","11.96","11.59","13.18M","-1.35%"
"03/02/2007","11.83","11.79","12.16","11.74","18.25M","-0.25%"
"03/01/2007","11.86","11.75","12.12","11.52","20.93M","0.00%"
"02/28/2007","11.86","11.96","11.96","11.76","15.80M","-0.34%"
"02/27/2007","11.90","12.14","12.23","11.84","18.21M","-3.57%"
"02/26/2007","12.34","12.51","12.51","12.23","10.19M","-0.32%"
"02/23/2007","12.38","12.09","12.48","12.03","17.85M","1.81%"
"02/22/2007","12.16","12.07","12.18","12.02","11.61M","1.59%"
"02/21/2007","11.97","12.05","12.08","11.90","20.65M","-1.07%"
"02/20/2007","12.10","12.23","12.31","12.08","16.82M","-1.79%"
"02/16/2007","12.32","12.49","12.51","12.29","10.49M","-1.52%"
"02/15/2007","12.51","12.52","12.63","12.45","11.55M","-0.40%"
"02/14/2007","12.56","12.21","12.71","12.21","25.97M","2.87%"
"02/13/2007","12.21","12.25","12.33","12.12","10.98M","-0.49%"
"02/12/2007","12.27","12.31","12.48","12.23","10.90M","-2.31%"
"02/09/2007","12.56","12.95","13.10","12.40","23.58M","-2.64%"
"02/08/2007","12.90","12.84","12.97","12.80","7.81M","-0.54%"
"02/07/2007","12.97","13.10","13.21","12.93","15.75M","-0.38%"
"02/06/2007","13.02","13.06","13.10","12.96","12.61M","-0.76%"
"02/05/2007","13.12","13.04","13.25","12.98","14.17M","-0.30%"
"02/02/2007","13.16","12.88","13.25","12.83","18.95M","2.41%"
"02/01/2007","12.85","12.91","13.00","12.79","11.88M","-0.77%"
"01/31/2007","12.95","12.95","12.97","12.79","9.41M","-0.31%"
"01/30/2007","12.99","13.06","13.12","12.93","8.85M","-0.31%"
"01/29/2007","13.03","13.26","13.28","13.02","10.82M","-1.29%"
"01/26/2007","13.20","13.14","13.32","12.99","15.09M","0.84%"
"01/25/2007","13.09","13.28","13.36","13.06","9.30M","-1.06%"
"01/24/2007","13.23","13.14","13.33","13.05","13.34M","2.32%"
"01/23/2007","12.93","13.11","13.21","12.85","13.82M","-1.07%"
"01/22/2007","13.07","13.30","13.35","13.03","10.47M","-1.51%"
"01/19/2007","13.27","13.29","13.35","13.07","10.78M","0.15%"
"01/18/2007","13.25","13.62","13.62","13.19","16.20M","-3.14%"
"01/17/2007","13.68","13.91","13.94","13.60","9.11M","-1.72%"
"01/16/2007","13.92","14.17","14.21","13.82","11.52M","-2.18%"
"01/12/2007","14.23","13.95","14.30","13.85","14.85M","2.52%"
"01/11/2007","13.88","14.10","14.29","13.86","16.42M","-1.35%"
"01/10/2007","14.07","13.58","14.15","13.58","15.02M","2.93%"
"01/09/2007","13.67","13.73","13.75","13.60","8.93M","-0.51%"
"01/08/2007","13.74","13.67","13.85","13.59","9.84M","1.18%"
"01/05/2007","13.58","13.68","13.68","13.52","11.60M","-1.52%"
"01/04/2007","13.79","13.85","14.03","13.65","18.52M","-1.71%"
"01/03/2007","14.03","14.14","14.31","13.91","11.20M","0.50%"
"12/29/2006","13.96","13.96","14.12","13.93","5.58M","-0.43%"
"12/28/2006","14.02","14.15","14.15","13.95","7.84M","-0.50%"
"12/27/2006","14.09","13.97","14.14","13.93","8.57M","0.86%"
"12/26/2006","13.97","14.08","14.12","13.89","8.10M","0.22%"
"12/22/2006","13.94","14.19","14.30","13.87","22.15M","3.34%"
"12/21/2006","13.49","13.50","13.80","13.44","15.32M","0.15%"
"12/20/2006","13.47","13.55","13.65","13.45","13.59M","0.90%"
"12/19/2006","13.35","13.42","13.42","13.12","20.86M","-1.33%"
"12/18/2006","13.53","13.70","13.71","13.44","13.20M","-1.24%"
"12/15/2006","13.70","13.91","14.01","13.59","14.85M","-0.72%"
"12/14/2006","13.80","13.88","14.10","13.78","11.48M","0.73%"
"12/13/2006","13.70","13.82","13.87","13.62","12.93M","-1.51%"
"12/12/2006","13.91","14.20","14.22","13.87","13.59M","-2.18%"
"12/11/2006","14.22","14.64","14.64","14.18","17.00M","-2.87%"
"12/08/2006","14.64","14.71","14.75","14.42","8.55M","0.27%"
"12/07/2006","14.60","14.86","14.99","14.53","9.16M","-1.62%"
"12/06/2006","14.84","14.88","14.95","14.76","7.64M","-0.60%"
"12/05/2006","14.93","14.55","15.05","14.53","17.13M","2.54%"
"12/04/2006","14.56","14.56","14.68","14.33","10.07M","0.62%"
"12/01/2006","14.47","14.67","14.72","14.32","9.32M","-0.89%"
"11/30/2006","14.60","14.43","14.84","14.40","9.99M","1.18%"
"11/29/2006","14.43","14.72","15.04","14.42","17.65M","-0.48%"
"11/28/2006","14.50","14.58","14.62","14.34","11.36M","-0.41%"
"11/27/2006","14.56","14.90","15.16","14.48","16.18M","-1.56%"
"11/24/2006","14.79","14.80","14.95","14.78","4.29M","-1.47%"
"11/22/2006","15.01","14.74","15.10","14.73","12.10M","2.81%"
"11/21/2006","14.60","14.48","14.85","14.42","15.42M","0.83%"
"11/20/2006","14.48","14.50","14.55","14.26","13.62M","-0.62%"
"11/17/2006","14.57","14.67","14.70","14.39","10.98M","-1.15%"
"11/16/2006","14.74","14.88","15.00","14.60","10.66M","-0.61%"
"11/15/2006","14.83","15.07","15.26","14.75","17.60M","-0.80%"
"11/14/2006","14.95","14.50","14.99","14.36","22.18M","5.21%"
"11/13/2006","14.21","13.95","14.38","13.92","18.24M","1.43%"
"11/10/2006","14.01","13.66","14.03","13.61","13.99M","3.24%"
"11/09/2006","13.57","14.05","14.15","13.51","17.28M","-3.07%"
"11/08/2006","14.00","14.30","14.30","13.95","13.58M","-2.10%"
"11/07/2006","14.30","14.46","14.51","14.26","9.46M","-0.14%"
"11/06/2006","14.32","14.00","14.44","13.91","9.51M","2.43%"
"11/03/2006","13.98","13.98","14.04","13.76","7.49M","0.65%"
"11/02/2006","13.89","14.24","14.25","13.87","11.18M","-2.05%"
"11/01/2006","14.18","14.41","14.55","14.15","10.40M","-1.87%"
"10/31/2006","14.45","14.41","14.58","14.34","7.11M","0.35%"
"10/30/2006","14.40","14.24","14.49","14.20","8.16M","1.62%"
"10/27/2006","14.17","14.70","14.72","14.14","13.71M","-3.87%"
"10/26/2006","14.74","14.51","14.82","14.41","8.69M","1.52%"
"10/25/2006","14.52","14.39","14.57","14.30","7.15M","1.61%"
"10/24/2006","14.29","14.41","14.47","14.22","11.31M","-0.83%"
"10/23/2006","14.41","14.29","14.60","14.26","10.65M","0.98%"
"10/20/2006","14.27","14.49","14.50","14.20","9.65M","-1.38%"
"10/19/2006","14.47","14.49","14.59","14.35","10.75M","-0.07%"
"10/18/2006","14.48","14.73","14.75","14.24","15.77M","-0.55%"
"10/17/2006","14.56","15.11","15.24","14.47","20.98M","-4.71%"
"10/16/2006","15.28","15.13","15.36","14.94","14.82M","1.46%"
"10/13/2006","15.06","15.19","15.24","15.03","14.58M","-0.46%"
"10/12/2006","15.13","15.38","15.38","14.94","15.81M","-0.26%"
"10/11/2006","15.17","15.20","15.40","15.07","13.57M","0.13%"
"10/10/2006","15.15","15.51","15.51","15.13","15.51M","-1.11%"
"10/09/2006","15.32","15.18","15.43","15.09","18.42M","1.19%"
"10/06/2006","15.14","16.01","16.13","15.03","61.13M","-13.68%"
"10/05/2006","17.54","17.99","18.03","17.28","27.77M","-2.99%"
"10/04/2006","18.08","17.52","18.17","17.46","16.47M","3.43%"
"10/03/2006","17.48","17.46","17.57","17.08","8.59M","-0.11%"
"10/02/2006","17.50","17.51","17.86","17.36","9.12M","0.57%"
"09/29/2006","17.40","17.63","17.66","17.34","7.86M","-0.23%"
"09/28/2006","17.44","17.60","17.65","17.09","12.91M","-0.91%"
"09/27/2006","17.60","17.74","17.95","17.50","7.01M","-0.73%"
"09/26/2006","17.73","17.70","17.81","17.47","12.96M","-0.84%"
"09/25/2006","17.88","17.51","17.93","16.95","10.86M","2.41%"
"09/22/2006","17.46","17.63","17.65","17.21","9.50M","-1.58%"
"09/21/2006","17.74","17.64","18.02","17.52","11.92M","1.03%"
"09/20/2006","17.56","17.90","18.00","17.56","11.90M","-1.01%"
"09/19/2006","17.74","17.71","17.84","17.46","11.54M","-2.15%"
"09/18/2006","18.13","18.14","18.50","18.03","12.21M","0.33%"
"09/15/2006","18.07","18.08","18.21","17.92","12.23M","1.69%"
"09/14/2006","17.77","18.03","18.03","17.66","12.61M","-1.28%"
"09/13/2006","18.00","18.39","18.43","17.83","20.48M","-2.54%"
"09/12/2006","18.47","18.60","18.65","18.33","19.77M","-0.54%"
"09/11/2006","18.57","18.08","18.59","17.71","16.72M","3.86%"
"09/08/2006","17.88","17.45","17.97","17.25","12.92M","5.55%"
"09/07/2006","16.94","16.89","17.17","16.70","6.31M","0.24%"
"09/06/2006","16.90","17.35","17.36","16.88","5.89M","-2.71%"
"09/05/2006","17.37","17.31","17.60","17.12","7.51M","0.29%"
"09/01/2006","17.32","17.38","17.49","17.00","8.13M","0.23%"
"08/31/2006","17.28","17.47","17.49","17.16","9.59M","-1.37%"
"08/30/2006","17.52","17.24","17.59","17.12","9.28M","1.62%"
"08/29/2006","17.24","16.55","17.28","16.55","12.41M","4.17%"
"08/28/2006","16.55","16.34","16.62","16.30","5.36M","1.78%"
"08/25/2006","16.26","16.03","16.35","15.96","6.07M","1.50%"
"08/24/2006","16.02","16.18","16.18","15.78","6.05M","0.13%"
"08/23/2006","16.00","16.07","16.40","15.75","7.47M","-1.11%"
"08/22/2006","16.18","16.32","16.39","16.07","6.31M","-0.86%"
"08/21/2006","16.32","16.45","16.45","16.13","3.14M","-1.39%"
"08/18/2006","16.55","16.57","16.61","16.24","4.97M","-0.36%"
"08/17/2006","16.61","16.40","16.68","16.35","10.22M","-0.54%"
"08/16/2006","16.70","16.45","16.76","16.19","6.44M","1.71%"
"08/15/2006","16.42","16.03","16.50","15.93","9.02M","3.99%"
"08/14/2006","15.79","15.86","16.05","15.73","3.92M","0.32%"
"08/11/2006","15.74","15.87","16.05","15.62","4.90M","-1.63%"
"08/10/2006","16.00","15.59","16.07","15.52","5.97M","2.76%"
"08/09/2006","15.57","15.84","15.95","15.56","5.99M","0.78%"
"08/08/2006","15.45","15.49","15.87","15.36","5.38M","-0.39%"
"08/07/2006","15.51","15.60","15.80","15.37","4.57M","-1.46%"
"08/04/2006","15.74","16.00","16.12","15.41","6.53M","-0.38%"
"08/03/2006","15.80","15.67","16.00","15.50","5.75M","0.83%"
"08/02/2006","15.67","15.45","15.73","15.36","4.40M","1.89%"
"08/01/2006","15.38","15.51","15.53","15.15","5.45M","-1.35%"
"07/31/2006","15.59","15.61","15.89","15.57","4.26M","-1.45%"