"Date","Price","Open","High","Low","Vol.","Change %"
"05/29/2026","314.79","315.20","319.49","311.66","1.01M","0.19%"
"05/28/2026","314.18","316.40","320.67","307.30","5.38M","-1.75%"
"05/27/2026","319.78","326.01","326.16","310.10","5.29M","-1.28%"
"05/26/2026","323.91","341.06","343.31","323.26","6.52M","-1.08%"
"05/22/2026","327.46","333.96","334.89","324.00","4.80M","1.26%"
"05/21/2026","323.40","322.30","330.33","319.00","5.22M","2.45%"
"05/20/2026","315.67","325.00","329.43","314.25","6.01M","-2.16%"
"05/19/2026","322.63","329.68","334.63","314.34","9.04M","-5.03%"
"05/18/2026","339.73","370.30","370.30","330.72","8.09M","-8.41%"
"05/15/2026","370.94","364.31","373.91","356.27","4.87M","-1.41%"
"05/14/2026","376.23","370.24","379.93","365.15","3.61M","1.69%"
"05/13/2026","369.99","375.70","377.77","360.91","4.46M","0.78%"
"05/12/2026","367.13","361.32","370.27","349.02","6.56M","-0.21%"
"05/11/2026","367.92","342.01","371.99","342.01","7.28M","8.22%"
"05/08/2026","339.97","349.79","350.99","339.71","4.08M","-0.01%"
"05/07/2026","340.01","358.58","359.00","336.18","5.46M","-5.27%"
"05/06/2026","358.92","351.56","359.84","343.65","5.58M","5.25%"
"05/05/2026","341.02","334.07","341.12","330.60","5.46M","3.04%"
"05/04/2026","330.97","329.58","332.95","321.45","4.93M","0.81%"
"05/01/2026","328.31","330.65","331.97","324.23","4.41M","-0.05%"
"04/30/2026","328.49","313.75","330.00","312.34","6.27M","7.29%"
"04/29/2026","306.18","307.05","309.97","299.80","4.54M","0.38%"
"04/28/2026","305.03","307.20","314.51","293.88","8.22M","-5.40%"
"04/27/2026","322.43","325.99","328.05","307.07","5.44M","-0.32%"
"04/24/2026","323.46","328.00","330.30","316.40","5.28M","0.53%"
"04/23/2026","321.75","304.20","325.25","304.20","7.07M","5.44%"
"04/22/2026","305.14","305.32","312.98","296.80","9.84M","-2.34%"
"04/21/2026","312.44","316.10","323.04","310.84","7.29M","-0.63%"
"04/20/2026","314.41","307.01","315.66","305.11","4.67M","2.30%"
"04/17/2026","307.34","298.70","308.54","298.22","5.81M","4.49%"
"04/16/2026","294.13","303.00","303.31","292.67","4.83M","-2.33%"
"04/15/2026","301.16","309.50","311.00","296.64","5.35M","-3.01%"
"04/14/2026","310.51","307.00","312.46","299.01","4.99M","3.52%"
"04/13/2026","299.96","294.98","300.68","294.98","4.73M","1.64%"
"04/10/2026","295.11","289.75","297.56","289.30","4.64M","2.60%"
"04/09/2026","287.64","280.99","291.00","280.97","5.17M","2.35%"
"04/08/2026","281.03","279.87","285.60","273.38","5.70M","7.14%"
"04/07/2026","262.30","256.97","262.48","252.01","2.94M","1.38%"
"04/06/2026","258.73","262.93","266.52","258.59","3.31M","-0.98%"
"04/02/2026","261.29","249.12","267.00","247.92","3.97M","0.74%"
"04/01/2026","259.37","257.00","265.55","257.00","5.11M","3.51%"
"03/31/2026","250.58","233.00","251.00","233.00","6.69M","6.98%"
"03/30/2026","234.22","253.71","255.45","231.70","6.93M","-6.71%"
"03/27/2026","251.07","249.96","256.84","248.50","5.44M","-0.53%"
"03/26/2026","252.40","273.81","274.16","252.40","6.62M","-8.60%"
"03/25/2026","276.16","276.80","282.05","274.00","5.93M","1.95%"
"03/24/2026","270.89","256.00","270.91","251.15","6.84M","5.82%"
"03/23/2026","256.00","258.99","271.88","255.12","8.89M","0.05%"
"03/20/2026","255.88","268.62","272.84","255.51","87.83M","-4.94%"
"03/19/2026","269.17","258.44","271.10","256.04","7.08M","1.68%"
"03/18/2026","264.71","271.63","274.73","264.54","6.67M","-1.38%"
"03/17/2026","268.41","260.66","270.87","259.51","5.12M","1.39%"
"03/16/2026","264.74","261.68","270.91","261.68","7.39M","2.26%"
"03/13/2026","258.88","265.20","269.22","256.07","6.98M","-2.45%"
"03/12/2026","265.38","263.65","271.44","257.26","7.47M","-1.07%"
"03/11/2026","268.26","272.11","276.78","266.57","7.10M","-0.67%"
"03/10/2026","270.06","265.55","274.85","264.50","11.31M","2.16%"
"03/09/2026","264.35","251.49","266.67","251.00","20.43M","9.33%"
"03/06/2026","241.78","241.00","251.47","238.65","8.77M","-3.19%"
"03/05/2026","249.75","247.49","258.32","238.74","5.29M","-0.61%"
"03/04/2026","251.28","249.40","255.30","245.34","4.30M","2.80%"
"03/03/2026","244.44","245.53","248.22","234.72","6.87M","-5.16%"
"03/02/2026","257.75","249.44","258.90","244.22","5.38M","1.12%"
"02/27/2026","254.89","251.50","257.80","245.67","6.97M","-1.67%"
"02/26/2026","259.23","260.15","260.15","241.69","8.57M","-1.13%"
"02/25/2026","262.19","255.46","264.86","255.00","6.58M","3.57%"
"02/24/2026","253.15","246.50","253.48","241.27","5.46M","3.15%"
"02/23/2026","245.42","242.60","245.77","240.00","4.03M","0.69%"
"02/20/2026","243.75","240.99","246.80","238.19","3.88M","0.28%"
"02/19/2026","243.06","241.03","247.71","239.52","3.93M","-0.06%"
"02/18/2026","243.21","247.00","254.05","240.38","5.35M","-0.13%"
"02/17/2026","243.53","234.58","245.40","232.12","6.45M","3.84%"
"02/13/2026","234.53","238.22","239.51","227.05","6.79M","-0.84%"
"02/12/2026","236.51","243.95","255.54","234.51","12.44M","-4.83%"
"02/11/2026","248.51","233.25","249.95","233.00","19.79M","24.49%"
"02/10/2026","199.62","203.00","206.35","197.38","6.71M","-1.18%"
"02/09/2026","202.00","196.78","208.43","195.84","7.64M","3.28%"
"02/06/2026","195.58","180.92","195.81","180.92","7.20M","10.03%"
"02/05/2026","177.75","176.29","183.33","172.35","6.14M","-2.63%"
"02/04/2026","182.56","190.70","194.88","172.60","8.29M","-3.99%"
"02/03/2026","190.15","190.01","195.00","183.01","4.43M","0.07%"
"02/02/2026","190.01","182.65","191.90","182.00","4.11M","2.06%"
"01/30/2026","186.18","194.91","200.40","185.60","4.50M","-4.57%"
"01/29/2026","195.10","196.98","199.19","186.18","5.66M","0.69%"
"01/28/2026","193.76","189.80","194.00","188.07","4.94M","2.40%"
"01/27/2026","189.21","182.40","189.30","178.26","4.39M","4.40%"
"01/26/2026","181.23","181.02","185.32","180.08","3.02M","-0.69%"
"01/23/2026","182.49","182.22","183.72","175.73","3.50M","0.76%"
"01/22/2026","181.12","186.92","189.90","179.20","5.51M","-0.19%"
"01/21/2026","181.47","176.69","182.50","173.00","5.59M","3.59%"
"01/20/2026","175.18","170.85","177.97","170.01","4.69M","-0.99%"
"01/16/2026","176.93","174.63","180.37","173.50","4.50M","2.54%"
"01/15/2026","172.54","176.00","179.67","172.35","4.10M","0.98%"
"01/14/2026","170.86","172.20","175.56","167.60","3.78M","-1.08%"
"01/13/2026","172.72","170.10","175.21","169.74","3.65M","1.58%"
"01/12/2026","170.03","164.18","171.33","164.16","4.18M","3.94%"
"01/09/2026","163.58","162.40","164.77","161.19","5.67M","1.74%"
"01/08/2026","160.78","170.75","171.26","158.77","7.68M","-6.27%"
"01/07/2026","171.54","169.00","174.21","168.53","5.21M","-1.95%"
"01/06/2026","174.95","169.36","175.21","162.21","7.81M","0.57%"
"01/05/2026","173.95","182.63","183.25","170.44","5.86M","-0.95%"
"01/02/2026","175.61","169.46","177.25","169.13","7.35M","8.39%"
"12/31/2025","162.01","164.69","165.76","161.91","2.58M","-1.42%"
"12/30/2025","164.34","165.99","166.40","163.88","3.76M","-0.77%"
"12/29/2025","165.62","165.80","168.99","163.79","3.08M","-1.17%"
"12/26/2025","167.58","167.26","168.44","165.85","2.53M","0.43%"
"12/24/2025","166.87","166.00","167.50","164.62","1.34M","0.37%"
"12/23/2025","166.26","165.53","167.96","161.83","3.22M","0.01%"
"12/22/2025","166.25","166.13","167.00","162.95","5.69M","4.02%"
"12/19/2025","159.82","156.00","162.37","155.27","9.72M","3.52%"
"12/18/2025","154.39","156.43","158.76","151.50","7.77M","3.04%"
"12/17/2025","149.83","161.01","161.01","147.82","11.96M","-6.74%"
"12/16/2025","160.66","158.35","162.47","154.65","7.81M","-0.67%"
"12/15/2025","161.74","163.41","166.55","160.00","8.86M","0.29%"
"12/12/2025","161.27","173.30","174.15","159.82","12.51M","-9.73%"
"12/11/2025","178.66","177.50","179.00","167.18","11.32M","-1.74%"
"12/10/2025","181.82","179.38","185.40","175.55","5.30M","1.93%"
"12/09/2025","178.38","181.18","182.50","176.54","6.41M","-3.90%"
"12/08/2025","185.61","186.17","188.50","182.00","5.56M","-1.80%"
"12/05/2025","189.02","182.17","189.66","180.10","7.45M","3.55%"
"12/04/2025","182.54","179.34","185.34","177.16","4.96M","2.05%"
"12/03/2025","178.88","179.02","180.93","172.70","5.37M","-1.12%"
"12/02/2025","180.91","182.82","186.37","179.62","5.30M","0.94%"
"12/01/2025","179.22","175.90","182.65","173.20","6.50M","-0.28%"
"11/28/2025","179.73","173.52","179.80","172.66","4.06M","4.48%"
"11/26/2025","172.02","172.21","174.87","170.55","5.26M","1.44%"
"11/25/2025","169.57","167.55","169.66","158.89","8.57M","0.39%"
"11/24/2025","168.91","162.43","171.80","162.43","8.21M","5.68%"
"11/21/2025","159.83","160.00","161.29","149.11","10.58M","0.14%"
"11/20/2025","159.61","176.92","180.88","158.08","10.08M","-6.47%"
"11/19/2025","170.65","166.06","174.66","165.91","6.07M","3.51%"
"11/18/2025","164.86","163.31","169.13","158.00","7.59M","-1.07%"
"11/17/2025","166.65","168.39","174.85","164.56","5.25M","-2.53%"
"11/14/2025","170.97","162.00","175.88","159.66","10.02M","4.48%"
"11/13/2025","163.64","169.98","170.65","160.67","11.39M","-5.61%"
"11/12/2025","173.37","182.11","182.57","173.01","6.13M","-3.17%"
"11/11/2025","179.05","184.00","187.48","178.04","5.63M","-4.68%"
"11/10/2025","187.84","188.02","191.41","184.76","5.59M","4.47%"
"11/07/2025","179.80","177.00","179.80","169.61","9.14M","-1.76%"
"11/06/2025","183.02","191.01","191.01","180.51","5.91M","-4.03%"
"11/05/2025","190.71","182.07","193.40","181.00","6.53M","5.47%"
"11/04/2025","180.82","183.30","186.90","177.50","8.98M","-5.53%"
"11/03/2025","191.40","196.15","197.60","189.57","6.07M","-0.76%"
"10/31/2025","192.86","196.95","199.87","188.58","7.73M","-0.46%"
"10/30/2025","193.76","193.86","202.45","192.39","5.69M","-2.77%"
"10/29/2025","199.27","193.70","199.50","193.13","6.30M","4.57%"
"10/28/2025","190.57","192.77","195.71","186.02","6.04M","-1.21%"
"10/27/2025","192.90","189.99","194.00","188.91","6.67M","3.68%"
"10/24/2025","186.06","186.85","188.89","184.90","7.19M","1.56%"
"10/23/2025","183.20","174.53","184.04","174.00","9.68M","6.77%"
"10/22/2025","171.59","182.60","184.50","162.68","22.48M","-1.84%"
"10/21/2025","174.80","175.08","177.19","170.56","8.13M","-0.53%"
"10/20/2025","175.73","178.00","179.79","173.95","6.69M","0.99%"
"10/17/2025","174.00","175.00","178.00","170.30","5.88M","-2.15%"
"10/16/2025","177.82","182.51","183.00","175.21","5.00M","-1.49%"
"10/15/2025","180.51","180.00","182.99","175.60","5.64M","3.06%"
"10/14/2025","175.15","171.69","181.84","168.20","7.43M","-2.15%"
"10/13/2025","179.00","175.01","184.44","172.00","11.06M","5.91%"
"10/10/2025","169.01","178.43","183.10","168.65","16.07M","0.08%"
"10/09/2025","168.88","168.38","170.89","164.75","4.97M","0.90%"
"10/08/2025","167.38","160.52","167.55","159.27","4.89M","5.36%"
"10/07/2025","158.87","164.75","165.00","154.77","6.90M","-2.41%"
"10/06/2025","162.80","168.85","169.83","162.34","7.20M","1.62%"
"10/03/2025","160.20","161.64","163.88","157.83","5.73M","-0.89%"
"10/02/2025","161.64","164.30","168.99","157.31","8.94M","0.03%"
"10/01/2025","161.59","149.12","162.23","147.35","12.84M","7.11%"
"09/30/2025","150.86","144.00","150.93","144.00","6.82M","5.27%"
"09/29/2025","143.31","142.00","145.61","141.40","5.88M","3.38%"
"09/26/2025","138.62","139.00","140.98","137.08","3.61M","-0.82%"
"09/25/2025","139.77","137.01","141.18","133.85","6.20M","-1.31%"
"09/24/2025","141.62","143.48","146.10","140.85","5.98M","-0.69%"
"09/23/2025","142.61","151.32","152.10","139.15","16.54M","-6.15%"
"09/22/2025","151.96","143.05","152.45","142.25","8.73M","5.82%"
"09/19/2025","143.60","142.63","144.49","139.38","6.68M","1.16%"
"09/18/2025","141.96","139.00","142.62","136.97","5.29M","3.75%"
"09/17/2025","136.83","135.64","137.57","132.68","5.12M","0.13%"
"09/16/2025","136.65","140.25","141.21","135.13","5.45M","-1.16%"
"09/15/2025","138.26","135.92","142.06","134.40","7.64M","2.54%"
"09/12/2025","134.84","135.50","137.09","133.56","4.07M","-0.64%"
"09/11/2025","135.71","138.42","138.42","133.95","6.78M","-0.75%"
"09/10/2025","136.74","134.24","141.22","134.24","12.97M","8.89%"
"09/09/2025","125.58","124.08","125.98","120.83","7.61M","3.09%"
"09/08/2025","121.82","125.71","125.72","120.97","10.22M","-1.76%"
"09/05/2025","124.00","127.81","128.58","118.70","7.72M","-1.35%"
"09/04/2025","125.70","125.90","127.09","124.47","4.61M","0.09%"
"09/03/2025","125.59","124.80","125.74","123.07","4.08M","1.27%"
"09/02/2025","124.01","123.70","124.49","119.67","8.13M","-2.78%"
"08/29/2025","127.55","133.13","133.34","126.23","6.37M","-4.98%"
"08/28/2025","134.23","133.01","134.93","131.17","6.82M","3.80%"
"08/27/2025","129.31","127.43","131.17","126.56","6.41M","1.08%"
"08/26/2025","127.93","125.51","129.27","124.91","5.95M","2.33%"
"08/25/2025","125.02","126.46","126.85","123.93","4.61M","-0.75%"
"08/22/2025","125.97","127.00","131.24","125.72","5.62M","-0.48%"
"08/21/2025","126.58","127.77","128.63","125.79","3.74M","-0.75%"
"08/20/2025","127.54","126.43","127.64","121.41","8.28M","-1.17%"
"08/19/2025","129.05","133.01","133.97","127.34","7.31M","-4.89%"
"08/18/2025","135.69","132.37","135.78","132.25","3.25M","1.97%"
"08/15/2025","133.07","132.52","133.35","129.22","6.21M","0.42%"
"08/14/2025","132.52","134.21","135.93","131.53","8.13M","-3.55%"
"08/13/2025","137.40","145.00","145.12","133.95","9.98M","-4.40%"
"08/12/2025","143.72","141.30","145.60","139.80","6.23M","2.78%"
"08/11/2025","139.83","139.17","141.44","138.50","4.11M","-0.07%"
"08/08/2025","139.93","141.18","141.58","138.40","3.73M","0.39%"
"08/07/2025","139.39","141.00","141.04","137.42","5.30M","-0.26%"
"08/06/2025","139.75","137.59","140.21","136.25","4.08M","0.71%"
"08/05/2025","138.76","140.83","141.40","135.35","5.09M","-1.03%"
"08/04/2025","140.20","144.26","144.26","139.55","6.74M","-0.98%"
"08/01/2025","141.59","137.28","143.14","136.00","11.01M","-2.75%"
"07/31/2025","145.60","148.75","152.59","145.43","10.88M","0.99%"
"07/30/2025","144.17","147.07","153.50","140.36","18.50M","1.03%"
"07/29/2025","142.70","143.08","146.32","140.38","15.17M","0.11%"
"07/28/2025","142.55","139.13","143.10","138.02","10.61M","3.70%"
"07/25/2025","137.47","132.13","137.66","132.13","8.56M","5.04%"
"07/24/2025","130.87","131.98","132.95","129.39","4.50M","0.52%"
"07/23/2025","130.19","127.91","131.44","127.37","6.07M","3.91%"
"07/22/2025","125.29","125.86","125.92","119.10","6.34M","-0.73%"
"07/21/2025","126.21","129.20","129.75","125.40","4.82M","-2.21%"
"07/18/2025","129.06","131.51","133.20","128.44","5.78M","-1.57%"
"07/17/2025","131.12","128.25","133.52","127.43","7.99M","4.56%"
"07/16/2025","125.40","127.35","128.45","122.51","6.04M","-1.55%"
"07/15/2025","127.37","127.94","129.44","125.50","7.08M","2.12%"
"07/14/2025","124.72","122.00","125.56","122.00","6.56M","1.15%"
"07/11/2025","123.30","120.11","124.64","118.70","7.22M","2.14%"
"07/10/2025","120.72","128.00","128.82","110.06","24.69M","-5.96%"
"07/09/2025","128.37","127.03","129.48","125.91","4.94M","1.97%"
"07/08/2025","125.89","129.88","131.38","124.90","6.64M","-0.29%"
"07/07/2025","126.26","127.84","129.00","124.79","4.43M","-1.24%"
"07/03/2025","127.84","124.60","129.43","124.55","4.00M","2.82%"
"07/02/2025","124.33","124.12","126.47","123.10","5.76M","1.46%"
"07/01/2025","122.54","127.00","127.87","120.28","8.97M","-4.57%"
"06/30/2025","128.41","128.08","129.31","125.88","5.35M","0.98%"
"06/27/2025","127.16","127.00","128.58","124.80","9.34M","2.71%"
"06/26/2025","123.80","122.01","125.45","121.47","5.40M","1.78%"
"06/25/2025","121.64","123.00","124.62","121.25","5.32M","-0.56%"
"06/24/2025","122.32","118.05","122.92","117.49","7.54M","4.96%"
"06/23/2025","116.54","117.50","118.55","112.71","9.12M","-1.69%"
"06/20/2025","118.54","119.65","120.40","117.20","6.69M","-0.45%"
"06/18/2025","119.08","116.57","120.74","115.67","6.33M","2.12%"
"06/17/2025","116.61","117.02","120.33","115.50","6.10M","0.14%"
"06/16/2025","116.45","114.30","117.18","113.39","7.55M","4.94%"
"06/13/2025","110.97","111.08","113.71","110.32","5.90M","-3.08%"
"06/12/2025","114.50","109.40","114.59","108.81","6.78M","3.54%"
"06/11/2025","110.59","108.40","111.89","107.38","5.56M","1.95%"
"06/10/2025","108.47","113.00","113.01","107.38","7.57M","-3.15%"
"06/09/2025","112.00","115.17","115.50","111.50","5.82M","-2.91%"
"06/06/2025","115.36","115.00","116.62","114.25","5.38M","2.80%"
"06/05/2025","112.22","113.97","114.18","110.96","4.83M","-0.56%"
"06/04/2025","112.85","113.32","115.65","112.70","5.01M","0.45%"
"06/03/2025","112.34","111.20","115.35","110.62","8.44M","2.85%"
"06/02/2025","109.23","108.00","109.38","105.68","4.00M","1.20%"
"05/30/2025","107.93","107.31","107.97","104.71","6.94M","-0.50%"
"05/29/2025","108.47","113.81","114.34","107.05","5.91M","-0.69%"
"05/28/2025","109.22","108.80","109.52","107.05","5.92M","-0.52%"
"05/27/2025","109.79","107.52","110.18","106.30","6.46M","5.43%"
"05/23/2025","104.14","101.36","105.15","101.00","3.97M","-0.06%"
"05/22/2025","104.20","102.70","105.29","101.11","3.80M","0.57%"
"05/21/2025","103.61","104.29","107.00","102.57","5.35M","-2.61%"
"05/20/2025","106.39","105.37","106.84","105.02","4.03M","-0.01%"
"05/19/2025","106.40","103.00","106.75","102.56","4.59M","0.34%"
"05/16/2025","106.04","106.15","106.34","103.96","5.17M","0.63%"
"05/15/2025","105.38","105.80","108.18","105.19","6.67M","-3.74%"
"05/14/2025","109.48","108.55","109.95","106.82","9.60M","3.69%"
"05/13/2025","105.58","101.07","107.69","100.90","8.99M","4.48%"
"05/12/2025","101.05","101.10","101.75","99.44","8.95M","7.43%"
"05/09/2025","94.06","96.06","96.94","92.13","6.37M","-1.75%"
"05/08/2025","95.74","96.95","97.28","94.87","7.28M","0.23%"
"05/07/2025","95.52","92.90","95.65","91.84","10.04M","2.18%"
"05/06/2025","93.48","91.94","93.95","91.81","6.74M","-1.42%"
"05/05/2025","94.83","93.11","95.79","92.95","6.24M","-0.18%"
"05/02/2025","95.00","94.11","96.99","93.00","9.15M","2.65%"
"05/01/2025","92.55","91.64","94.93","91.17","16.44M","8.40%"
"04/30/2025","85.38","81.78","85.41","80.51","8.98M","-0.94%"
"04/29/2025","86.19","87.00","87.50","84.67","6.32M","0.05%"
"04/28/2025","86.15","86.95","88.00","84.33","8.87M","-0.92%"
"04/25/2025","86.95","84.97","89.27","84.55","14.31M","3.66%"
"04/24/2025","83.88","80.25","84.84","80.00","13.73M","7.54%"
"04/23/2025","78.00","85.47","86.93","77.24","24.25M","8.60%"
"04/22/2025","71.82","69.21","72.60","69.00","10.43M","6.29%"
"04/21/2025","67.57","70.85","71.50","65.93","8.51M","-7.70%"
"04/17/2025","73.21","72.50","73.74","70.85","9.30M","2.18%"
"04/16/2025","71.65","69.18","72.21","68.33","14.54M","-1.46%"
"04/15/2025","72.71","71.37","73.47","71.37","6.19M","1.59%"
"04/14/2025","71.57","73.22","73.42","70.13","7.88M","2.82%"
"04/11/2025","69.61","67.30","69.71","65.68","8.19M","2.78%"
"04/10/2025","67.73","69.19","70.78","65.92","11.79M","-6.99%"
"04/09/2025","72.82","61.85","76.49","61.28","18.90M","15.77%"
"04/08/2025","62.90","70.20","70.35","60.67","17.17M","-1.44%"
"04/07/2025","63.82","53.61","67.85","53.60","20.28M","7.42%"
"04/04/2025","59.41","60.04","61.79","55.32","27.35M","-11.95%"
"04/03/2025","67.47","69.60","71.52","66.62","14.05M","-12.50%"
"04/02/2025","77.11","72.50","77.68","72.43","8.25M","2.44%"
"04/01/2025","75.27","71.91","75.67","70.37","10.13M","4.25%"
"03/31/2025","72.20","70.00","72.49","68.25","13.78M","-2.76%"
"03/28/2025","74.25","75.65","76.50","72.49","13.15M","-2.71%"
"03/27/2025","76.32","78.57","79.46","75.93","17.17M","-6.49%"
"03/26/2025","81.62","85.70","86.58","80.10","19.01M","-10.88%"
"03/25/2025","91.58","92.95","94.02","89.51","6.85M","-2.25%"
"03/24/2025","93.69","92.00","94.20","90.56","6.23M","5.71%"
"03/21/2025","88.63","87.06","89.11","85.75","5.24M","-0.51%"
"03/20/2025","89.08","86.88","90.81","86.52","5.47M","-0.10%"
"03/19/2025","89.17","85.79","91.19","84.66","7.17M","5.33%"
"03/18/2025","84.66","87.86","88.16","84.06","6.15M","-4.96%"
"03/17/2025","89.08","86.82","90.72","86.58","7.25M","1.86%"
"03/14/2025","87.45","86.82","87.86","83.60","7.35M","5.25%"
"03/13/2025","83.09","84.25","85.13","79.91","8.08M","-2.68%"
"03/12/2025","85.38","88.90","89.52","82.85","9.87M","2.72%"
"03/11/2025","83.12","78.95","85.35","78.12","10.29M","6.54%"
"03/10/2025","78.02","81.25","82.47","76.10","14.74M","-8.25%"
"03/07/2025","85.04","82.04","85.50","79.79","9.68M","3.66%"
"03/06/2025","82.04","82.65","85.48","80.60","10.28M","-6.66%"
"03/05/2025","87.89","86.21","89.26","83.79","8.10M","1.74%"
"03/04/2025","86.39","82.11","88.96","79.00","17.25M","1.15%"
"03/03/2025","85.41","93.66","94.90","84.10","15.78M","-10.26%"
"02/28/2025","95.17","91.51","96.08","91.00","9.53M","2.99%"
"02/27/2025","92.41","103.70","104.21","91.94","12.55M","-6.29%"
"02/26/2025","98.61","100.66","101.80","97.03","15.88M","7.30%"
"02/25/2025","91.90","89.00","94.25","84.69","20.42M","0.97%"
"02/24/2025","91.02","97.00","97.00","88.74","17.15M","-5.18%"
"02/21/2025","95.99","105.00","105.00","94.57","15.64M","-8.43%"
"02/20/2025","104.83","109.00","110.61","102.67","9.04M","-2.79%"
"02/19/2025","107.84","109.86","110.38","106.67","5.95M","-1.93%"
"02/18/2025","109.96","111.01","113.37","108.98","6.72M","1.77%"
"02/14/2025","108.05","109.30","109.30","105.86","7.16M","-1.13%"
"02/13/2025","109.28","113.00","114.50","105.82","14.41M","-1.76%"
"02/12/2025","111.24","111.08","116.00","110.75","21.30M","-9.74%"
"02/11/2025","123.25","123.58","124.86","120.21","9.01M","-2.00%"
"02/10/2025","125.76","120.78","126.53","120.78","7.77M","3.61%"
"02/07/2025","121.38","121.00","124.03","119.47","6.04M","1.52%"
"02/06/2025","119.56","119.66","121.34","117.55","5.61M","0.44%"
"02/05/2025","119.04","114.27","119.40","113.54","8.10M","7.00%"
"02/04/2025","111.25","113.00","113.74","109.55","7.64M","-1.20%"
"02/03/2025","112.60","105.75","114.35","105.00","10.95M","-3.78%"
"01/31/2025","117.02","118.05","121.19","113.70","11.21M","2.11%"
"01/30/2025","114.60","115.95","119.74","111.44","13.36M","3.75%"
"01/29/2025","110.46","108.94","112.67","106.04","17.32M","3.67%"
"01/28/2025","106.55","104.18","107.00","97.50","24.20M","3.85%"
"01/27/2025","102.60","117.05","121.48","99.11","47.12M","-29.88%"
"01/24/2025","146.32","154.26","155.84","145.41","8.53M","-4.67%"
"01/23/2025","153.49","147.46","155.26","146.55","7.58M","3.30%"
"01/22/2025","148.59","150.08","154.79","147.68","9.96M","3.81%"
"01/21/2025","143.13","141.14","143.48","135.55","7.43M","5.34%"
"01/17/2025","135.88","134.49","137.30","132.60","4.92M","2.48%"
"01/16/2025","132.59","133.86","136.22","131.62","4.43M","0.45%"
"01/15/2025","132.00","132.46","133.49","128.87","4.27M","2.37%"
"01/14/2025","128.95","126.13","130.88","125.71","6.23M","3.98%"
"01/13/2025","124.01","123.25","124.69","118.70","6.86M","-3.82%"
"01/10/2025","128.93","128.08","129.23","122.14","5.21M","-0.26%"
"01/08/2025","129.27","130.20","130.61","125.20","4.12M","-1.05%"
"01/07/2025","130.64","135.00","135.33","126.01","7.26M","-2.57%"
"01/06/2025","134.08","131.30","135.09","131.10","9.69M","6.69%"
"01/03/2025","125.67","119.25","126.11","119.09","7.70M","6.23%"
"01/02/2025","118.30","115.02","120.21","114.88","4.81M","4.13%"
"12/31/2024","113.61","116.39","116.50","113.39","3.43M","-2.20%"
"12/30/2024","116.16","112.33","118.20","112.23","3.66M","0.91%"
"12/27/2024","115.11","117.07","118.00","113.48","3.81M","-3.17%"
"12/26/2024","118.88","118.00","120.10","117.77","2.19M","0.12%"
"12/24/2024","118.74","118.53","119.57","117.96","1.73M","0.85%"
"12/23/2024","117.74","120.50","120.87","115.60","4.16M","-1.92%"
"12/20/2024","120.04","114.20","121.00","112.58","8.72M","3.98%"
"12/19/2024","115.44","117.21","117.69","112.91","6.62M","1.16%"
"12/18/2024","114.12","121.88","122.50","112.79","6.55M","-5.44%"
"12/17/2024","120.69","123.50","124.38","119.20","5.87M","-4.19%"
"12/16/2024","125.97","126.22","127.21","123.59","4.85M","0.15%"
"12/13/2024","125.78","127.00","129.00","121.80","11.62M","0.59%"
"12/12/2024","125.04","123.97","126.17","123.30","3.27M","-0.64%"
"12/11/2024","125.84","124.10","127.00","122.33","4.27M","3.40%"
"12/10/2024","121.70","126.50","127.83","120.63","6.68M","-3.54%"
"12/09/2024","126.17","133.55","133.55","121.84","8.96M","-5.74%"
"12/06/2024","133.85","135.00","135.52","130.70","4.55M","-0.54%"
"12/05/2024","134.58","133.00","137.06","130.55","11.21M","2.83%"
"12/04/2024","130.88","130.21","132.90","129.22","5.22M","2.12%"
"12/03/2024","128.16","127.84","131.68","126.33","7.61M","0.87%"
"12/02/2024","127.05","129.00","131.99","124.05","5.33M","-0.43%"
"11/29/2024","127.60","129.94","130.98","127.30","3.02M","0.52%"
"11/27/2024","126.94","130.04","130.67","124.52","7.38M","-3.64%"
"11/26/2024","131.74","133.56","135.46","130.24","7.68M","-0.22%"
"11/25/2024","132.03","141.03","141.70","130.65","10.65M","-5.79%"
"11/22/2024","140.15","142.26","142.90","139.14","4.94M","-0.95%"
"11/21/2024","141.49","138.98","145.67","137.28","10.14M","2.87%"
"11/20/2024","137.54","140.60","141.76","134.41","10.61M","-2.41%"
"11/19/2024","140.94","123.63","141.12","123.63","14.85M","14.57%"
"11/18/2024","123.02","124.64","127.34","119.72","7.59M","1.78%"
"11/15/2024","120.87","119.02","123.25","118.64","6.15M","-0.13%"
"11/14/2024","121.03","124.80","124.87","119.61","5.02M","-2.81%"
"11/13/2024","124.53","125.99","128.71","124.29","4.59M","0.58%"
"11/12/2024","123.81","125.11","126.67","121.25","6.11M","-2.36%"
"11/11/2024","126.80","130.15","130.30","123.85","6.56M","0.83%"
"11/08/2024","125.75","121.61","125.81","120.60","4.62M","2.93%"
"11/07/2024","122.17","122.89","124.86","120.94","7.70M","1.44%"
"11/06/2024","120.43","116.99","120.44","115.08","7.60M","7.11%"
"11/05/2024","112.44","107.49","112.57","107.05","4.13M","5.87%"
"11/04/2024","106.21","106.36","107.41","104.58","4.64M","-0.65%"
"11/01/2024","106.90","109.91","110.00","106.65","5.01M","-2.19%"
"10/31/2024","109.29","109.67","110.47","107.18","5.81M","-2.81%"
"10/30/2024","112.45","113.31","114.13","110.61","3.53M","-1.21%"
"10/29/2024","113.83","113.00","114.15","112.40","4.02M","0.19%"
"10/28/2024","113.61","113.09","115.19","112.67","4.77M","1.28%"
"10/25/2024","112.17","110.89","114.87","110.57","6.26M","1.94%"
"10/24/2024","110.03","109.51","111.94","108.09","8.15M","1.54%"
"10/23/2024","108.36","107.00","116.41","104.52","18.86M","-3.65%"
"10/22/2024","112.47","110.50","114.11","110.25","9.65M","0.32%"
"10/21/2024","112.11","111.48","113.18","110.46","5.97M","-0.12%"
"10/18/2024","112.25","114.10","114.28","112.12","4.17M","-1.78%"
"10/17/2024","114.28","113.87","116.19","113.04","7.67M","2.32%"
"10/16/2024","111.69","109.52","112.78","109.24","6.21M","3.93%"
"10/15/2024","107.47","111.80","111.96","106.29","9.80M","-4.39%"
"10/14/2024","112.41","112.34","113.43","111.53","5.47M","0.51%"
"10/11/2024","111.84","107.54","112.07","107.31","6.54M","4.07%"
"10/10/2024","107.47","106.50","109.09","104.62","4.65M","-0.60%"
"10/09/2024","108.12","107.31","109.38","107.06","5.51M","1.22%"
"10/08/2024","106.82","105.84","108.08","105.13","4.94M","0.08%"
"10/07/2024","106.73","105.20","107.67","104.40","6.40M","1.45%"
"10/04/2024","105.20","104.22","105.39","102.94","5.75M","2.44%"
"10/03/2024","102.69","102.62","105.25","101.65","6.04M","0.40%"
"10/02/2024","102.28","97.21","102.49","96.30","6.19M","4.77%"
"10/01/2024","97.62","99.62","99.85","96.16","4.43M","-1.88%"
"09/30/2024","99.49","97.40","99.70","95.95","4.85M","1.10%"
"09/27/2024","98.41","100.13","100.34","96.02","7.03M","-2.20%"
"09/26/2024","100.62","102.44","103.69","97.42","9.15M","-0.12%"
"09/25/2024","100.74","98.20","101.50","98.08","8.45M","3.44%"
"09/24/2024","97.39","96.13","97.57","95.26","5.07M","1.37%"
"09/23/2024","96.07","95.33","96.70","95.02","6.96M","1.62%"
"09/20/2024","94.54","92.80","95.12","92.30","13.26M","2.69%"
"09/19/2024","92.06","91.92","93.66","90.03","9.61M","5.02%"
"09/18/2024","87.66","88.30","90.50","87.08","8.54M","0.42%"
"09/17/2024","87.29","88.00","88.72","86.10","4.29M","0.34%"
"09/16/2024","86.99","84.44","87.62","83.75","6.04M","1.43%"
"09/13/2024","85.76","88.52","89.22","85.41","7.26M","-1.15%"
"09/12/2024","86.76","81.65","87.61","81.51","11.81M","5.30%"
"09/11/2024","82.39","75.95","82.62","75.50","10.12M","9.17%"
"09/10/2024","75.47","75.28","76.69","73.67","4.24M","1.33%"
"09/09/2024","74.48","73.00","74.94","72.45","5.45M","3.78%"
"09/06/2024","71.77","75.40","76.05","71.12","8.20M","-4.50%"
"09/05/2024","75.15","74.52","75.69","73.37","3.81M","0.12%"
"09/04/2024","75.06","74.08","76.87","73.27","5.23M","-0.19%"
"09/03/2024","75.20","82.25","82.80","74.81","9.05M","-9.43%"
"08/30/2024","83.03","81.20","83.59","80.47","7.10M","3.89%"
"08/29/2024","79.92","81.21","83.75","78.94","7.01M","-0.75%"
"08/28/2024","80.52","80.60","81.93","78.39","6.98M","0.39%"
"08/27/2024","80.21","77.00","81.00","76.35","5.43M","2.75%"
"08/26/2024","78.06","78.34","79.12","76.90","4.83M","-0.62%"
"08/23/2024","78.55","77.33","78.84","76.32","4.99M","2.31%"
"08/22/2024","76.78","78.16","78.87","75.84","4.30M","-1.55%"
"08/21/2024","77.99","76.32","78.60","75.41","5.74M","1.93%"
"08/20/2024","76.51","78.77","79.39","76.01","5.98M","-3.00%"
"08/19/2024","78.88","79.00","79.07","75.84","6.79M","-0.68%"
"08/16/2024","79.42","82.00","82.00","79.01","6.85M","-4.27%"
"08/15/2024","82.96","81.50","83.05","80.30","7.60M","3.49%"
"08/14/2024","80.16","77.54","80.80","76.90","11.37M","5.14%"
"08/13/2024","76.24","73.53","76.76","73.07","8.04M","4.52%"
"08/12/2024","72.94","71.60","73.52","70.77","6.76M","2.07%"
"08/09/2024","71.46","70.95","72.09","69.86","6.67M","0.56%"
"08/08/2024","71.06","69.59","71.71","66.75","9.93M","5.71%"
"08/07/2024","67.22","71.00","72.00","66.20","11.17M","-2.96%"
"08/06/2024","69.27","69.10","71.24","66.38","11.98M","2.27%"
"08/05/2024","67.73","62.40","68.92","62.40","15.90M","-2.49%"
"08/02/2024","69.46","68.14","70.75","65.83","16.62M","-6.14%"
"08/01/2024","74.00","79.75","80.90","73.64","10.46M","-5.97%"
"07/31/2024","78.70","80.60","81.05","77.99","16.39M","7.76%"
"07/30/2024","73.03","78.39","79.80","71.89","12.16M","-6.37%"
"07/29/2024","78.00","77.50","80.00","76.31","8.08M","1.14%"
"07/26/2024","77.12","79.75","80.50","76.82","7.83M","0.84%"
"07/25/2024","76.48","79.24","79.72","72.00","17.50M","-2.68%"
"07/24/2024","78.59","88.38","88.86","78.29","22.91M","-13.64%"
"07/23/2024","91.00","87.72","92.35","87.50","10.06M","3.59%"
"07/22/2024","87.85","87.74","89.31","86.12","7.70M","2.98%"
"07/19/2024","85.31","82.94","86.47","82.35","7.39M","3.33%"
"07/18/2024","82.56","83.63","86.78","79.78","13.85M","0.95%"
"07/17/2024","81.78","86.59","88.20","81.78","13.01M","-8.85%"
"07/16/2024","89.72","89.79","91.07","87.55","6.18M","2.08%"
"07/15/2024","87.89","89.90","90.93","87.40","7.59M","-1.99%"
"07/12/2024","89.67","92.00","93.43","88.68","10.28M","-3.44%"
"07/11/2024","92.86","94.99","95.36","90.76","6.26M","-1.32%"
"07/10/2024","94.10","93.45","94.38","90.85","4.25M","1.44%"
"07/09/2024","92.76","92.96","95.48","92.66","6.11M","0.47%"
"07/08/2024","92.33","92.75","94.45","91.80","4.31M","0.60%"
"07/05/2024","91.78","93.00","94.60","91.11","5.90M","-1.76%"
"07/03/2024","93.42","88.06","93.42","87.93","7.86M","6.16%"
"07/02/2024","88.00","86.11","89.07","85.67","7.71M","1.55%"
"07/01/2024","86.66","87.41","87.62","82.81","8.69M","0.10%"
"06/28/2024","86.57","87.00","89.33","84.78","23.35M","-0.36%"
"06/27/2024","86.88","87.00","88.12","86.27","6.73M","-0.15%"
"06/26/2024","87.01","90.20","90.99","85.68","8.99M","-5.14%"
"06/25/2024","91.72","89.53","91.81","88.51","6.72M","2.89%"
"06/24/2024","89.14","89.50","90.15","87.04","8.39M","-1.63%"
"06/21/2024","90.62","89.40","90.89","86.01","12.11M","0.14%"
"06/20/2024","90.49","95.13","97.50","89.66","10.78M","-5.09%"
"06/18/2024","95.34","89.09","96.36","87.75","11.45M","6.47%"
"06/17/2024","89.55","91.89","92.10","86.88","9.30M","-2.11%"
"06/14/2024","91.48","94.76","95.45","90.32","8.05M","-4.02%"
"06/13/2024","95.31","91.43","95.92","90.52","9.51M","5.70%"
"06/12/2024","90.17","92.11","95.24","89.38","9.86M","0.97%"
"06/11/2024","89.30","90.75","91.10","88.60","6.58M","-2.19%"
"06/10/2024","91.30","87.51","92.50","87.50","7.95M","4.13%"
"06/07/2024","87.68","87.87","90.80","85.14","13.59M","-0.36%"
"06/06/2024","88.00","96.10","97.29","87.16","20.22M","-9.35%"
"06/05/2024","97.08","93.57","98.36","93.34","9.55M","5.42%"
"06/04/2024","92.09","93.95","94.41","89.13","13.99M","-4.18%"
"06/03/2024","96.11","98.20","98.39","92.65","9.70M","-2.00%"
"05/31/2024","98.07","100.40","100.70","92.40","17.94M","-4.12%"
"05/30/2024","102.28","102.85","104.47","101.64","4.81M","-0.90%"
"05/29/2024","103.21","104.60","105.43","103.11","7.08M","-1.85%"
"05/28/2024","105.16","108.11","109.00","103.30","9.81M","-0.95%"
"05/24/2024","106.17","101.60","109.27","101.22","10.02M","4.87%"
"05/23/2024","101.24","105.00","105.64","101.09","10.83M","1.11%"
"05/22/2024","100.13","100.00","101.95","99.10","5.92M","1.01%"
"05/21/2024","99.13","97.04","100.18","96.50","4.54M","-0.19%"
"05/20/2024","99.32","97.62","101.30","97.62","6.06M","2.59%"
"05/17/2024","96.81","98.68","98.94","95.05","8.08M","-0.49%"
"05/16/2024","97.29","102.47","103.75","97.21","8.23M","-6.99%"
"05/15/2024","104.60","101.02","104.76","101.01","8.48M","5.95%"
"05/14/2024","98.73","94.37","98.95","93.10","4.87M","4.15%"
"05/13/2024","94.80","95.42","96.63","93.74","4.47M","-0.63%"
"05/10/2024","95.40","99.60","100.30","95.02","8.69M","-2.59%"
"05/09/2024","97.94","97.60","99.44","95.55","6.89M","0.27%"
"05/08/2024","97.68","94.72","98.08","94.10","6.01M","2.92%"
"05/07/2024","94.91","95.90","97.49","94.85","5.75M","-2.42%"
"05/06/2024","97.26","94.39","97.28","94.39","5.70M","4.57%"
"05/03/2024","93.01","94.18","94.88","92.56","4.75M","0.91%"
"05/02/2024","92.17","90.47","92.44","87.36","6.05M","4.12%"
"05/01/2024","88.52","92.13","93.00","86.79","10.96M","-4.82%"
"04/30/2024","93.00","93.75","95.70","91.33","11.02M","-1.90%"
"04/29/2024","94.80","93.18","94.86","91.19","14.54M","1.40%"
"04/26/2024","93.49","92.87","95.32","92.56","15.25M","3.48%"
"04/25/2024","90.35","83.00","92.49","81.90","20.85M","6.83%"
"04/24/2024","84.57","89.79","94.39","81.84","28.79M","6.82%"
"04/23/2024","79.17","76.87","79.79","76.42","7.39M","4.08%"
"04/22/2024","76.07","75.80","77.25","72.58","10.95M","1.41%"
"04/19/2024","75.01","79.91","80.15","74.57","15.94M","-7.41%"
"04/18/2024","81.01","82.59","84.79","80.03","6.62M","-1.06%"
"04/17/2024","81.88","83.16","85.13","80.10","6.17M","-0.58%"
"04/16/2024","82.36","80.45","83.36","79.59","6.78M","2.09%"
"04/15/2024","80.67","85.50","86.45","80.34","7.64M","-3.84%"
"04/12/2024","83.89","84.63","86.74","83.51","5.90M","-2.84%"
"04/11/2024","86.34","85.74","88.25","84.94","8.90M","1.85%"
"04/10/2024","84.77","80.13","85.39","79.31","8.81M","3.63%"
"04/09/2024","81.80","84.25","84.37","78.93","10.24M","-2.79%"
"04/08/2024","84.15","85.42","86.00","82.25","6.52M","-1.39%"
"04/05/2024","85.34","82.60","85.41","81.80","7.98M","5.76%"
"04/04/2024","80.69","87.62","88.69","80.58","11.50M","-5.46%"
"04/03/2024","85.35","80.00","85.83","79.80","8.02M","5.67%"
"04/02/2024","80.77","78.72","81.28","77.16","6.93M","0.46%"
"04/01/2024","80.40","82.08","82.84","79.57","6.38M","-1.56%"
"03/28/2024","81.67","81.10","82.96","80.60","5.08M","0.81%"
"03/27/2024","81.01","82.67","83.28","78.52","7.80M","-2.01%"
"03/26/2024","82.67","82.50","86.63","82.16","8.38M","0.88%"
"03/25/2024","81.95","82.40","83.23","80.92","7.09M","-0.67%"
"03/22/2024","82.50","83.20","84.02","81.54","6.34M","0.47%"
"03/21/2024","82.11","82.02","84.75","81.13","11.02M","5.49%"
"03/20/2024","77.84","77.70","78.62","75.43","6.21M","1.01%"
"03/19/2024","77.06","75.00","77.28","72.91","12.53M","-0.10%"
"03/18/2024","77.14","77.11","79.66","75.57","12.56M","4.02%"
"03/15/2024","74.16","73.81","75.46","72.67","8.13M","0.32%"
"03/14/2024","73.92","73.90","76.28","73.24","9.82M","0.75%"
"03/13/2024","73.37","71.78","74.64","71.54","8.82M","1.45%"
"03/12/2024","72.32","68.72","72.59","68.35","7.66M","7.94%"
"03/11/2024","67.00","68.25","68.32","65.89","11.75M","-3.42%"
"03/08/2024","69.37","72.40","74.41","69.00","7.61M","-3.77%"
"03/07/2024","72.09","72.00","72.57","70.75","5.39M","0.14%"
"03/06/2024","71.99","72.16","73.58","70.74","5.83M","2.81%"
"03/05/2024","70.02","70.60","71.92","68.73","6.30M","-2.33%"
"03/04/2024","71.69","72.80","73.50","71.69","9.06M","1.59%"
"03/01/2024","70.57","68.40","71.14","68.37","7.71M","4.36%"
"02/29/2024","67.62","66.80","68.22","66.45","6.76M","2.30%"
"02/28/2024","66.10","65.55","67.56","65.53","5.41M","-0.26%"
"02/27/2024","66.27","67.00","68.80","66.25","8.56M","-0.06%"
"02/26/2024","66.31","63.33","66.90","63.22","7.09M","5.76%"
"02/23/2024","62.70","63.42","64.51","61.25","5.91M","-0.32%"
"02/22/2024","62.90","62.86","64.50","61.69","11.66M","7.43%"
"02/21/2024","58.55","55.03","61.59","55.00","21.42M","-5.59%"
"02/20/2024","62.02","61.96","62.55","60.08","9.54M","-1.51%"
"02/16/2024","62.97","63.18","65.00","62.35","8.07M","0.21%"
"02/15/2024","62.84","65.02","65.56","61.98","9.60M","-3.28%"
"02/14/2024","64.97","63.50","65.20","63.06","7.58M","3.90%"
"02/13/2024","62.53","58.91","63.12","57.13","10.35M","1.97%"
"02/12/2024","61.32","63.95","64.18","61.05","7.72M","-3.46%"
"02/09/2024","63.52","61.99","63.81","61.85","6.14M","3.00%"
"02/08/2024","61.67","60.93","63.43","60.88","7.40M","1.53%"
"02/07/2024","60.74","59.98","61.31","59.28","6.30M","2.74%"
"02/06/2024","59.12","61.90","62.26","57.83","10.18M","-3.99%"
"02/05/2024","61.58","61.45","62.17","60.37","6.98M","0.18%"
"02/02/2024","61.47","60.07","62.26","60.07","9.92M","3.38%"
"02/01/2024","59.46","57.47","59.62","57.24","10.37M","5.56%"
"01/31/2024","56.33","55.46","57.60","55.23","7.56M","-0.58%"
"01/30/2024","56.66","56.24","57.59","55.67","9.34M","3.21%"
"01/29/2024","54.90","53.40","54.93","53.30","5.32M","2.69%"
"01/26/2024","53.46","53.05","54.76","52.40","5.00M","0.28%"
"01/25/2024","53.31","53.50","53.79","52.61","7.38M","0.93%"
"01/24/2024","52.82","54.38","55.05","52.80","8.01M","-1.58%"
"01/23/2024","53.67","53.69","54.20","52.83","3.45M","0.41%"
"01/22/2024","53.45","54.50","55.93","53.10","7.11M","-0.41%"
"01/19/2024","53.67","52.50","53.67","51.67","7.50M","5.46%"
"01/18/2024","50.89","50.36","51.04","49.67","4.19M","3.31%"
"01/17/2024","49.26","49.43","49.89","48.86","3.21M","-1.40%"
"01/16/2024","49.96","49.37","50.72","49.25","3.06M","0.89%"
"01/12/2024","49.52","49.88","50.25","48.42","3.47M","-1.00%"
"01/11/2024","50.02","49.00","50.17","48.22","3.61M","2.52%"
"01/10/2024","48.79","49.19","49.68","48.45","2.87M","-0.79%"
"01/09/2024","49.18","48.42","49.47","47.45","3.87M","1.32%"
"01/08/2024","48.54","46.75","48.62","46.62","4.18M","4.82%"
"01/05/2024","46.31","45.60","46.67","45.09","4.39M","1.11%"
"01/04/2024","45.80","45.59","47.31","45.59","5.27M","0.50%"
"01/03/2024","45.57","45.00","45.92","44.31","5.90M","-0.15%"
"01/02/2024","45.64","47.48","47.50","45.19","5.77M","-4.98%"
"12/29/2023","48.03","48.84","49.02","47.84","3.01M","-1.90%"
"12/28/2023","48.96","48.97","49.33","48.34","2.13M","0.06%"
"12/27/2023","48.93","48.90","49.31","48.39","2.62M","-0.12%"
"12/26/2023","48.99","48.93","49.21","48.55","2.08M","0.43%"
"12/22/2023","48.78","48.57","49.16","48.20","2.42M","0.41%"
"12/21/2023","48.58","48.12","48.64","47.84","2.59M","2.81%"
"12/20/2023","47.25","48.86","49.15","47.20","3.61M","-4.00%"
"12/19/2023","49.22","47.91","49.35","47.88","3.80M","2.97%"
"12/18/2023","47.80","47.73","48.60","47.45","3.01M","0.15%"
"12/15/2023","47.73","47.36","48.40","46.87","5.71M","1.04%"
"12/14/2023","47.24","48.35","48.99","45.75","10.18M","-1.46%"
"12/13/2023","47.94","49.63","50.23","47.76","7.97M","-3.01%"
"12/12/2023","49.43","47.50","49.86","47.39","7.01M","3.78%"
"12/11/2023","47.63","47.33","48.88","47.33","7.43M","1.04%"
"12/08/2023","47.14","44.84","47.25","44.83","6.95M","4.43%"
"12/07/2023","45.14","44.30","45.42","44.14","4.57M","2.22%"
"12/06/2023","44.16","45.49","45.99","44.03","4.33M","-2.19%"
"12/05/2023","45.15","44.96","45.31","44.31","4.33M","-0.46%"
"12/04/2023","45.36","45.22","45.91","43.66","8.05M","0.49%"
"12/01/2023","45.14","43.50","45.94","43.27","9.45M","3.39%"
"11/30/2023","43.66","42.69","44.55","42.50","26.32M","3.24%"
"11/29/2023","42.29","44.01","44.92","41.01","13.35M","0.09%"
"11/28/2023","42.25","42.52","42.87","41.33","7.51M","-0.71%"
"11/27/2023","42.55","42.69","43.26","42.40","5.34M","-0.30%"
"11/24/2023","42.68","43.72","43.87","42.54","1.53M","-1.93%"
"11/22/2023","43.52","43.40","44.38","42.33","6.24M","2.09%"
"11/21/2023","42.63","44.23","45.15","42.12","6.83M","-4.31%"
"11/20/2023","44.55","43.11","44.63","43.11","4.55M","2.91%"
"11/17/2023","43.29","43.78","44.16","42.97","5.14M","1.05%"
"11/16/2023","42.84","43.00","43.62","42.34","4.63M","-1.52%"
"11/15/2023","43.50","44.27","44.96","42.83","8.15M","-0.21%"
"11/14/2023","43.59","43.21","44.00","42.82","6.32M","3.07%"
"11/13/2023","42.29","41.50","42.43","41.17","4.24M","1.10%"
"11/10/2023","41.83","40.01","42.25","40.01","5.79M","4.65%"
"11/09/2023","39.97","40.37","42.20","39.51","6.12M","-0.25%"
"11/08/2023","40.07","40.67","40.93","39.80","4.83M","-0.20%"
"11/07/2023","40.15","40.08","41.06","39.48","4.69M","1.01%"
"11/06/2023","39.75","40.53","40.68","38.68","5.25M","-1.71%"
"11/03/2023","40.44","40.59","41.22","39.82","6.20M","1.15%"
"11/02/2023","39.98","40.93","41.80","39.67","5.64M","-0.62%"
"11/01/2023","40.23","39.35","40.26","39.07","5.92M","2.44%"
"10/31/2023","39.27","38.03","39.44","37.21","5.65M","2.59%"
"10/30/2023","38.28","36.92","38.50","36.40","6.22M","5.11%"
"10/27/2023","36.42","35.66","36.81","35.60","7.87M","4.48%"
"10/26/2023","34.86","37.57","38.10","34.60","10.79M","-6.77%"
"10/25/2023","37.39","41.54","41.92","36.00","17.13M","-4.20%"
"10/24/2023","39.03","37.72","39.20","37.57","9.67M","4.67%"
"10/23/2023","37.29","36.79","38.31","36.24","6.63M","1.50%"
"10/20/2023","36.74","37.19","37.94","35.65","8.79M","-1.82%"
"10/19/2023","37.42","39.02","39.48","36.96","8.85M","-3.43%"
"10/18/2023","38.75","40.49","40.78","38.46","6.82M","-5.92%"
"10/17/2023","41.19","39.65","41.39","38.62","5.07M","1.33%"
"10/16/2023","40.65","39.47","40.92","39.20","4.36M","3.96%"
"10/13/2023","39.10","41.60","42.06","39.01","6.90M","-6.48%"
"10/12/2023","41.81","41.81","43.13","41.21","6.45M","0.19%"
"10/11/2023","41.73","40.70","42.53","40.54","8.42M","2.83%"
"10/10/2023","40.58","40.98","42.72","40.50","8.55M","1.12%"
"10/09/2023","40.13","39.29","40.14","38.28","5.78M","0.91%"
"10/06/2023","39.77","37.78","40.20","37.53","7.10M","4.16%"
"10/05/2023","38.18","37.57","38.52","37.30","3.90M","-0.03%"
"10/04/2023","38.19","36.90","38.58","36.63","5.27M","3.66%"
"10/03/2023","36.84","37.87","39.23","36.40","6.54M","-4.09%"
"10/02/2023","38.41","38.05","38.97","37.70","6.75M","3.25%"
"09/29/2023","37.20","37.42","38.71","37.12","4.53M","0.54%"
"09/28/2023","37.00","36.26","38.10","36.11","4.66M","2.27%"
"09/27/2023","36.18","35.96","36.56","35.72","5.58M","1.86%"
"09/26/2023","35.52","36.50","36.76","35.49","4.62M","-3.40%"
"09/25/2023","36.77","36.44","37.54","36.20","4.13M","0.88%"
"09/22/2023","36.45","36.73","36.91","36.21","2.67M","0.36%"
"09/21/2023","36.32","36.70","36.84","35.80","3.69M","-2.16%"
"09/20/2023","37.12","38.16","38.76","37.10","3.70M","-2.47%"
"09/19/2023","38.06","37.97","38.42","37.32","2.45M","0.69%"
"09/18/2023","37.80","37.47","38.31","36.72","4.10M","-0.97%"
"09/15/2023","38.17","37.75","38.47","37.50","7.13M","-0.70%"
"09/14/2023","38.44","37.97","39.24","37.92","6.83M","3.81%"
"09/13/2023","37.03","37.43","37.79","36.22","7.07M","-1.57%"
"09/12/2023","37.62","38.87","39.71","37.31","5.65M","-4.03%"
"09/11/2023","39.20","38.18","39.23","37.85","6.53M","0.00%"
"09/08/2023","39.20","39.33","40.15","39.04","3.86M","-1.01%"
"09/07/2023","39.60","38.16","39.77","37.81","6.76M","3.02%"
"09/06/2023","38.44","39.20","39.58","37.66","7.07M","-1.76%"
"09/05/2023","39.13","39.85","40.14","38.78","3.72M","-1.86%"
"09/01/2023","39.87","39.62","40.41","39.19","4.61M","1.22%"
"08/31/2023","39.39","39.08","39.50","38.78","3.57M","1.29%"
"08/30/2023","38.89","38.50","39.25","38.38","3.40M","0.44%"
"08/29/2023","38.72","37.70","39.16","37.40","5.75M","1.44%"
"08/28/2023","38.17","37.44","38.54","37.21","6.43M","1.79%"
"08/25/2023","37.50","35.22","37.95","35.11","10.43M","7.11%"
"08/24/2023","35.01","36.89","37.22","34.99","10.48M","-1.88%"
"08/23/2023","35.68","35.13","36.20","34.89","4.73M","2.03%"
"08/22/2023","34.97","35.38","35.80","34.54","4.28M","-0.29%"
"08/21/2023","35.07","34.20","35.24","33.65","5.95M","3.24%"
"08/18/2023","33.97","33.00","34.33","32.38","7.28M","2.97%"
"08/17/2023","32.99","33.79","33.96","32.88","6.34M","-2.22%"
"08/16/2023","33.74","34.71","34.98","33.70","5.44M","-2.85%"
"08/15/2023","34.73","34.61","34.92","34.06","5.59M","0.43%"
"08/14/2023","34.58","33.57","34.86","33.25","5.95M","3.19%"
"08/11/2023","33.51","34.15","34.58","33.38","6.05M","-1.06%"
"08/10/2023","33.87","34.71","34.95","32.74","11.38M","-2.73%"
"08/09/2023","34.82","36.37","36.69","34.67","7.52M","-3.87%"
"08/08/2023","36.22","35.55","36.47","34.96","7.78M","1.40%"
"08/07/2023","35.72","35.00","36.41","34.86","14.13M","0.03%"
"08/04/2023","35.71","34.96","36.60","34.76","9.94M","3.51%"
"08/03/2023","34.50","34.10","34.59","33.06","12.84M","0.61%"
"08/02/2023","34.29","33.00","35.38","31.57","38.48M","29.25%"
"08/01/2023","26.53","25.67","26.63","25.48","9.99M","2.00%"
"07/31/2023","26.01","25.77","26.10","25.41","5.88M","0.23%"
"07/28/2023","25.95","25.69","26.22","25.61","4.62M","2.49%"
"07/27/2023","25.32","25.85","26.03","25.09","4.69M","-0.08%"
"07/26/2023","25.34","25.70","26.08","25.09","5.12M","-2.50%"
"07/25/2023","25.99","25.67","26.27","25.58","2.74M","0.81%"
"07/24/2023","25.78","25.52","25.95","25.23","3.87M","0.39%"
"07/21/2023","25.68","26.43","26.47","25.34","5.71M","-1.87%"
"07/20/2023","26.17","26.40","26.70","26.07","6.02M","-1.95%"
"07/19/2023","26.69","26.52","26.78","26.28","6.89M","-0.15%"
"07/18/2023","26.73","26.40","26.82","26.04","4.12M","1.44%"
"07/17/2023","26.35","26.30","26.72","26.11","3.03M","0.00%"
"07/14/2023","26.35","26.52","26.80","26.03","3.14M","-0.60%"
"07/13/2023","26.51","25.94","27.03","25.77","5.18M","2.91%"
"07/12/2023","25.76","25.63","25.98","25.27","3.12M","1.78%"
"07/11/2023","25.31","25.31","25.59","25.19","3.05M","-0.28%"
"07/10/2023","25.38","24.73","25.50","24.66","2.52M","2.96%"
"07/07/2023","24.65","24.57","25.00","24.46","2.53M","2.37%"
"07/06/2023","24.08","24.06","24.17","23.51","3.81M","-0.91%"
"07/05/2023","24.30","24.73","24.78","24.29","3.54M","-2.29%"
"07/03/2023","24.87","24.80","24.91","24.44","1.88M","0.40%"
"06/30/2023","24.77","24.34","25.01","24.03","5.22M","2.65%"
"06/29/2023","24.13","23.96","24.33","23.78","8.87M","3.34%"
"06/28/2023","23.35","23.59","23.77","23.07","5.09M","-1.89%"
"06/27/2023","23.80","23.51","24.01","23.27","3.70M","1.49%"
"06/26/2023","23.45","23.50","24.26","23.38","7.32M","-0.80%"
"06/23/2023","23.64","22.84","23.73","22.82","6.52M","1.42%"
"06/22/2023","23.31","22.76","23.43","22.60","4.36M","1.48%"
"06/21/2023","22.97","23.01","23.18","22.31","4.86M","-1.59%"
"06/20/2023","23.34","22.45","23.41","22.39","5.14M","3.55%"
"06/16/2023","22.54","22.80","23.09","22.36","7.71M","-0.27%"
"06/15/2023","22.60","22.42","22.77","22.15","4.45M","0.22%"
"06/14/2023","22.55","22.50","22.80","22.24","4.52M","0.45%"
"06/13/2023","22.45","21.44","22.51","21.40","6.64M","6.35%"
"06/12/2023","21.11","21.30","21.54","21.02","4.77M","-0.38%"
"06/09/2023","21.19","21.23","21.35","20.85","3.98M","2.96%"
"06/08/2023","20.58","20.39","20.67","20.06","3.70M","0.10%"
"06/07/2023","20.56","20.00","20.61","19.89","5.02M","2.80%"
"06/06/2023","20.00","19.83","20.39","19.82","2.97M","-0.35%"
"06/05/2023","20.07","19.44","20.14","19.36","4.57M","1.36%"
"06/02/2023","19.80","19.84","19.96","19.38","4.02M","2.06%"
"06/01/2023","19.40","19.37","19.65","19.10","4.78M","0.52%"
"05/31/2023","19.30","19.87","19.91","18.74","5.85M","-4.17%"
"05/30/2023","20.14","20.43","20.53","19.83","10.00M","2.03%"
"05/26/2023","19.74","18.72","20.00","18.49","16.00M","6.65%"
"05/25/2023","18.51","18.30","19.19","17.94","29.41M","13.98%"
"05/24/2023","16.24","16.00","16.39","15.75","4.05M","-0.31%"
"05/23/2023","16.29","16.31","16.72","16.17","5.74M","-1.33%"
"05/22/2023","16.51","15.77","16.76","15.64","7.54M","6.11%"
"05/19/2023","15.56","16.07","16.09","15.50","3.66M","-2.51%"
"05/18/2023","15.96","15.51","16.05","15.40","4.90M","2.11%"
"05/17/2023","15.63","15.31","15.68","15.18","2.74M","3.30%"
"05/16/2023","15.13","15.26","15.26","15.00","1.63M","-1.24%"
"05/15/2023","15.32","15.10","15.51","15.07","2.16M","1.46%"
"05/12/2023","15.10","15.31","15.46","14.95","1.71M","-1.50%"
"05/11/2023","15.33","15.23","15.41","15.07","1.67M","0.26%"
"05/10/2023","15.29","15.48","15.57","15.05","2.51M","0.20%"
"05/09/2023","15.26","14.91","15.41","14.84","3.25M","1.19%"
"05/08/2023","15.08","15.18","15.22","14.68","2.13M","0.67%"
"05/05/2023","14.98","14.44","15.23","14.28","4.19M","4.68%"
"05/04/2023","14.31","14.90","14.92","14.27","3.30M","-4.15%"
"05/03/2023","14.93","14.98","15.55","14.89","5.29M","0.07%"
"05/02/2023","14.92","14.84","14.99","14.49","3.74M","0.67%"
"05/01/2023","14.82","14.78","15.01","14.64","3.49M","-0.67%"
"04/28/2023","14.92","14.51","15.09","14.40","5.05M","2.97%"
"04/27/2023","14.49","14.00","14.69","13.73","6.11M","6.62%"
"04/26/2023","13.59","14.33","15.15","13.06","16.76M","11.12%"
"04/25/2023","12.23","12.55","12.67","12.22","6.83M","-3.93%"
"04/24/2023","12.73","12.26","12.77","12.20","5.06M","4.52%"
"04/21/2023","12.18","12.23","12.34","11.95","2.58M","-0.73%"
"04/20/2023","12.27","12.28","12.52","12.16","1.94M","-1.76%"
"04/19/2023","12.49","12.14","12.51","12.02","4.49M","1.05%"
"04/18/2023","12.36","12.65","12.73","12.12","3.72M","-1.67%"
"04/17/2023","12.57","12.44","12.72","12.34","2.36M","1.13%"
"04/14/2023","12.43","12.36","12.63","12.19","2.62M","0.00%"
"04/13/2023","12.43","12.28","12.48","12.05","4.09M","1.47%"
"04/12/2023","12.25","12.67","12.67","12.19","2.69M","-2.39%"
"04/11/2023","12.55","12.60","12.75","12.47","2.93M","0.00%"
"04/10/2023","12.55","12.30","12.62","12.23","3.45M","1.37%"
"04/06/2023","12.38","12.85","12.89","12.26","3.48M","-4.18%"
"04/05/2023","12.92","12.92","13.00","12.72","3.21M","-1.37%"
"04/04/2023","13.10","13.98","14.10","12.95","2.94M","-6.23%"
"04/03/2023","13.97","14.24","14.45","13.73","2.26M","-2.38%"
"03/31/2023","14.31","13.96","14.44","13.89","3.14M","3.70%"
"03/30/2023","13.80","13.99","14.15","13.78","2.70M","0.66%"
"03/29/2023","13.71","13.53","13.81","13.39","3.24M","3.79%"
"03/28/2023","13.21","13.19","13.35","13.04","1.97M","0.15%"
"03/27/2023","13.19","13.30","13.36","13.04","2.61M","0.76%"
"03/24/2023","13.09","13.04","13.17","12.69","1.88M","-1.06%"
"03/23/2023","13.23","13.60","14.05","12.99","2.12M","-1.64%"
"03/22/2023","13.45","13.79","14.05","13.44","2.53M","-2.32%"
"03/21/2023","13.77","13.68","13.82","13.59","2.25M","4.16%"
"03/20/2023","13.22","13.33","13.36","12.97","4.99M","0.76%"
"03/17/2023","13.12","13.48","13.66","13.09","4.40M","-3.53%"
"03/16/2023","13.60","13.10","13.75","13.03","2.99M","2.10%"
"03/15/2023","13.32","13.43","13.56","12.90","3.69M","-4.52%"
"03/14/2023","13.95","14.19","14.39","13.77","3.31M","0.87%"
"03/13/2023","13.83","13.94","14.09","13.49","4.94M","-2.88%"
"03/10/2023","14.24","15.39","15.39","14.06","4.83M","-7.41%"
"03/09/2023","15.38","15.87","15.94","15.35","2.73M","-2.29%"
"03/08/2023","15.74","15.87","15.97","15.68","2.08M","-0.63%"
"03/07/2023","15.84","16.14","16.34","15.79","1.73M","-2.16%"
"03/06/2023","16.19","16.39","16.61","16.02","3.33M","-1.04%"
"03/03/2023","16.36","15.88","16.45","15.74","3.58M","3.35%"
"03/02/2023","15.83","15.78","15.92","15.60","3.15M","-1.86%"
"03/01/2023","16.13","16.17","16.46","15.98","3.63M","-0.74%"
"02/28/2023","16.25","15.66","16.34","15.63","3.11M","3.11%"
"02/27/2023","15.76","16.03","16.09","15.68","2.72M","-0.32%"
"02/24/2023","15.81","16.24","16.24","15.39","3.49M","-3.95%"
"02/23/2023","16.46","15.90","16.49","15.54","7.04M","6.06%"
"02/22/2023","15.52","17.01","17.88","15.23","11.98M","1.70%"
"02/21/2023","15.26","15.83","16.00","15.20","4.88M","-4.98%"
"02/17/2023","16.06","15.82","16.08","15.67","3.82M","0.19%"
"02/16/2023","16.03","15.74","16.24","15.62","2.94M","-0.25%"
"02/15/2023","16.07","15.63","16.10","15.44","3.36M","2.82%"
"02/14/2023","15.63","15.05","15.70","14.90","2.56M","2.69%"
"02/13/2023","15.22","14.47","15.23","14.35","2.27M","5.26%"
"02/10/2023","14.46","15.56","15.67","14.36","3.26M","-7.60%"
"02/09/2023","15.65","16.05","16.29","15.44","3.94M","-0.51%"
"02/08/2023","15.73","15.09","15.85","14.98","5.08M","3.15%"
"02/07/2023","15.25","14.29","15.29","14.19","4.99M","7.39%"
"02/06/2023","14.20","14.32","14.47","14.08","3.75M","-2.67%"
"02/03/2023","14.59","14.63","15.23","14.48","3.01M","-2.99%"
"02/02/2023","15.04","14.93","15.36","14.84","2.34M","2.31%"
"02/01/2023","14.70","14.18","14.90","13.98","2.07M","3.38%"
"01/31/2023","14.22","14.03","14.30","13.89","2.07M","1.86%"
"01/30/2023","13.96","14.09","14.19","13.77","1.81M","-2.92%"
"01/27/2023","14.38","13.90","14.51","13.86","3.14M","2.35%"
"01/26/2023","14.05","14.61","14.67","13.65","4.22M","-2.09%"
"01/25/2023","14.35","14.81","14.84","14.29","3.62M","-5.90%"
"01/24/2023","15.25","15.54","15.57","15.11","2.50M","-1.80%"
"01/23/2023","15.53","14.65","15.63","14.61","4.02M","6.96%"
"01/20/2023","14.52","14.11","14.60","13.90","1.49M","4.16%"
"01/19/2023","13.94","14.22","14.38","13.91","2.20M","-3.73%"
"01/18/2023","14.48","15.02","15.39","14.47","2.44M","-3.21%"
"01/17/2023","14.96","14.95","15.00","14.76","1.80M","-0.07%"
"01/13/2023","14.97","14.82","15.00","14.66","1.84M","-0.07%"
"01/12/2023","14.98","14.71","15.00","14.48","1.89M","2.32%"
"01/11/2023","14.64","14.70","14.79","14.37","1.82M","0.83%"
"01/10/2023","14.52","14.72","14.76","14.05","2.42M","-2.02%"
"01/09/2023","14.82","14.26","15.10","14.20","4.39M","4.96%"
"01/06/2023","14.12","13.74","14.20","13.53","2.50M","4.36%"
"01/05/2023","13.53","13.35","13.57","13.14","2.95M","0.22%"
"01/04/2023","13.50","13.51","13.61","13.14","2.51M","1.50%"
"01/03/2023","13.30","13.86","14.11","13.21","3.46M","-2.64%"
"12/30/2022","13.66","13.26","13.68","13.24","2.35M","0.96%"
"12/29/2022","13.53","12.58","13.77","12.58","3.45M","9.55%"
"12/28/2022","12.35","12.63","12.81","12.30","1.63M","-1.83%"
"12/27/2022","12.58","12.85","13.01","12.56","2.09M","-1.87%"
"12/23/2022","12.82","12.77","12.89","12.55","1.28M","0.31%"
"12/22/2022","12.78","12.92","13.00","12.53","1.66M","-2.74%"
"12/21/2022","13.14","13.00","13.27","12.91","1.62M","2.26%"
"12/20/2022","12.85","12.55","12.98","12.33","1.62M","1.34%"
"12/19/2022","12.68","13.16","13.16","12.61","2.31M","-3.50%"
"12/16/2022","13.14","13.08","13.27","12.89","4.50M","-0.83%"
"12/15/2022","13.25","13.57","13.75","13.14","1.88M","-4.74%"
"12/14/2022","13.91","14.01","14.26","13.77","1.89M","-1.21%"
"12/13/2022","14.08","14.28","14.49","13.76","2.80M","3.38%"
"12/12/2022","13.62","13.58","13.66","13.34","2.40M","-0.15%"
"12/09/2022","13.64","14.17","14.44","13.64","2.47M","-4.21%"
"12/08/2022","14.24","13.81","14.52","13.70","2.77M","4.25%"
"12/07/2022","13.66","13.87","14.03","13.49","2.91M","-1.94%"
"12/06/2022","13.93","14.42","14.49","13.82","3.12M","-2.93%"
"12/05/2022","14.35","14.49","14.61","14.16","2.05M","-2.78%"
"12/02/2022","14.76","13.88","14.92","13.82","3.20M","3.94%"
"12/01/2022","14.20","14.25","14.57","14.05","2.56M","2.53%"
"11/30/2022","13.85","13.26","13.91","13.08","2.28M","4.92%"
"11/29/2022","13.20","13.16","13.27","13.03","1.93M","0.76%"
"11/28/2022","13.10","13.49","14.06","13.02","2.48M","-4.66%"
"11/25/2022","13.74","13.83","13.95","13.60","1.14M","-0.87%"
"11/23/2022","13.86","13.83","14.09","13.82","1.50M","0.36%"
"11/22/2022","13.81","14.07","14.19","13.57","2.08M","-1.57%"
"11/21/2022","14.03","13.79","14.20","13.66","2.60M","1.37%"
"11/18/2022","13.84","14.19","14.24","13.57","2.39M","-1.07%"
"11/17/2022","13.99","13.52","14.10","13.46","3.61M","0.79%"
"11/16/2022","13.88","14.44","14.59","13.39","5.33M","-5.58%"
"11/15/2022","14.70","15.43","15.74","14.44","5.62M","-1.54%"
"11/14/2022","14.93","15.14","15.45","14.92","2.31M","-2.80%"
"11/11/2022","15.36","15.41","16.02","15.26","3.80M","0.52%"
"11/10/2022","15.28","15.60","16.07","15.15","5.09M","4.37%"
"11/09/2022","14.64","14.36","14.76","14.22","3.07M","-0.14%"
"11/08/2022","14.66","14.63","14.81","14.28","3.48M","0.41%"
"11/07/2022","14.60","14.83","14.94","14.01","3.50M","2.96%"
"11/04/2022","14.18","14.31","14.40","13.64","3.23M","1.87%"
"11/03/2022","13.92","13.80","14.36","13.74","5.03M","-1.14%"
"11/02/2022","14.08","14.72","14.85","14.05","3.67M","-5.12%"
"11/01/2022","14.84","14.65","14.93","14.20","4.32M","3.70%"
"10/31/2022","14.31","14.88","15.03","14.26","4.40M","-4.34%"
"10/28/2022","14.96","14.78","15.01","14.15","4.65M","1.15%"
"10/27/2022","14.79","15.25","15.74","14.49","6.04M","1.30%"
"10/26/2022","14.60","14.22","14.75","13.69","7.20M","3.33%"
"10/25/2022","14.13","13.89","14.36","13.85","5.04M","2.54%"
"10/24/2022","13.78","13.26","13.89","12.99","4.17M","4.31%"
"10/21/2022","13.21","12.31","13.39","12.17","5.76M","6.79%"
"10/20/2022","12.37","12.14","13.18","12.08","11.50M","8.51%"
"10/19/2022","11.40","11.33","11.47","11.10","8.68M","-0.70%"
"10/18/2022","11.48","11.35","11.58","11.23","16.24M","5.71%"
"10/17/2022","10.86","10.51","10.89","10.46","5.28M","6.26%"
"10/14/2022","10.22","10.92","11.15","10.21","4.17M","-6.07%"
"10/13/2022","10.88","10.44","11.03","10.23","9.82M","-0.27%"
"10/12/2022","10.91","11.11","11.23","10.83","3.35M","-1.53%"
"10/11/2022","11.08","11.15","11.33","10.77","6.19M","-1.42%"
"10/10/2022","11.24","11.01","11.36","10.98","5.61M","2.65%"
"10/07/2022","10.95","11.62","11.76","10.92","2.47M","-7.67%"
"10/06/2022","11.86","11.98","12.22","11.77","3.68M","-1.08%"
"10/05/2022","11.99","11.62","12.06","11.38","3.56M","0.25%"
"10/04/2022","11.96","11.66","12.32","11.57","4.77M","6.31%"
"10/03/2022","11.25","9.93","11.65","9.89","7.40M","15.74%"
"09/30/2022","9.72","9.66","10.10","9.60","2.69M","0.31%"
"09/29/2022","9.69","9.99","10.09","9.48","2.32M","-6.29%"
"09/28/2022","10.34","9.71","10.46","9.67","2.64M","6.82%"
"09/27/2022","9.68","9.98","10.20","9.60","3.91M","-1.12%"
"09/26/2022","9.79","9.82","10.25","9.64","5.17M","-1.61%"
"09/23/2022","9.95","10.53","10.74","9.76","4.13M","-9.79%"
"09/22/2022","11.03","11.68","11.76","10.98","5.37M","-6.13%"
"09/21/2022","11.75","12.30","12.42","11.70","2.63M","-3.69%"
"09/20/2022","12.20","12.32","12.44","12.08","2.64M","-2.48%"
"09/19/2022","12.51","12.10","12.56","12.06","2.39M","1.46%"
"09/16/2022","12.33","12.66","12.69","12.11","3.53M","-5.30%"
"09/15/2022","13.02","12.92","13.35","12.89","2.07M","-0.31%"
"09/14/2022","13.06","12.67","13.10","12.22","4.74M","2.67%"
"09/13/2022","12.72","12.84","13.18","12.64","3.50M","-5.29%"
"09/12/2022","13.43","13.25","13.52","13.14","4.12M","0.45%"
"09/09/2022","13.37","12.38","13.45","12.38","4.84M","9.32%"
"09/08/2022","12.23","11.52","12.26","11.52","2.34M","4.44%"
"09/07/2022","11.71","11.14","11.84","11.10","1.38M","4.74%"
"09/06/2022","11.18","11.27","11.29","11.02","1.55M","-0.27%"
"09/02/2022","11.21","11.72","11.72","11.15","2.85M","-2.44%"
"09/01/2022","11.49","11.35","11.53","11.00","4.76M","-0.35%"
"08/31/2022","11.53","11.81","11.87","11.31","3.63M","-1.87%"
"08/30/2022","11.75","12.03","12.17","11.58","1.52M","-1.09%"
"08/29/2022","11.88","11.55","12.10","11.52","2.21M","0.42%"
"08/26/2022","11.83","12.48","12.48","11.79","2.81M","-5.44%"
"08/25/2022","12.51","12.39","12.65","12.24","2.57M","2.46%"
"08/24/2022","12.21","12.12","12.32","11.98","1.58M","1.33%"
"08/23/2022","12.05","12.05","12.19","11.94","2.90M","0.00%"
"08/22/2022","12.05","11.96","12.27","11.84","4.35M","-2.27%"
"08/19/2022","12.33","12.84","12.97","12.30","2.44M","-5.59%"
"08/18/2022","13.06","13.11","13.25","12.91","2.98M","-0.38%"
"08/17/2022","13.11","12.99","13.25","12.73","3.51M","-2.09%"
"08/16/2022","13.39","13.15","13.65","13.07","4.08M","0.37%"
"08/15/2022","13.34","13.42","13.68","13.10","3.47M","-1.33%"
"08/12/2022","13.52","13.06","13.54","12.88","3.88M","5.38%"
"08/11/2022","12.83","13.14","13.40","12.74","3.22M","-1.00%"
"08/10/2022","12.96","12.67","12.97","12.19","4.79M","6.58%"
"08/09/2022","12.16","12.73","12.73","11.91","5.30M","-6.25%"
"08/08/2022","12.97","13.02","13.46","12.91","3.03M","1.09%"
"08/05/2022","12.83","12.78","13.00","12.48","4.96M","-2.58%"
"08/04/2022","13.17","12.20","13.43","12.00","6.40M","9.84%"
"08/03/2022","11.99","11.64","12.44","10.73","9.99M","1.87%"
"08/02/2022","11.77","11.29","12.00","11.29","4.07M","2.79%"
"08/01/2022","11.45","11.23","11.57","11.08","2.52M","0.26%"
"07/29/2022","11.42","10.94","11.43","10.88","2.96M","4.01%"
"07/28/2022","10.98","10.77","11.03","10.53","2.03M","4.57%"
"07/27/2022","10.50","10.44","10.52","10.28","2.04M","2.44%"
"07/26/2022","10.25","10.37","10.42","10.18","1.50M","-2.01%"
"07/25/2022","10.46","10.56","10.69","10.28","2.20M","-1.41%"
"07/22/2022","10.61","10.44","10.79","10.35","3.59M","2.31%"
"07/21/2022","10.37","10.12","10.46","10.09","2.14M","1.97%"
"07/20/2022","10.17","9.61","10.24","9.61","3.43M","6.94%"
"07/19/2022","9.51","9.02","9.53","8.93","2.67M","8.19%"
"07/18/2022","8.79","9.13","9.16","8.75","2.24M","-1.68%"
"07/15/2022","8.94","8.63","9.03","8.39","3.45M","6.05%"
"07/14/2022","8.43","8.17","8.51","8.12","2.94M","0.48%"
"07/13/2022","8.39","8.45","8.64","8.26","2.94M","-3.34%"
"07/12/2022","8.68","8.60","9.01","8.55","3.34M","0.00%"
"07/11/2022","8.68","8.88","9.00","8.61","3.21M","-3.88%"
"07/08/2022","9.03","9.12","9.28","8.94","1.97M","-1.53%"
"07/07/2022","9.17","8.75","9.24","8.65","3.64M","6.13%"
"07/06/2022","8.64","8.55","8.80","8.43","8.32M","0.47%"
"07/05/2022","8.60","8.12","8.61","7.76","4.41M","3.74%"
"07/01/2022","8.29","8.16","8.54","8.09","5.36M","0.85%"
"06/30/2022","8.22","8.73","8.79","8.15","8.11M","-8.05%"
"06/29/2022","8.94","9.52","9.56","8.92","4.45M","-6.78%"
"06/28/2022","9.59","10.05","10.31","9.56","2.00M","-4.10%"
"06/27/2022","10.00","10.32","10.40","9.89","3.14M","-2.25%"
"06/24/2022","10.23","9.55","10.27","9.53","9.56M","8.60%"
"06/23/2022","9.42","9.21","9.43","9.02","2.70M","2.50%"
"06/22/2022","9.19","8.92","9.31","8.92","4.05M","0.00%"
"06/21/2022","9.19","9.35","9.35","9.03","4.08M","0.11%"
"06/17/2022","9.18","9.07","9.32","9.00","4.34M","1.55%"
"06/16/2022","9.04","9.33","9.45","8.91","5.47M","-6.71%"
"06/15/2022","9.69","9.45","10.06","9.36","5.40M","3.53%"
"06/14/2022","9.36","9.46","9.61","9.17","6.43M","-0.53%"
"06/13/2022","9.41","9.71","9.89","9.40","6.33M","-6.74%"
"06/10/2022","10.09","10.21","10.33","10.02","5.39M","-3.81%"
"06/09/2022","10.49","10.86","10.86","10.48","5.00M","-4.20%"
"06/08/2022","10.95","11.21","11.33","10.73","5.35M","-4.03%"
"06/07/2022","11.41","10.87","11.45","10.80","5.97M","3.54%"
"06/06/2022","11.02","11.19","11.37","10.85","6.89M","1.38%"
"06/03/2022","10.87","10.69","10.94","10.20","14.60M","0.09%"
"06/02/2022","10.86","10.40","11.05","10.31","9.00M","5.03%"
"06/01/2022","10.34","10.92","11.16","10.00","9.22M","-5.91%"
"05/31/2022","10.99","11.49","11.49","10.94","5.31M","-3.93%"
"05/27/2022","11.44","11.07","11.51","10.99","5.82M","5.34%"
"05/26/2022","10.86","10.34","11.26","10.27","5.97M","6.05%"
"05/25/2022","10.24","10.25","10.41","9.67","7.15M","-0.10%"
"05/24/2022","10.25","10.69","10.69","9.85","4.67M","-5.00%"
"05/23/2022","10.79","10.86","11.00","10.55","3.02M","-0.46%"
"05/20/2022","10.84","11.12","11.18","10.60","5.96M","-1.28%"
"05/19/2022","10.98","10.84","11.59","10.84","4.87M","0.55%"
"05/18/2022","10.92","11.21","11.58","10.85","2.73M","-4.29%"
"05/17/2022","11.41","11.16","11.47","11.03","2.75M","5.75%"
"05/16/2022","10.79","11.22","11.31","10.72","2.22M","-4.51%"
"05/13/2022","11.30","10.74","11.47","10.64","3.72M","8.24%"
"05/12/2022","10.44","9.88","10.68","9.88","4.54M","2.65%"
"05/11/2022","10.17","9.89","10.42","9.61","5.57M","1.19%"
"05/10/2022","10.05","11.39","11.56","10.04","6.10M","-9.95%"
"05/09/2022","11.16","11.85","11.91","11.14","2.66M","-8.60%"
"05/06/2022","12.21","12.38","12.41","11.80","2.08M","-2.40%"
"05/05/2022","12.51","13.13","13.13","12.21","3.20M","-5.87%"
"05/04/2022","13.29","12.73","13.32","12.26","2.34M","4.24%"
"05/03/2022","12.75","12.48","12.93","12.41","1.93M","1.11%"
"05/02/2022","12.61","12.48","12.91","12.16","3.40M","0.64%"
"04/29/2022","12.53","12.66","13.13","12.47","3.63M","-1.80%"
"04/28/2022","12.76","12.98","13.09","12.10","4.64M","-0.85%"
"04/27/2022","12.87","12.76","13.22","12.39","6.30M","11.53%"
"04/26/2022","11.54","11.96","12.04","11.51","4.86M","-4.31%"
"04/25/2022","12.06","11.50","12.09","11.29","5.06M","3.70%"
"04/22/2022","11.63","12.31","12.38","11.57","3.71M","-6.51%"
"04/21/2022","12.44","13.05","13.12","12.30","3.05M","-3.57%"
"04/20/2022","12.90","13.20","13.27","12.88","4.13M","-1.30%"
"04/19/2022","13.07","12.08","13.22","11.94","4.15M","8.37%"
"04/18/2022","12.06","12.23","12.39","11.85","3.22M","-2.58%"
"04/14/2022","12.38","13.03","13.16","12.34","3.01M","-5.64%"
"04/13/2022","13.12","12.32","13.12","12.32","2.57M","6.06%"
"04/12/2022","12.37","13.09","13.25","12.26","4.14M","-4.55%"
"04/11/2022","12.96","13.30","13.60","12.92","3.89M","-4.28%"
"04/08/2022","13.54","13.41","13.74","13.29","3.34M","0.52%"
"04/07/2022","13.47","13.64","13.91","13.24","3.17M","-1.39%"
"04/06/2022","13.66","13.52","13.75","13.27","2.47M","-1.37%"
"04/05/2022","13.85","14.58","14.61","13.76","4.38M","-4.42%"
"04/04/2022","14.49","14.34","14.53","13.93","3.07M","-0.62%"
"04/01/2022","14.58","14.73","15.19","14.36","6.24M","4.14%"
"03/31/2022","14.00","13.80","14.25","13.69","5.57M","2.12%"
"03/30/2022","13.71","13.35","13.76","13.34","4.59M","0.51%"
"03/29/2022","13.64","13.40","13.85","13.30","5.33M","4.52%"
"03/28/2022","13.05","12.86","13.15","12.51","4.79M","1.56%"
"03/25/2022","12.85","12.72","12.92","12.14","4.68M","0.55%"
"03/24/2022","12.78","13.14","13.21","12.56","4.38M","-2.52%"
"03/23/2022","13.11","13.14","13.56","12.98","5.70M","-2.31%"
"03/22/2022","13.42","13.08","13.61","13.01","7.61M","2.91%"
"03/21/2022","13.04","13.69","13.78","12.85","6.23M","-2.69%"
"03/18/2022","13.40","13.04","13.62","13.04","4.51M","1.36%"
"03/17/2022","13.22","12.21","13.39","12.15","5.28M","7.31%"
"03/16/2022","12.32","12.02","12.55","12.01","5.78M","3.62%"
"03/15/2022","11.89","11.16","11.92","10.95","5.58M","6.83%"
"03/14/2022","11.13","11.81","12.00","10.98","5.72M","-6.00%"
"03/11/2022","11.84","11.54","11.98","11.48","6.52M","3.95%"
"03/10/2022","11.39","10.60","11.49","10.47","6.14M","4.30%"
"03/09/2022","10.92","10.53","11.10","10.48","7.17M","7.16%"
"03/08/2022","10.19","10.10","10.31","9.59","6.39M","1.39%"
"03/07/2022","10.05","10.68","10.71","10.03","10.04M","-4.92%"
"03/04/2022","10.57","11.43","11.53","10.39","8.44M","-8.09%"
"03/03/2022","11.50","12.02","12.06","11.41","6.23M","-4.17%"
"03/02/2022","12.00","12.62","12.74","11.88","7.59M","-4.69%"
"03/01/2022","12.59","12.88","12.99","12.56","7.67M","-3.30%"
"02/28/2022","13.02","12.94","13.39","12.82","7.56M","-1.36%"
"02/25/2022","13.20","12.39","13.39","12.32","17.19M","6.54%"
"02/24/2022","12.39","11.48","12.56","11.31","17.92M","0.08%"
"02/23/2022","12.38","12.12","12.65","10.75","44.35M","-36.74%"
"02/22/2022","19.57","20.22","20.35","19.51","2.90M","-4.40%"
"02/18/2022","20.47","20.79","21.19","20.43","1.69M","-1.06%"
"02/17/2022","20.69","21.67","21.74","20.67","1.21M","-5.78%"
"02/16/2022","21.96","21.59","22.21","21.42","1.17M","1.29%"
"02/15/2022","21.68","21.25","21.70","21.09","1.35M","4.13%"
"02/14/2022","20.82","21.01","21.34","20.60","1.55M","-1.51%"
"02/11/2022","21.14","22.41","22.54","20.96","1.77M","-5.67%"
"02/10/2022","22.41","22.43","23.08","22.30","1.35M","-1.80%"
"02/09/2022","22.82","22.87","23.10","22.46","1.58M","1.33%"
"02/08/2022","22.52","21.68","22.60","21.68","3.95M","4.16%"
"02/07/2022","21.62","21.37","22.09","21.32","3.59M","1.36%"
"02/04/2022","21.33","20.93","21.47","20.70","2.65M","1.91%"
"02/03/2022","20.93","20.90","21.41","20.85","4.57M","-1.88%"
"02/02/2022","21.33","21.24","21.58","21.11","2.41M","1.04%"
"02/01/2022","21.11","21.05","21.28","20.48","2.72M","1.20%"
"01/31/2022","20.86","20.06","20.93","20.05","2.58M","4.04%"
"01/28/2022","20.05","19.64","20.06","19.11","2.05M","1.98%"
"01/27/2022","19.66","20.87","21.10","19.57","3.07M","-4.70%"
"01/26/2022","20.63","21.44","21.61","20.48","2.27M","-2.73%"
"01/25/2022","21.21","21.61","21.74","20.70","1.64M","-3.24%"
"01/24/2022","21.92","21.02","22.00","20.54","2.57M","2.72%"
"01/21/2022","21.34","21.97","22.09","21.32","2.04M","-2.91%"
"01/20/2022","21.98","22.39","23.06","21.96","1.78M","-1.83%"
"01/19/2022","22.39","22.85","23.13","22.32","3.16M","-1.50%"
"01/18/2022","22.73","22.89","23.16","22.46","2.09M","-2.40%"
"01/14/2022","23.29","23.62","23.77","22.87","1.81M","-2.02%"
"01/13/2022","23.77","24.07","24.19","23.72","2.51M","-0.59%"
"01/12/2022","23.91","24.17","24.29","23.40","2.18M","-0.25%"
"01/11/2022","23.97","23.50","23.98","23.35","2.30M","1.83%"
"01/10/2022","23.54","22.50","23.55","22.34","2.86M","4.39%"
"01/07/2022","22.55","23.48","23.77","22.53","4.07M","-3.63%"
"01/06/2022","23.40","22.80","23.50","22.41","2.42M","2.45%"
"01/05/2022","22.84","23.83","23.90","22.73","3.89M","-4.52%"
"01/04/2022","23.92","24.26","24.37","23.55","2.51M","-1.89%"
"01/03/2022","24.38","25.17","25.17","24.02","4.28M","-2.36%"
"12/31/2021","24.97","25.09","25.24","24.92","1.35M","-0.83%"
"12/30/2021","25.18","25.00","25.35","25.00","2.28M","0.72%"
"12/29/2021","25.00","24.70","25.12","24.58","1.11M","1.21%"
"12/28/2021","24.70","24.94","24.98","24.42","1.28M","-1.12%"
"12/27/2021","24.98","24.90","25.06","24.55","1.40M","0.48%"
"12/23/2021","24.86","24.14","24.94","23.98","1.21M","3.67%"
"12/22/2021","23.98","24.16","24.27","23.70","1.62M","-0.87%"
"12/21/2021","24.19","24.00","24.28","23.75","1.10M","1.68%"
"12/20/2021","23.79","23.52","23.83","23.33","2.40M","-0.67%"
"12/17/2021","23.95","23.82","24.35","23.15","3.75M","-0.29%"
"12/16/2021","24.02","25.29","25.51","23.85","1.91M","-4.00%"
"12/15/2021","25.02","24.40","25.11","24.28","1.50M","2.79%"
"12/14/2021","24.34","24.80","24.90","23.82","3.49M","-4.36%"
"12/13/2021","25.45","25.70","25.96","25.40","1.56M","-1.28%"
"12/10/2021","25.78","26.05","26.24","25.44","1.41M","-0.81%"
"12/09/2021","25.99","26.58","26.76","25.90","2.27M","-2.88%"
"12/08/2021","26.76","26.72","27.04","26.47","1.65M","0.75%"
"12/07/2021","26.56","26.29","26.90","26.15","3.74M","2.83%"
"12/06/2021","25.83","25.49","25.88","24.66","2.58M","1.25%"
"12/03/2021","25.51","25.77","26.03","25.23","1.48M","-0.51%"
"12/02/2021","25.64","24.90","25.64","24.77","3.10M","3.81%"
"12/01/2021","24.70","25.92","26.19","24.64","3.42M","-3.67%"
"11/30/2021","25.64","25.83","25.99","25.21","2.97M","-1.35%"
"11/29/2021","25.99","26.18","26.26","25.57","1.39M","0.81%"
"11/26/2021","25.78","25.83","26.10","25.49","1.46M","-1.75%"
"11/24/2021","26.24","26.23","26.28","25.48","1.78M","2.42%"
"11/23/2021","25.62","26.36","26.52","25.14","5.58M","-3.65%"
"11/22/2021","26.59","27.21","27.33","26.30","2.55M","-1.45%"
"11/19/2021","26.98","26.55","27.23","26.41","2.20M","1.47%"
"11/18/2021","26.59","26.80","26.84","26.28","5.43M","-0.64%"
"11/17/2021","26.76","26.83","26.92","26.61","908.37K","-0.30%"
"11/16/2021","26.84","26.81","27.11","26.75","2.37M","-0.30%"
"11/15/2021","26.92","27.05","27.28","26.78","2.42M","0.79%"
"11/12/2021","26.71","26.71","26.84","26.37","2.11M","0.04%"
"11/11/2021","26.70","26.79","27.11","26.58","1.65M","0.15%"
"11/10/2021","26.66","26.93","27.34","26.46","1.58M","-1.15%"
"11/09/2021","26.97","27.52","27.55","26.80","1.64M","-2.07%"
"11/08/2021","27.54","27.77","27.97","27.46","3.97M","-0.33%"
"11/05/2021","27.63","27.08","27.67","26.93","5.86M","2.52%"
"11/04/2021","26.95","25.95","27.25","25.85","4.07M","4.42%"
"11/03/2021","25.81","25.17","25.95","24.84","7.52M","2.62%"
"11/02/2021","25.15","24.91","25.39","24.68","13.37M","-3.45%"
"11/01/2021","26.05","25.82","26.15","25.32","5.27M","1.44%"
"10/29/2021","25.68","25.49","25.78","25.32","2.09M","-0.08%"
"10/28/2021","25.70","25.05","26.23","24.54","3.87M","4.09%"
"10/27/2021","24.69","24.36","25.19","23.98","4.85M","2.66%"
"10/26/2021","24.05","24.42","24.49","24.03","1.88M","-0.66%"
"10/25/2021","24.21","24.03","24.35","23.83","1.75M","0.58%"
"10/22/2021","24.07","23.93","24.29","23.80","2.42M","1.13%"
"10/21/2021","23.80","23.35","23.82","23.28","1.47M","1.41%"
"10/20/2021","23.47","23.60","23.60","23.19","1.22M","0.38%"
"10/19/2021","23.38","23.37","23.67","23.18","1.70M","0.69%"
"10/18/2021","23.22","22.82","23.45","22.81","2.79M","1.31%"
"10/15/2021","22.92","23.08","23.40","22.78","1.93M","0.26%"
"10/14/2021","22.86","22.04","22.99","22.00","3.53M","4.57%"
"10/13/2021","21.86","21.80","21.98","21.33","4.91M","0.69%"
"10/12/2021","21.71","22.28","22.49","21.57","3.38M","-2.51%"
"10/11/2021","22.27","22.32","22.46","22.07","2.80M","-0.71%"
"10/08/2021","22.43","23.20","23.20","22.41","2.34M","-2.98%"
"10/07/2021","23.12","23.09","23.45","23.02","1.66M","0.22%"
"10/06/2021","23.07","23.00","23.15","22.80","1.91M","-0.26%"
"10/05/2021","23.13","23.75","23.86","23.10","3.39M","-2.65%"
"10/04/2021","23.76","24.77","24.80","23.52","3.43M","-3.18%"
"10/01/2021","24.54","24.09","24.62","23.69","3.35M","1.87%"
"09/30/2021","24.09","24.32","24.56","24.07","4.07M","-0.78%"
"09/29/2021","24.28","23.76","24.47","23.70","3.02M","2.53%"
"09/28/2021","23.68","24.00","24.14","23.41","2.48M","-1.95%"
"09/27/2021","24.15","23.73","24.17","23.69","3.35M","1.34%"
"09/24/2021","23.83","24.00","24.07","23.74","2.13M","-1.16%"
"09/23/2021","24.11","24.09","24.50","24.00","3.52M","0.46%"
"09/22/2021","24.00","23.75","24.10","23.67","1.71M","1.31%"
"09/21/2021","23.69","24.00","24.03","23.57","2.08M","-0.71%"
"09/20/2021","23.86","23.32","23.86","23.09","2.99M","0.55%"
"09/17/2021","23.73","24.02","24.20","23.65","4.57M","-1.13%"
"09/16/2021","24.00","23.56","24.09","23.50","2.95M","1.91%"
"09/15/2021","23.55","23.57","23.74","23.41","3.11M","-0.38%"
"09/14/2021","23.64","24.02","24.07","23.49","3.14M","-1.38%"
"09/13/2021","23.97","24.00","24.49","23.65","4.86M","-2.28%"
"09/10/2021","24.53","25.17","25.29","24.50","3.81M","-2.15%"
"09/09/2021","25.07","25.68","25.92","24.83","5.10M","-3.54%"
"09/08/2021","25.99","26.70","27.01","25.71","5.22M","-7.31%"
"09/07/2021","28.04","28.18","28.29","27.98","1.03M","-0.53%"
"09/03/2021","28.19","28.52","28.72","28.11","730.34K","-1.40%"
"09/02/2021","28.59","28.51","28.80","28.44","961.13K","0.81%"
"09/01/2021","28.36","28.27","28.42","28.05","1.01M","0.67%"
"08/31/2021","28.17","28.55","28.72","28.10","889.91K","-1.33%"
"08/30/2021","28.55","28.37","28.76","28.32","1.12M","0.92%"
"08/27/2021","28.29","28.00","28.51","27.88","856.31K","1.40%"
"08/26/2021","27.90","27.74","27.93","27.65","1.09M","0.83%"
"08/25/2021","27.67","27.47","27.77","27.39","1.67M","0.55%"
"08/24/2021","27.52","27.39","27.71","27.37","1.25M","0.84%"
"08/23/2021","27.29","27.29","27.42","27.14","1.69M","0.78%"
"08/20/2021","27.08","26.55","27.14","26.55","1.58M","1.84%"
"08/19/2021","26.59","26.78","27.08","26.58","1.46M","-1.34%"
"08/18/2021","26.95","26.98","27.35","26.80","1.42M","-0.04%"
"08/17/2021","26.96","26.75","27.00","26.63","1.62M","0.15%"
"08/16/2021","26.92","27.21","27.25","26.84","1.59M","-0.85%"
"08/13/2021","27.15","27.43","27.47","27.01","1.03M","-1.13%"
"08/12/2021","27.46","27.07","27.54","26.92","2.76M","1.63%"
"08/11/2021","27.02","26.97","27.14","26.35","3.03M","-0.04%"
"08/10/2021","27.03","27.54","27.67","26.96","2.21M","-1.78%"
"08/09/2021","27.52","27.21","27.56","27.02","2.36M","0.95%"
"08/06/2021","27.26","27.40","27.66","27.19","2.17M","-0.33%"
"08/05/2021","27.35","27.52","27.62","27.14","2.57M","-0.98%"
"08/04/2021","27.62","27.96","28.24","27.57","1.63M","-1.36%"
"08/03/2021","28.00","27.85","28.26","27.60","2.92M","0.97%"
"08/02/2021","27.73","28.08","28.17","27.68","2.36M","-1.11%"
"07/30/2021","28.04","28.19","28.34","28.01","2.07M","-0.32%"
"07/29/2021","28.13","27.94","28.45","27.77","2.57M","1.88%"
"07/28/2021","27.61","27.32","27.78","26.43","2.80M","-0.22%"
"07/27/2021","27.67","27.50","27.70","27.23","2.19M","0.58%"
"07/26/2021","27.51","27.79","27.94","27.46","1.18M","-0.83%"
"07/23/2021","27.74","27.32","27.81","27.32","970.40K","1.09%"
"07/22/2021","27.44","27.71","27.75","27.21","1.82M","-0.80%"
"07/21/2021","27.66","27.15","27.73","27.15","2.59M","1.84%"
"07/20/2021","27.16","26.70","27.38","26.70","2.20M","1.99%"
"07/19/2021","26.63","26.19","26.63","26.04","2.18M","0.26%"
"07/16/2021","26.56","26.76","26.84","26.48","1.85M","0.26%"
"07/15/2021","26.49","26.54","26.92","26.33","2.48M","-0.64%"
"07/14/2021","26.66","27.42","27.53","26.44","2.08M","-2.17%"
"07/13/2021","27.25","27.40","27.64","27.22","1.24M","-0.66%"
"07/12/2021","27.43","27.33","27.58","27.23","1.31M","0.15%"
"07/09/2021","27.39","27.31","27.43","27.00","1.18M","0.74%"
"07/08/2021","27.19","26.60","27.41","26.16","2.06M","0.59%"
"07/07/2021","27.03","27.64","27.81","26.83","2.03M","-2.10%"
"07/06/2021","27.61","27.06","27.64","26.87","1.76M","2.45%"
"07/02/2021","26.95","27.54","27.57","26.87","1.86M","-1.86%"
"07/01/2021","27.46","27.27","27.78","27.10","2.93M","0.59%"
"06/30/2021","27.30","27.31","27.57","27.21","2.66M","0.44%"
"06/29/2021","27.18","27.11","27.49","27.06","1.58M","0.37%"
"06/28/2021","27.08","27.12","27.16","26.74","1.55M","-0.26%"
"06/25/2021","27.15","27.27","27.58","27.05","3.84M","-0.22%"
"06/24/2021","27.21","27.10","27.43","26.95","1.84M","0.85%"
"06/23/2021","26.98","26.90","27.13","26.81","1.31M","0.41%"
"06/22/2021","26.87","26.65","26.91","26.43","1.58M","0.86%"
"06/21/2021","26.64","26.17","26.65","26.06","1.85M","1.99%"
"06/18/2021","26.12","26.01","26.44","25.93","2.46M","-1.25%"
"06/17/2021","26.45","26.46","26.83","26.10","3.59M","-0.38%"
"06/16/2021","26.55","25.99","26.60","25.99","4.27M","2.47%"
"06/15/2021","25.91","25.92","25.98","25.69","1.97M","0.08%"
"06/14/2021","25.89","26.26","26.37","25.84","2.16M","-1.22%"
"06/11/2021","26.21","26.01","26.22","25.89","1.26M","1.16%"
"06/10/2021","25.91","26.26","26.55","25.90","2.40M","-1.33%"
"06/09/2021","26.26","26.10","26.52","25.83","4.19M","0.96%"
"06/08/2021","26.01","25.71","26.19","25.42","2.68M","1.40%"
"06/07/2021","25.65","25.51","25.70","25.33","3.27M","1.18%"
"06/04/2021","25.35","25.31","25.50","25.00","2.48M","0.80%"
"06/03/2021","25.15","24.94","25.29","24.63","2.16M","0.40%"
"06/02/2021","25.05","24.92","25.05","24.67","2.92M","0.52%"
"06/01/2021","24.92","24.98","25.06","24.69","2.16M","0.40%"
"05/28/2021","24.82","24.70","24.95","24.63","2.41M","0.81%"
"05/27/2021","24.62","24.41","24.71","24.24","2.59M","0.82%"
"05/26/2021","24.42","24.47","24.67","24.10","2.44M","0.62%"
"05/25/2021","24.27","24.32","24.58","24.05","3.42M","-0.25%"
"05/24/2021","24.33","23.85","24.47","23.68","2.52M","2.88%"
"05/21/2021","23.65","23.89","24.01","23.63","2.35M","0.00%"
"05/20/2021","23.65","23.61","23.88","23.45","2.18M","0.81%"
"05/19/2021","23.46","23.01","23.47","22.63","2.36M","1.16%"
"05/18/2021","23.19","23.13","23.64","23.05","1.83M","0.26%"
"05/17/2021","23.13","23.22","23.29","22.95","2.58M","-0.77%"
"05/14/2021","23.31","22.33","23.37","22.22","2.02M","4.95%"
"05/13/2021","22.21","21.90","22.45","21.86","1.97M","2.07%"
"05/12/2021","21.76","22.18","22.54","21.73","2.72M","-2.68%"
"05/11/2021","22.36","22.32","22.64","22.20","1.98M","-1.50%"
"05/10/2021","22.70","23.01","23.09","22.58","1.81M","-1.35%"
"05/07/2021","23.01","22.88","23.14","22.73","2.92M","0.66%"
"05/06/2021","22.86","22.87","23.09","22.39","3.00M","-0.13%"
"05/05/2021","22.89","22.66","22.92","22.47","2.81M","1.28%"
"05/04/2021","22.60","22.53","22.72","22.29","3.27M","-0.96%"
"05/03/2021","22.82","22.93","23.02","22.50","2.85M","0.53%"
"04/30/2021","22.70","23.03","23.18","22.63","2.83M","-2.37%"
"04/29/2021","23.25","23.26","23.48","22.89","3.68M","1.13%"
"04/28/2021","22.99","23.16","23.16","22.41","6.05M","-0.39%"
"04/27/2021","23.08","22.40","23.26","22.21","4.71M","3.04%"
"04/26/2021","22.40","21.79","22.47","21.79","4.20M","2.89%"
"04/23/2021","21.77","22.13","22.21","21.75","2.43M","-0.91%"
"04/22/2021","21.97","22.03","22.06","21.68","2.97M","0.78%"
"04/21/2021","21.80","21.69","21.92","21.53","2.33M","0.09%"
"04/20/2021","21.78","22.25","22.34","21.33","4.78M","-2.11%"
"04/19/2021","22.25","22.32","22.49","22.11","3.58M","-0.98%"
"04/16/2021","22.47","22.56","22.73","22.28","3.93M","0.31%"
"04/15/2021","22.40","22.35","22.55","22.22","6.11M","1.17%"
"04/14/2021","22.14","22.00","22.31","21.97","4.17M","0.82%"
"04/13/2021","21.96","21.66","21.97","21.50","3.22M","1.67%"
"04/12/2021","21.60","21.33","21.70","21.31","1.82M","0.79%"
"04/09/2021","21.43","21.37","21.52","21.23","1.86M","-0.28%"
"04/08/2021","21.49","22.01","22.11","21.17","2.85M","1.51%"
"04/07/2021","21.17","21.53","21.67","21.08","2.48M","-1.72%"
"04/06/2021","21.54","20.95","21.61","20.76","3.59M","2.72%"
"04/05/2021","20.97","21.25","21.35","20.80","2.57M","-0.19%"
"04/01/2021","21.01","20.19","21.02","20.02","4.11M","5.05%"
"03/31/2021","20.00","19.95","20.27","19.72","3.59M","1.11%"
"03/30/2021","19.78","19.29","19.90","18.91","7.04M","2.59%"
"03/29/2021","19.28","19.47","19.65","19.08","4.39M","-1.08%"
"03/26/2021","19.49","19.50","19.83","19.27","6.85M","0.41%"
"03/25/2021","19.41","19.00","19.48","18.53","5.12M","1.09%"
"03/24/2021","19.20","19.55","19.83","19.14","2.98M","-1.74%"
"03/23/2021","19.54","20.36","20.54","19.48","3.83M","-4.03%"
"03/22/2021","20.36","20.36","20.57","19.96","3.27M","-0.44%"
"03/19/2021","20.45","20.15","20.69","19.99","4.65M","1.04%"
"03/18/2021","20.24","20.59","20.79","20.21","3.09M","-2.27%"
"03/17/2021","20.71","20.07","20.79","20.07","3.05M","1.42%"
"03/16/2021","20.42","21.07","21.26","20.23","3.14M","-3.27%"
"03/15/2021","21.11","21.23","21.30","20.89","3.33M","0.19%"
"03/12/2021","21.07","21.00","21.41","20.90","2.40M","-0.47%"
"03/11/2021","21.17","21.00","21.53","20.90","5.27M","2.62%"
"03/10/2021","20.63","20.41","20.78","20.18","3.88M","2.08%"
"03/09/2021","20.21","20.13","20.38","19.83","4.13M","2.80%"
"03/08/2021","19.66","20.10","20.49","19.50","4.65M","-1.95%"
"03/05/2021","20.05","20.26","20.47","18.96","7.87M","0.05%"
"03/04/2021","20.04","20.77","21.16","19.21","8.67M","-4.11%"
"03/03/2021","20.90","21.08","21.39","20.72","4.46M","-0.24%"
"03/02/2021","20.95","21.30","21.60","20.81","4.74M","-1.74%"
"03/01/2021","21.32","21.00","21.54","20.72","9.55M","1.86%"
"02/26/2021","20.93","20.49","21.07","20.22","4.10M","2.95%"
"02/25/2021","20.33","21.40","21.40","19.95","7.09M","-2.26%"
"02/24/2021","20.80","20.00","21.37","19.47","9.62M","-4.15%"
"02/23/2021","21.70","20.53","21.73","19.90","5.86M","1.73%"
"02/22/2021","21.33","21.50","21.79","21.26","2.84M","-1.39%"
"02/19/2021","21.63","21.21","21.81","21.13","3.68M","2.85%"
"02/18/2021","21.03","20.94","21.23","20.68","2.74M","-0.57%"
"02/17/2021","21.15","21.10","21.27","20.69","2.54M","-0.70%"
"02/16/2021","21.30","21.60","21.70","21.11","3.16M","-0.65%"
"02/12/2021","21.44","21.03","21.63","21.03","2.94M","1.32%"
"02/11/2021","21.16","21.47","22.43","20.98","2.74M","-0.70%"
"02/10/2021","21.31","20.97","21.58","20.69","2.41M","1.96%"
"02/09/2021","20.90","21.28","21.40","20.87","1.61M","-1.92%"
"02/08/2021","21.31","21.06","21.31","20.98","3.15M","1.96%"
"02/05/2021","20.90","20.70","21.18","20.61","2.86M","1.65%"
"02/04/2021","20.56","20.18","20.58","20.02","2.04M","2.34%"
"02/03/2021","20.09","20.15","20.35","19.56","2.70M","-0.15%"
"02/02/2021","20.12","20.25","20.37","19.98","3.23M","-0.10%"
"02/01/2021","20.14","20.42","20.63","19.91","4.23M","0.10%"
"01/29/2021","20.12","20.01","20.47","19.64","4.96M","0.50%"
"01/28/2021","20.02","19.86","20.20","19.37","4.30M","1.68%"
"01/27/2021","19.69","20.32","20.32","19.58","7.54M","-4.93%"
"01/26/2021","20.71","20.46","20.96","20.46","4.83M","2.52%"
"01/25/2021","20.20","20.00","20.27","19.68","3.26M","0.95%"
"01/22/2021","20.01","20.53","20.68","19.85","3.34M","-2.91%"
"01/21/2021","20.61","20.89","21.07","20.13","6.65M","-0.87%"
"01/20/2021","20.79","21.15","21.49","20.62","11.00M","0.87%"
"01/19/2021","20.61","19.79","20.64","19.60","7.24M","5.64%"
"01/15/2021","19.51","18.63","19.56","18.63","4.46M","3.89%"
"01/14/2021","18.78","18.87","19.00","18.60","6.25M","0.48%"
"01/13/2021","18.69","18.39","18.70","18.14","5.57M","1.74%"
"01/12/2021","18.37","18.13","18.44","18.13","4.94M","1.60%"
"01/11/2021","18.08","17.97","18.36","17.94","3.52M","0.06%"
"01/08/2021","18.07","18.22","18.47","17.88","6.20M","-1.09%"
"01/07/2021","18.27","18.54","18.65","18.10","3.25M","0.11%"
"01/06/2021","18.25","18.17","18.42","17.93","4.89M","0.55%"
"01/05/2021","18.15","18.46","18.65","18.08","3.28M","-2.00%"
"01/04/2021","18.52","18.76","18.84","18.34","3.55M","-0.80%"
"12/31/2020","18.67","18.65","18.81","18.47","1.72M","0.43%"
"12/30/2020","18.59","18.50","18.81","18.44","1.94M","0.49%"
"12/29/2020","18.50","18.72","18.78","18.41","1.93M","-0.80%"
"12/28/2020","18.65","19.12","19.16","18.64","2.07M","-1.48%"
"12/24/2020","18.93","18.89","19.06","18.88","506.06K","-0.37%"
"12/23/2020","19.00","19.05","19.10","18.89","1.81M","0.21%"
"12/22/2020","18.96","19.11","19.17","18.67","2.29M","-0.26%"
"12/21/2020","19.01","18.95","19.20","18.88","2.36M","-0.94%"
"12/18/2020","19.19","19.37","19.59","18.98","4.47M","-0.47%"
"12/17/2020","19.28","18.86","19.47","18.72","4.42M","2.83%"
"12/16/2020","18.75","18.83","18.98","18.56","3.40M","-1.32%"
"12/15/2020","19.00","19.22","19.26","18.93","2.41M","-0.16%"
"12/14/2020","19.03","19.10","19.25","18.62","2.98M","0.26%"
"12/11/2020","18.98","19.00","19.41","18.95","3.15M","-0.26%"
"12/10/2020","19.03","18.66","19.15","18.66","3.21M","0.58%"
"12/09/2020","18.92","20.04","20.14","18.75","4.28M","-4.97%"
"12/08/2020","19.91","19.67","19.91","19.40","3.61M","2.68%"
"12/07/2020","19.39","19.79","19.79","19.20","2.42M","-1.82%"
"12/04/2020","19.75","19.40","19.75","19.24","1.93M","2.65%"
"12/03/2020","19.24","19.40","19.75","19.09","3.12M","-0.77%"
"12/02/2020","19.39","19.41","19.58","18.95","2.58M","0.00%"
"12/01/2020","19.39","18.77","19.41","18.56","6.34M","3.63%"
"11/30/2020","18.71","18.85","19.15","18.52","2.22M","-0.74%"
"11/27/2020","18.85","18.94","18.99","18.73","831.25K","0.11%"
"11/25/2020","18.83","18.54","18.91","18.29","1.77M","1.02%"
"11/24/2020","18.64","19.04","19.15","18.49","3.20M","-1.74%"
"11/23/2020","18.97","18.80","19.00","18.71","2.50M","1.88%"
"11/20/2020","18.62","18.42","18.72","18.40","2.09M","0.43%"
"11/19/2020","18.54","18.19","18.66","18.01","2.61M","2.43%"
"11/18/2020","18.10","18.45","18.67","18.09","4.94M","-1.68%"
"11/17/2020","18.41","18.17","18.63","18.11","3.46M","0.77%"
"11/16/2020","18.27","18.25","18.47","17.94","6.66M","1.56%"
"11/13/2020","17.99","17.97","18.20","17.65","16.42M","3.93%"
"11/12/2020","17.31","17.47","17.61","17.06","1.93M","-0.23%"
"11/11/2020","17.35","16.96","17.35","16.82","1.74M","3.15%"
"11/10/2020","16.82","16.90","17.00","16.65","3.00M","-0.47%"
"11/09/2020","16.90","17.87","17.98","16.85","3.97M","-0.35%"
"11/06/2020","16.96","17.32","17.45","16.88","2.64M","-1.85%"
"11/05/2020","17.28","17.93","18.10","17.21","2.09M","-0.40%"
"11/04/2020","17.35","17.65","18.65","17.24","3.92M","-1.42%"
"11/03/2020","17.60","17.62","17.91","17.27","2.45M","1.09%"
"11/02/2020","17.41","17.89","18.13","17.29","3.68M","-1.36%"
"10/30/2020","17.65","17.84","18.01","17.32","2.10M","-1.62%"
"10/29/2020","17.94","17.74","18.00","17.51","1.51M","1.93%"
"10/28/2020","17.60","17.54","17.90","17.50","1.65M","-1.79%"
"10/27/2020","17.92","18.15","18.28","17.71","2.15M","-1.38%"
"10/26/2020","18.17","18.62","18.65","18.04","3.69M","-3.56%"
"10/23/2020","18.84","19.00","19.18","18.45","2.24M","-1.10%"
"10/22/2020","19.05","18.63","19.08","18.60","2.90M","2.58%"
"10/21/2020","18.57","18.63","18.88","18.48","2.03M","0.32%"
"10/20/2020","18.51","18.36","18.84","18.34","1.92M","1.04%"
"10/19/2020","18.32","18.86","18.93","18.21","3.17M","-0.11%"
"10/16/2020","18.34","18.50","18.59","18.30","3.38M","0.05%"
"10/15/2020","18.33","18.02","18.50","17.90","2.10M","0.11%"
"10/14/2020","18.31","18.43","18.64","18.20","2.60M","2.12%"
"10/13/2020","17.93","17.82","18.09","17.76","1.52M","-0.28%"
"10/12/2020","17.98","18.17","18.25","17.83","1.56M","-0.33%"
"10/09/2020","18.04","18.24","18.37","17.94","1.04M","-0.55%"
"10/08/2020","18.14","18.24","18.40","18.00","1.66M","0.22%"
"10/07/2020","18.10","18.01","18.23","17.80","2.52M","1.46%"
"10/06/2020","17.84","17.88","18.20","17.68","2.46M","0.22%"
"10/05/2020","17.80","17.84","18.10","17.60","4.08M","1.19%"
"10/02/2020","17.59","17.26","18.04","17.24","2.07M","-1.73%"
"10/01/2020","17.90","17.58","17.90","17.32","3.28M","3.35%"
"09/30/2020","17.32","17.08","17.53","17.03","2.14M","1.11%"
"09/29/2020","17.13","17.00","17.21","16.84","2.27M","0.94%"
"09/28/2020","16.97","17.11","17.21","16.76","1.92M","0.89%"
"09/25/2020","16.82","16.74","16.90","16.45","1.29M","1.08%"
"09/24/2020","16.64","16.63","16.82","16.29","1.48M","-0.54%"
"09/23/2020","16.73","16.97","17.03","16.45","2.04M","-1.41%"
"09/22/2020","16.97","17.08","17.19","16.68","1.67M","0.12%"
"09/21/2020","16.95","17.23","17.28","16.75","3.09M","-3.75%"
"09/18/2020","17.61","17.52","17.77","17.39","11.18M","1.21%"
"09/17/2020","17.40","17.38","17.83","17.19","2.59M","-1.02%"
"09/16/2020","17.58","17.70","17.94","17.57","2.34M","-0.45%"
"09/15/2020","17.66","18.00","18.00","17.51","2.28M","0.68%"
"09/14/2020","17.54","17.20","17.59","17.14","2.52M","3.48%"
"09/11/2020","16.95","17.01","17.21","16.73","1.45M","0.24%"
"09/10/2020","16.91","17.09","17.46","16.80","2.90M","0.36%"
"09/09/2020","16.85","16.43","16.99","16.43","2.32M","3.06%"
"09/08/2020","16.35","16.21","16.67","15.89","2.79M","1.55%"
"09/04/2020","16.10","16.00","16.35","15.50","2.20M","0.88%"
"09/03/2020","15.96","16.51","16.59","15.77","2.27M","-4.09%"
"09/02/2020","16.64","16.50","16.68","16.23","1.70M","1.22%"
"09/01/2020","16.44","16.23","16.69","16.06","1.39M","1.29%"
"08/31/2020","16.23","16.56","16.69","16.01","1.80M","-1.64%"
"08/28/2020","16.50","16.91","17.06","16.45","1.17M","-1.49%"
"08/27/2020","16.75","16.78","16.97","16.42","1.99M","0.06%"
"08/26/2020","16.74","16.87","17.05","16.57","1.93M","-1.06%"
"08/25/2020","16.92","16.53","17.04","16.53","2.55M","2.55%"
"08/24/2020","16.50","16.01","16.55","16.01","3.71M","3.71%"
"08/21/2020","15.91","16.08","16.18","15.90","4.48M","-1.79%"
"08/20/2020","16.20","15.63","16.37","15.45","3.07M","3.32%"
"08/19/2020","15.68","15.50","15.80","15.42","3.10M","1.16%"
"08/18/2020","15.50","15.75","15.93","15.50","3.63M","-1.59%"
"08/17/2020","15.75","16.32","16.42","15.75","4.36M","-3.37%"
"08/14/2020","16.30","16.69","16.80","16.29","2.87M","-2.16%"
"08/13/2020","16.66","16.43","16.71","16.10","12.45M","5.71%"
"08/12/2020","15.76","16.03","16.50","15.63","4.88M","-6.02%"
"08/11/2020","16.77","17.08","17.11","16.69","2.34M","-0.65%"
"08/10/2020","16.88","16.64","17.13","16.64","2.35M","2.37%"
"08/07/2020","16.49","16.43","16.77","16.38","1.75M","0.43%"
"08/06/2020","16.42","16.95","16.99","16.10","3.01M","-2.78%"
"08/05/2020","16.89","16.71","17.23","16.43","4.65M","11.12%"
"08/04/2020","15.20","15.24","15.55","14.83","2.26M","1.27%"
"08/03/2020","15.01","14.66","15.10","14.65","3.19M","3.52%"
"07/31/2020","14.50","14.30","14.57","14.07","1.46M","1.75%"
"07/30/2020","14.25","13.78","14.29","13.70","1.26M","1.79%"
"07/29/2020","14.00","13.61","14.02","13.61","1.14M","3.32%"
"07/28/2020","13.55","13.54","13.73","13.51","1.18M","-0.81%"
"07/27/2020","13.66","13.56","13.69","13.45","947.92K","0.59%"
"07/24/2020","13.58","13.50","13.58","13.21","1.55M","0.15%"
"07/23/2020","13.56","13.74","13.89","13.51","2.12M","-1.45%"
"07/22/2020","13.76","13.85","13.85","13.54","2.37M","-0.86%"
"07/21/2020","13.88","14.02","14.12","13.84","1.52M","-0.79%"
"07/20/2020","13.99","14.41","14.57","13.94","1.47M","-1.76%"
"07/17/2020","14.24","13.94","14.33","13.91","2.68M","2.59%"
"07/16/2020","13.88","13.95","14.05","13.81","1.54M","-0.86%"
"07/15/2020","14.00","14.00","14.02","13.90","3.46M","1.08%"
"07/14/2020","13.85","13.45","13.89","13.45","1.69M","2.29%"
"07/13/2020","13.54","14.00","14.02","13.41","3.10M","-2.59%"
"07/10/2020","13.90","13.92","14.01","13.68","1.75M","0.14%"
"07/09/2020","13.88","13.82","14.00","13.47","2.18M","0.36%"
"07/08/2020","13.83","13.61","13.97","13.61","3.02M","1.54%"
"07/07/2020","13.62","13.93","13.93","13.51","2.17M","-2.51%"
"07/06/2020","13.97","14.29","14.35","13.88","1.59M","-0.71%"
"07/02/2020","14.07","14.17","14.17","13.91","2.01M","0.72%"
"07/01/2020","13.97","13.50","14.04","13.37","3.59M","3.02%"
"06/30/2020","13.56","13.14","13.64","12.79","3.39M","3.43%"
"06/29/2020","13.11","12.43","13.11","12.11","2.72M","6.85%"
"06/26/2020","12.27","13.01","13.16","12.09","16.06M","-5.47%"
"06/25/2020","12.98","13.09","13.27","12.68","2.94M","-1.59%"
"06/24/2020","13.19","13.46","13.63","13.04","2.23M","-2.87%"
"06/23/2020","13.58","13.70","14.00","13.44","7.22M","0.74%"
"06/22/2020","13.48","13.79","13.89","13.17","7.42M","-2.46%"
"06/19/2020","13.82","14.34","14.47","13.76","5.11M","-3.15%"
"06/18/2020","14.27","14.23","14.42","14.03","5.28M","0.78%"
"06/17/2020","14.16","14.41","14.55","13.96","4.40M","-2.28%"
"06/16/2020","14.49","14.63","14.82","14.33","2.56M","1.76%"
"06/15/2020","14.24","13.89","14.31","13.88","2.42M","-0.14%"
"06/12/2020","14.26","13.95","14.55","13.90","2.56M","5.32%"
"06/11/2020","13.54","13.69","14.01","13.44","2.48M","-4.78%"
"06/10/2020","14.22","14.25","14.53","14.08","2.27M","0.00%"
"06/09/2020","14.22","14.83","15.05","14.16","2.45M","-4.31%"
"06/08/2020","14.86","14.22","15.02","14.16","7.79M","6.14%"
"06/05/2020","14.00","13.82","14.41","13.70","2.64M","2.64%"
"06/04/2020","13.64","13.56","14.04","13.50","2.45M","-2.01%"
"06/03/2020","13.92","13.64","14.00","13.49","2.66M","3.34%"
"06/02/2020","13.47","13.33","13.64","13.13","2.44M","1.20%"
"06/01/2020","13.31","12.73","13.60","12.73","2.22M","4.56%"
"05/29/2020","12.73","12.46","12.80","12.15","3.24M","1.43%"
"05/28/2020","12.55","12.54","12.79","12.26","1.19M","0.80%"
"05/27/2020","12.45","12.60","12.65","12.31","3.82M","-0.32%"
"05/26/2020","12.49","12.47","12.58","12.21","3.57M","3.48%"
"05/22/2020","12.07","12.06","12.18","11.98","2.37M","0.42%"
"05/21/2020","12.02","12.21","12.30","11.78","2.64M","0.42%"
"05/20/2020","11.97","12.06","12.42","11.97","2.24M","1.87%"
"05/19/2020","11.75","11.69","12.18","11.65","1.45M","0.34%"
"05/18/2020","11.71","11.88","12.19","11.44","2.16M","2.27%"
"05/15/2020","11.45","11.58","11.61","11.32","1.59M","-1.21%"
"05/14/2020","11.59","11.09","11.64","10.75","1.93M","3.11%"
"05/13/2020","11.24","11.65","11.65","11.10","2.78M","-2.77%"
"05/12/2020","11.56","11.64","11.80","11.48","1.97M","0.17%"
"05/11/2020","11.54","11.23","11.80","11.06","2.56M","4.81%"
"05/08/2020","11.01","10.96","11.40","10.90","2.31M","1.29%"
"05/07/2020","10.87","11.03","11.36","10.79","2.72M","2.07%"
"05/06/2020","10.65","9.85","10.87","9.72","4.52M","2.40%"
"05/05/2020","10.40","10.13","10.50","10.10","2.76M","3.07%"
"05/04/2020","10.09","10.40","10.40","9.98","1.53M","-1.94%"
"05/01/2020","10.29","10.42","10.59","9.82","2.06M","-2.83%"
"04/30/2020","10.59","10.63","10.84","10.06","1.57M","-0.56%"
"04/29/2020","10.65","10.71","10.86","10.50","1.24M","1.91%"
"04/28/2020","10.45","10.50","10.81","10.10","1.19M","0.77%"
"04/27/2020","10.37","10.40","10.57","10.21","1.10M","1.07%"
"04/24/2020","10.26","10.23","10.47","10.04","753.70K","1.68%"
"04/23/2020","10.09","10.01","10.38","9.87","981.04K","0.90%"
"04/22/2020","10.00","10.12","10.35","9.84","1.88M","0.20%"
"04/21/2020","9.98","10.08","10.32","9.76","2.11M","-2.73%"
"04/20/2020","10.26","10.13","10.60","9.85","865.77K","-0.19%"
"04/17/2020","10.28","10.33","10.60","10.07","2.11M","2.80%"
"04/16/2020","10.00","9.77","10.15","9.67","1.55M","2.88%"
"04/15/2020","9.72","9.70","10.02","9.24","1.09M","-1.62%"
"04/14/2020","9.88","9.72","10.37","9.72","2.25M","2.38%"
"04/13/2020","9.65","8.97","9.76","8.95","2.20M","5.01%"
"04/09/2020","9.19","8.80","9.36","8.75","2.21M","8.12%"
"04/08/2020","8.50","8.23","8.73","8.19","1.55M","4.42%"
"04/07/2020","8.14","9.02","9.28","8.10","1.97M","-5.35%"
"04/06/2020","8.60","8.08","8.76","8.05","1.42M","8.86%"
"04/03/2020","7.90","8.10","8.17","7.66","1.48M","-2.83%"
"04/02/2020","8.13","8.06","8.41","7.92","1.34M","0.74%"
"04/01/2020","8.07","8.54","8.64","7.91","2.21M","-6.71%"
"03/31/2020","8.65","8.02","8.71","7.81","1.63M","6.27%"
"03/30/2020","8.14","8.19","8.34","7.99","1.33M","-0.97%"
"03/27/2020","8.22","8.29","8.48","7.74","2.58M","-7.43%"
"03/26/2020","8.88","8.65","8.98","8.58","2.39M","-0.45%"
"03/25/2020","8.92","7.70","9.15","7.31","1.86M","16.15%"
"03/24/2020","7.68","7.09","7.68","7.09","3.40M","13.61%"
"03/23/2020","6.76","7.00","7.00","6.03","3.54M","-8.15%"
"03/20/2020","7.36","6.66","7.40","6.65","3.38M","8.88%"
"03/19/2020","6.76","5.58","7.12","4.76","3.93M","21.36%"
"03/18/2020","5.57","6.70","6.76","5.00","5.09M","-23.17%"
"03/17/2020","7.25","7.80","7.80","6.50","2.92M","-6.21%"
"03/16/2020","7.73","7.89","7.89","6.70","5.70M","-13.15%"
"03/13/2020","8.90","9.20","9.67","8.05","5.00M","2.30%"
"03/12/2020","8.70","10.22","10.40","8.62","4.27M","-18.31%"
"03/11/2020","10.65","10.67","10.95","10.25","2.29M","-4.05%"
"03/10/2020","11.10","10.09","11.35","10.03","3.06M","11.56%"
"03/09/2020","9.95","8.50","10.90","8.50","3.63M","-0.50%"
"03/06/2020","10.00","10.31","10.34","9.59","3.31M","-4.67%"
"03/05/2020","10.49","11.12","11.12","10.47","3.42M","-6.67%"
"03/04/2020","11.24","11.35","11.63","11.07","3.36M","0.90%"
"03/03/2020","11.14","11.90","11.91","10.87","3.24M","-5.27%"
"03/02/2020","11.76","11.80","11.94","11.24","1.71M","-0.25%"
"02/28/2020","11.79","11.39","12.00","11.11","2.81M","-0.42%"
"02/27/2020","11.84","12.20","12.57","11.65","3.49M","-3.90%"
"02/26/2020","12.32","12.88","12.95","12.23","2.05M","-1.44%"
"02/25/2020","12.50","12.84","13.06","12.20","3.33M","-1.50%"
"02/24/2020","12.69","12.09","12.77","12.09","2.67M","-1.25%"
"02/21/2020","12.85","13.34","13.34","12.70","2.14M","-1.15%"
"02/20/2020","13.00","13.41","13.50","12.90","2.20M","-3.42%"
"02/19/2020","13.46","13.45","13.50","13.34","1.84M","0.90%"
"02/18/2020","13.34","13.00","13.50","13.00","3.37M","2.62%"
"02/14/2020","13.00","13.10","13.18","12.80","2.18M","2.60%"
"02/13/2020","12.67","12.66","12.91","12.45","1.86M","1.36%"
"02/12/2020","12.50","12.74","13.15","12.50","1.18M","-1.96%"
"02/11/2020","12.75","13.75","13.75","12.51","2.96M","-1.92%"
"02/10/2020","13.00","13.20","13.43","12.88","738.01K","0.93%"
"02/07/2020","12.88","13.15","13.20","12.70","475.74K","0.16%"
"02/06/2020","12.86","12.77","13.54","12.62","2.82M","0.55%"
"02/05/2020","12.79","12.70","12.83","12.48","1.14M","0.79%"
"02/04/2020","12.69","12.47","12.87","12.35","1.78M","2.50%"
"02/03/2020","12.38","12.40","12.51","12.31","1.20M","-0.16%"
"01/31/2020","12.40","12.47","12.50","12.28","2.14M","-0.72%"
"01/30/2020","12.49","12.74","12.85","12.45","1.21M","-1.11%"
"01/29/2020","12.63","12.50","12.95","12.40","2.26M","0.96%"
"01/28/2020","12.51","12.15","12.71","12.15","2.48M","2.88%"
"01/27/2020","12.16","11.83","12.28","11.77","4.48M","2.10%"
"01/24/2020","11.91","11.70","12.16","11.70","3.50M","1.79%"
"01/23/2020","11.70","11.55","11.75","11.41","2.97M","0.95%"
"01/22/2020","11.59","11.52","11.72","11.50","1.91M","0.78%"
"01/21/2020","11.50","11.59","11.69","11.47","1.93M","0.88%"
"01/17/2020","11.40","11.70","11.70","11.40","1.55M","-2.31%"
"01/16/2020","11.67","11.70","11.91","11.67","684.52K","-0.34%"
"01/15/2020","11.71","11.75","11.86","11.63","1.52M","0.09%"
"01/14/2020","11.70","11.74","11.83","11.65","564.75K","0.26%"
"01/13/2020","11.67","11.58","11.77","11.56","1.18M","0.00%"
"01/10/2020","11.67","11.83","11.88","11.52","3.93M","-0.68%"
"01/09/2020","11.75","11.50","11.83","11.48","3.35M","2.62%"
"01/08/2020","11.45","11.40","11.48","11.36","1.26M","0.35%"
"01/07/2020","11.41","11.25","11.50","11.25","1.31M","0.80%"
"01/06/2020","11.32","11.17","11.38","11.17","953.96K","0.71%"
"01/03/2020","11.24","11.19","11.27","11.13","646.33K","0.18%"
"01/02/2020","11.22","11.12","11.29","11.01","1.03M","1.72%"